{ "type": "FeatureCollection", "features": [{"type":"Feature","geometry":{"type":"MultiPolygon","coordinates":[[[[-87.67764050242083,41.78883260783114],[-87.67764173453418,41.788891617079486],[-87.67744553984738,41.78889324139325],[-87.67744429392793,41.788835604208806],[-87.67764050242083,41.78883260783114]]]]},"properties":{"no_stories":"0","suf_dir1":"","x_coord":"1163090.61633641","shape_area":"1137.5","year_built":"1909","cdb_city_i":"","stories":"1","y_coord":"1866335.68019494","unit_name":"","qc_date":"2003-06-16T07:00:00.000Z","edit_date":null,"non_standa":"","label_hous":"5747","st_name1":"HAMILTON","t_add1":"5747","z_coord":"0","qc_userid":"DS06284","qc_source":"PARCELS","orig_bldg_":"502175","footprint_":"AERIALS98","st_type1":"AVE","bldg_statu":"ACTIVE","condition_":"2003-03-01T08:00:00.000Z","bldg_name2":"","bldg_activ":"1998-04-01T08:00:00.000Z","edit_useri":"","bldg_sq_fo":"720.0","edit_sourc":"","f_add1":"5747","vacancy_st":"","bldg_creat":"1998-04-01T08:00:00.000Z","no_of_unit":"1","bldg_end_d":null,"bldg_id":"502175","create_use":"","demolished":null,"pre_dir1":"S","bldg_condi":"NEEDS MINOR REPAIR","bldg_name1":"","comments":"","shape_len":"149.54213359","harris_str":"02018116016000"}},{"type":"Feature","geometry":{"type":"MultiPolygon","coordinates":[[[[-87.67739039894981,41.78872689706989],[-87.6773914909616,41.788799626967354],[-87.67729614375541,41.78880045465772],[-87.67729503786225,41.78872909682482],[-87.67739039894981,41.78872689706989]]]]},"properties":{"no_stories":"0","suf_dir1":"","x_coord":"1163145.36660634","shape_area":"682.875","year_built":"0","cdb_city_i":"","stories":"0","y_coord":"1866300.20797272","unit_name":"REAR","qc_date":"2003-06-16T07:00:00.000Z","edit_date":null,"non_standa":"","label_hous":"5751","st_name1":"HAMILTON","t_add1":"5751","z_coord":"0","qc_userid":"DS06284","qc_source":"PARCELS","orig_bldg_":"502520","footprint_":"AERIALS98","st_type1":"AVE","bldg_statu":"ACTIVE","condition_":null,"bldg_name2":"","bldg_activ":"1998-04-01T08:00:00.000Z","edit_useri":"","bldg_sq_fo":"0.0","edit_sourc":"","f_add1":"5751","vacancy_st":"","bldg_creat":"1998-04-01T08:00:00.000Z","no_of_unit":"0","bldg_end_d":null,"bldg_id":"502520","create_use":"","demolished":null,"pre_dir1":"S","bldg_condi":"","bldg_name1":"","comments":"","shape_len":"104.53355472","harris_str":""}},{"type":"Feature","geometry":{"type":"MultiPolygon","coordinates":[[[[-87.6769267629661,41.788525287890714],[-87.67692796642868,41.788587041274376],[-87.67676110586632,41.78858883202738],[-87.6767599025639,41.78852707864313],[-87.6769267629661,41.788525287890714]]]]},"properties":{"no_stories":"0","suf_dir1":"","x_coord":"1163282.11367011","shape_area":"1024.25","year_built":"1911","cdb_city_i":"","stories":"1","y_coord":"1866225.74192334","unit_name":"","qc_date":"2003-06-16T07:00:00.000Z","edit_date":null,"non_standa":"","label_hous":"5758","st_name1":"HOYNE","t_add1":"5758","z_coord":"0","qc_userid":"DS06284","qc_source":"PARCELS","orig_bldg_":"503198","footprint_":"AERIALS98","st_type1":"AVE","bldg_statu":"ACTIVE","condition_":"2003-03-01T08:00:00.000Z","bldg_name2":"","bldg_activ":"1998-04-01T08:00:00.000Z","edit_useri":"","bldg_sq_fo":"1188.0","edit_sourc":"","f_add1":"5758","vacancy_st":"","bldg_creat":"1998-04-01T08:00:00.000Z","no_of_unit":"1","bldg_end_d":null,"bldg_id":"503198","create_use":"","demolished":null,"pre_dir1":"S","bldg_condi":"NEEDS MINOR REPAIR","bldg_name1":"","comments":"","shape_len":"136.033085108","harris_str":"02018116036000"}},{"type":"Feature","geometry":{"type":"MultiPolygon","coordinates":[[[[-87.6764156327204,41.7866905529036],[-87.67643090876196,41.78734926983281],[-87.67613935969953,41.78735309092311],[-87.67612225337197,41.786694363489225],[-87.6764156327204,41.7866905529036]]]]},"properties":{"no_stories":"0","suf_dir1":"","x_coord":"1163440.63293025","shape_area":"19152.5","year_built":"0","cdb_city_i":"","stories":"0","y_coord":"1865680.97957766","unit_name":"","qc_date":null,"edit_date":null,"non_standa":"","label_hous":"2050","st_name1":"59TH","t_add1":"2050","z_coord":"0","qc_userid":"","qc_source":"","orig_bldg_":"506816","footprint_":"AERIALS98","st_type1":"ST","bldg_statu":"ACTIVE","condition_":null,"bldg_name2":"","bldg_activ":"1998-04-01T08:00:00.000Z","edit_useri":"","bldg_sq_fo":"0.0","edit_sourc":"","f_add1":"2050","vacancy_st":"","bldg_creat":"1998-04-01T08:00:00.000Z","no_of_unit":"0","bldg_end_d":null,"bldg_id":"506816","create_use":"","demolished":null,"pre_dir1":"W","bldg_condi":"","bldg_name1":"","comments":"","shape_len":"639.713142332","harris_str":""}},{"type":"Feature","geometry":{"type":"MultiPolygon","coordinates":[[[[-87.6769442284109,41.78861046064978],[-87.67694561384641,41.78865437719257],[-87.67690344732982,41.7886541362584],[-87.67690327936,41.788670601033566],[-87.67674191856247,41.7886724231842],[-87.67674070127701,41.788612041865335],[-87.6769442284109,41.78861046064978]]]]},"properties":{"no_stories":"0","suf_dir1":"","x_coord":"1163282.05858317","shape_area":"1148.25","year_built":"1911","cdb_city_i":"","stories":"1","y_coord":"1866256.46105915","unit_name":"","qc_date":"2003-06-16T07:00:00.000Z","edit_date":null,"non_standa":"","label_hous":"5754","st_name1":"HOYNE","t_add1":"5754","z_coord":"0","qc_userid":"DS06284","qc_source":"PARCELS","orig_bldg_":"502943","footprint_":"AERIALS98","st_type1":"AVE","bldg_statu":"ACTIVE","condition_":"2003-03-01T08:00:00.000Z","bldg_name2":"","bldg_activ":"1998-04-01T08:00:00.000Z","edit_useri":"","bldg_sq_fo":"792.0","edit_sourc":"","f_add1":"5754","vacancy_st":"","bldg_creat":"1998-04-01T08:00:00.000Z","no_of_unit":"1","bldg_end_d":null,"bldg_id":"502943","create_use":"","demolished":null,"pre_dir1":"S","bldg_condi":"NEEDS MINOR REPAIR","bldg_name1":"","comments":"","shape_len":"155.033862126","harris_str":"02018116035000"}},{"type":"Feature","geometry":{"type":"MultiPolygon","coordinates":[[[[-87.67732665124683,41.788505617783],[-87.6773278690815,41.788565999100705],[-87.67723252222142,41.78856682674077],[-87.67723130447621,41.78850644542271],[-87.67732665124683,41.788505617783]]]]},"properties":{"no_stories":"0","suf_dir1":"","x_coord":"1163163.3643404","shape_area":"572.25","year_built":"0","cdb_city_i":"","stories":"0","y_coord":"1866217.18019494","unit_name":"","qc_date":null,"edit_date":null,"non_standa":"","label_hous":"0","st_name1":"","t_add1":"0","z_coord":"0","qc_userid":"","qc_source":"","orig_bldg_":"503277","footprint_":"AERIALS98","st_type1":"","bldg_statu":"ACTIVE","condition_":null,"bldg_name2":"","bldg_activ":"1998-04-01T08:00:00.000Z","edit_useri":"","bldg_sq_fo":"0.0","edit_sourc":"","f_add1":"0","vacancy_st":"","bldg_creat":"1998-04-01T08:00:00.000Z","no_of_unit":"0","bldg_end_d":null,"bldg_id":"503277","create_use":"","demolished":null,"pre_dir1":"","bldg_condi":"","bldg_name1":"","comments":"","shape_len":"96.0209766651","harris_str":""}},{"type":"Feature","geometry":{"type":"MultiPolygon","coordinates":[[[[-87.6764394879722,41.788843584467315],[-87.67644064894668,41.78890945404259],[-87.67625545420474,41.78891113922173],[-87.67625429341989,41.78884526964596],[-87.6764394879722,41.788843584467315]]]]},"properties":{"no_stories":"0","suf_dir1":"","x_coord":"1163416.61375585","shape_area":"1212.5","year_built":"1910","cdb_city_i":"","stories":"1","y_coord":"1866343.58451593","unit_name":"","qc_date":"2003-06-16T07:00:00.000Z","edit_date":null,"non_standa":"","label_hous":"5747","st_name1":"HOYNE","t_add1":"5747","z_coord":"0","qc_userid":"DS06284","qc_source":"PARCELS","orig_bldg_":"502082","footprint_":"AERIALS98","st_type1":"AVE","bldg_statu":"ACTIVE","condition_":"2003-03-01T08:00:00.000Z","bldg_name2":"","bldg_activ":"1998-04-01T08:00:00.000Z","edit_useri":"","bldg_sq_fo":"792.0","edit_sourc":"","f_add1":"5747","vacancy_st":"","bldg_creat":"1998-04-01T08:00:00.000Z","no_of_unit":"1","bldg_end_d":null,"bldg_id":"502082","create_use":"","demolished":null,"pre_dir1":"S","bldg_condi":"NEEDS MINOR REPAIR","bldg_name1":"","comments":"","shape_len":"149.030215576","harris_str":"02018117019000"}},{"type":"Feature","geometry":{"type":"MultiPolygon","coordinates":[[[[-87.67694461961104,41.78911129564003],[-87.67694583709132,41.78917167695295],[-87.6767533082312,41.7891733210284],[-87.6767520909316,41.78911293971476],[-87.67694461961104,41.78911129564003]]]]},"properties":{"no_stories":"0","suf_dir1":"","x_coord":"1163279.11363894","shape_area":"1155.5","year_built":"1911","cdb_city_i":"","stories":"1","y_coord":"1866438.96105914","unit_name":"","qc_date":"2003-06-16T07:00:00.000Z","edit_date":null,"non_standa":"","label_hous":"5736","st_name1":"HOYNE","t_add1":"5736","z_coord":"0","qc_userid":"DS06284","qc_source":"PARCELS","orig_bldg_":"501099","footprint_":"AERIALS98","st_type1":"AVE","bldg_statu":"ACTIVE","condition_":"2003-03-01T08:00:00.000Z","bldg_name2":"","bldg_activ":"1998-04-01T08:00:00.000Z","edit_useri":"","bldg_sq_fo":"756.0","edit_sourc":"","f_add1":"5736","vacancy_st":"","bldg_creat":"1998-04-01T08:00:00.000Z","no_of_unit":"1","bldg_end_d":null,"bldg_id":"501099","create_use":"","demolished":null,"pre_dir1":"S","bldg_condi":"NEEDS MINOR REPAIR","bldg_name1":"","comments":"","shape_len":"149.030408061","harris_str":"02018116029000"}},{"type":"Feature","geometry":{"type":"MultiPolygon","coordinates":[[[[-87.67330751226817,41.78692246818306],[-87.67330895149263,41.786960896508326],[-87.67327960498312,41.78696210004459],[-87.67327816577617,41.786923671719066],[-87.67330751226817,41.78692246818306]]]]},"properties":{"no_stories":"0","suf_dir1":"","x_coord":"1164254.86393956","shape_area":"112.25","year_built":"0","cdb_city_i":"","stories":"0","y_coord":"1865644.18636778","unit_name":"","qc_date":null,"edit_date":null,"non_standa":"","label_hous":"0","st_name1":"","t_add1":"0","z_coord":"0","qc_userid":"","qc_source":"","orig_bldg_":"508167","footprint_":"AERIALS98","st_type1":"","bldg_statu":"ACTIVE","condition_":null,"bldg_name2":"","bldg_activ":"1998-04-01T08:00:00.000Z","edit_useri":"","bldg_sq_fo":"0.0","edit_sourc":"","f_add1":"0","vacancy_st":"","bldg_creat":"1998-04-01T08:00:00.000Z","no_of_unit":"0","bldg_end_d":null,"bldg_id":"508167","create_use":"","demolished":null,"pre_dir1":"","bldg_condi":"","bldg_name1":"","comments":"","shape_len":"44.0490709941","harris_str":""}},{"type":"Feature","geometry":{"type":"MultiPolygon","coordinates":[[[[-87.67339542110157,41.786752827246346],[-87.67339940121768,41.786901041759954],[-87.67331688974532,41.786901939886086],[-87.67331474309061,41.78675373590365],[-87.67339542110157,41.786752827246346]]]]},"properties":{"no_stories":"0","suf_dir1":"","x_coord":"1164237.9418737","shape_area":"1202.125","year_built":"1910","cdb_city_i":"","stories":"2","y_coord":"1865604.65550358","unit_name":"","qc_date":"2003-06-16T07:00:00.000Z","edit_date":null,"non_standa":"","label_hous":"1942","st_name1":"59TH","t_add1":"1942","z_coord":"0","qc_userid":"DS06284","qc_source":"PARCELS","orig_bldg_":"508389","footprint_":"AERIALS98","st_type1":"ST","bldg_statu":"ACTIVE","condition_":"2001-12-01T08:00:00.000Z","bldg_name2":"","bldg_activ":"1998-04-01T08:00:00.000Z","edit_useri":"","bldg_sq_fo":"819.0","edit_sourc":"","f_add1":"1942","vacancy_st":"","bldg_creat":"1998-04-01T08:00:00.000Z","no_of_unit":"1","bldg_end_d":null,"bldg_id":"508389","create_use":"","demolished":null,"pre_dir1":"W","bldg_condi":"NEEDS MAJOR REPAIR","bldg_name1":"","comments":"","shape_len":"152.541323736","harris_str":"02018224034000"}},{"type":"Feature","geometry":{"type":"MultiPolygon","coordinates":[[[[-87.67522651901614,41.78894778588688],[-87.67522770681596,41.789010911336206],[-87.67500216433821,41.78901373549337],[-87.67500099079787,41.788949237979345],[-87.67522651901614,41.78894778588688]]]]},"properties":{"no_stories":"0","suf_dir1":"","x_coord":"1163752.6105457","shape_area":"1430.5","year_built":"1922","cdb_city_i":"","stories":"2","y_coord":"1866383.80365173","unit_name":"","qc_date":"2003-06-16T07:00:00.000Z","edit_date":null,"non_standa":"","label_hous":"5743","st_name1":"SEELEY","t_add1":"5743","z_coord":"0","qc_userid":"DS06284","qc_source":"PARCELS","orig_bldg_":"501644","footprint_":"AERIALS98","st_type1":"AVE","bldg_statu":"ACTIVE","condition_":"2003-03-01T08:00:00.000Z","bldg_name2":"","bldg_activ":"1998-04-01T08:00:00.000Z","edit_useri":"","bldg_sq_fo":"1900.0","edit_sourc":"","f_add1":"5743","vacancy_st":"","bldg_creat":"1998-04-01T08:00:00.000Z","no_of_unit":"1","bldg_end_d":null,"bldg_id":"501644","create_use":"","demolished":null,"pre_dir1":"S","bldg_condi":"SOUND","bldg_name1":"","comments":"","shape_len":"169.537172195","harris_str":"02018118020000"}},{"type":"Feature","geometry":{"type":"MultiPolygon","coordinates":[[[[-87.67324527961836,41.78905716765526],[-87.67324673291263,41.789094223903675],[-87.67326874704376,41.78909297824822],[-87.67327031295355,41.789119057988344],[-87.67309795096187,41.789120811808104],[-87.67309675117235,41.789059058416484],[-87.67324527961836,41.78905716765526]]]]},"properties":{"no_stories":"0","suf_dir1":"","x_coord":"1164282.01588776","shape_area":"975.125","year_built":"1913","cdb_city_i":"","stories":"2","y_coord":"1866427.24192334","unit_name":"","qc_date":"2003-06-16T07:00:00.000Z","edit_date":null,"non_standa":"","label_hous":"5740","st_name1":"WINCHESTER","t_add1":"5740","z_coord":"0","qc_userid":"DS06284","qc_source":"PARCELS","orig_bldg_":"501204","footprint_":"AERIALS98","st_type1":"AVE","bldg_statu":"ACTIVE","condition_":"2001-12-01T08:00:00.000Z","bldg_name2":"","bldg_activ":"1998-04-01T08:00:00.000Z","edit_useri":"","bldg_sq_fo":"736.0","edit_sourc":"","f_add1":"5740","vacancy_st":"","bldg_creat":"1998-04-01T08:00:00.000Z","no_of_unit":"1","bldg_end_d":null,"bldg_id":"501204","create_use":"","demolished":null,"pre_dir1":"S","bldg_condi":"NEEDS MINOR REPAIR","bldg_name1":"","comments":"","shape_len":"139.071737933","harris_str":"02018216034000"}},{"type":"Feature","geometry":{"type":"MultiPolygon","coordinates":[[[[-87.67342789293656,41.785910516734255],[-87.67342738640752,41.785959911048806],[-87.67334854263977,41.78596083026779],[-87.67334720191003,41.78591279748639],[-87.67342789293656,41.785910516734255]]]]},"properties":{"no_stories":"0","suf_dir1":"","x_coord":"1164232.01173498","shape_area":"386.25","year_built":"0","cdb_city_i":"","stories":"0","y_coord":"1865277.43328136","unit_name":"","qc_date":null,"edit_date":null,"non_standa":"","label_hous":"0","st_name1":"","t_add1":"0","z_coord":"0","qc_userid":"","qc_source":"","orig_bldg_":"511146","footprint_":"AERIALS98","st_type1":"","bldg_statu":"ACTIVE","condition_":null,"bldg_name2":"","bldg_activ":"1998-04-01T08:00:00.000Z","edit_useri":"","bldg_sq_fo":"0.0","edit_sourc":"","f_add1":"0","vacancy_st":"","bldg_creat":"1998-04-01T08:00:00.000Z","no_of_unit":"0","bldg_end_d":null,"bldg_id":"511146","create_use":"","demolished":null,"pre_dir1":"","bldg_condi":"","bldg_name1":"","comments":"","shape_len":"79.0356701132","harris_str":""}},{"type":"Feature","geometry":{"type":"MultiPolygon","coordinates":[[[[-87.67347109290029,41.787955260751204],[-87.67347053008665,41.78801014330379],[-87.67339351711374,41.78801107306556],[-87.67339224668746,41.78795617998223],[-87.67347109290029,41.787955260751204]]]]},"properties":{"no_stories":"0","suf_dir1":"","x_coord":"1164214.25821315","shape_area":"425.125","year_built":"0","cdb_city_i":"","stories":"0","y_coord":"1866023.55673815","unit_name":"","qc_date":null,"edit_date":null,"non_standa":"","label_hous":"0","st_name1":"","t_add1":"0","z_coord":"0","qc_userid":"","qc_source":"","orig_bldg_":"504844","footprint_":"AERIALS98","st_type1":"","bldg_statu":"ACTIVE","condition_":null,"bldg_name2":"","bldg_activ":"1998-04-01T08:00:00.000Z","edit_useri":"","bldg_sq_fo":"0.0","edit_sourc":"","f_add1":"0","vacancy_st":"","bldg_creat":"1998-04-01T08:00:00.000Z","no_of_unit":"0","bldg_end_d":null,"bldg_id":"504844","create_use":"","demolished":null,"pre_dir1":"","bldg_condi":"","bldg_name1":"","comments":"","shape_len":"82.5180137289","harris_str":""}},{"type":"Feature","geometry":{"type":"MultiPolygon","coordinates":[[[[-87.67431429766489,41.78671830990465],[-87.67431971972424,41.78690495271988],[-87.67428120687566,41.78690610392893],[-87.67428141766354,41.78688552296445],[-87.67422640534693,41.786886579499054],[-87.67422262007776,41.78671915609949],[-87.67431429766489,41.78671830990465]]]]},"properties":{"no_stories":"0","suf_dir1":"","x_coord":"1163988.61309983","shape_area":"1607.625","year_built":"1914","cdb_city_i":"","stories":"2","y_coord":"1865598.01970111","unit_name":"","qc_date":"2003-06-16T07:00:00.000Z","edit_date":null,"non_standa":"","label_hous":"2000","st_name1":"59TH","t_add1":"2000","z_coord":"0","qc_userid":"DS06284","qc_source":"PARCELS","orig_bldg_":"508392","footprint_":"AERIALS98","st_type1":"ST","bldg_statu":"ACTIVE","condition_":"2003-03-01T08:00:00.000Z","bldg_name2":"","bldg_activ":"1998-04-01T08:00:00.000Z","edit_useri":"","bldg_sq_fo":"1200.0","edit_sourc":"","f_add1":"2000","vacancy_st":"","bldg_creat":"1998-04-01T08:00:00.000Z","no_of_unit":"1","bldg_end_d":null,"bldg_id":"508392","create_use":"","demolished":null,"pre_dir1":"W","bldg_condi":"NEEDS MINOR REPAIR","bldg_name1":"","comments":"","shape_len":"187.073073783","harris_str":"02018125019000"}},{"type":"Feature","geometry":{"type":"MultiPolygon","coordinates":[[[[-87.6749032758243,41.78774805145204],[-87.67490305118928,41.78777000448025],[-87.67485721866778,41.787769741784174],[-87.6748574292778,41.787749160820425],[-87.6749032758243,41.78774805145204]]]]},"properties":{"no_stories":"0","suf_dir1":"","x_coord":"1163819.89590605","shape_area":"96.875","year_built":"0","cdb_city_i":"","stories":"0","y_coord":"1865938.03513321","unit_name":"","qc_date":null,"edit_date":null,"non_standa":"","label_hous":"0","st_name1":"","t_add1":"0","z_coord":"0","qc_userid":"","qc_source":"","orig_bldg_":"505546","footprint_":"AERIALS98","st_type1":"","bldg_statu":"ACTIVE","condition_":null,"bldg_name2":"","bldg_activ":"1998-04-01T08:00:00.000Z","edit_useri":"","bldg_sq_fo":"0.0","edit_sourc":"","f_add1":"0","vacancy_st":"","bldg_creat":"1998-04-01T08:00:00.000Z","no_of_unit":"0","bldg_end_d":null,"bldg_id":"505546","create_use":"","demolished":null,"pre_dir1":"","bldg_condi":"","bldg_name1":"","comments":"","shape_len":"40.5099960032","harris_str":""}},{"type":"Feature","geometry":{"type":"MultiPolygon","coordinates":[[[[-87.67401632159901,41.78896005672131],[-87.67401742385623,41.78903141455673],[-87.67381021464892,41.78903434158998],[-87.67380727928708,41.78896297322907],[-87.67401632159901,41.78896005672131]]]]},"properties":{"no_stories":"0","suf_dir1":"","x_coord":"1164080.22915035","shape_area":"1476.625","year_built":"1916","cdb_city_i":"","stories":"1","y_coord":"1866392.48883691","unit_name":"","qc_date":"2003-06-16T07:00:00.000Z","edit_date":null,"non_standa":"","label_hous":"5743","st_name1":"DAMEN","t_add1":"5743","z_coord":"0","qc_userid":"DS06284","qc_source":"PARCELS","orig_bldg_":"501538","footprint_":"AERIALS98","st_type1":"AVE","bldg_statu":"ACTIVE","condition_":"2001-12-01T08:00:00.000Z","bldg_name2":"","bldg_activ":"1998-04-01T08:00:00.000Z","edit_useri":"","bldg_sq_fo":"979.0","edit_sourc":"","f_add1":"5743","vacancy_st":"","bldg_creat":"1998-04-01T08:00:00.000Z","no_of_unit":"1","bldg_end_d":null,"bldg_id":"501538","create_use":"","demolished":null,"pre_dir1":"S","bldg_condi":"NEEDS MINOR REPAIR","bldg_name1":"","comments":"","shape_len":"165.563672334","harris_str":"02018216015000"}},{"type":"Feature","geometry":{"type":"MultiPolygon","coordinates":[[[[-87.67366201925171,41.78775190770297],[-87.67366326177408,41.787809544914694],[-87.6735752492332,41.787810411635945],[-87.67357400678966,41.787752774423836],[-87.67366201925171,41.78775190770297]]]]},"properties":{"no_stories":"0","suf_dir1":"","x_coord":"1164163.86430699","shape_area":"504.25","year_built":"0","cdb_city_i":"","stories":"0","y_coord":"1865949.61846655","unit_name":"","qc_date":null,"edit_date":null,"non_standa":"","label_hous":"0","st_name1":"","t_add1":"0","z_coord":"0","qc_userid":"","qc_source":"","orig_bldg_":"505428","footprint_":"AERIALS98","st_type1":"","bldg_statu":"ACTIVE","condition_":null,"bldg_name2":"","bldg_activ":"1998-04-01T08:00:00.000Z","edit_useri":"","bldg_sq_fo":"0.0","edit_sourc":"","f_add1":"0","vacancy_st":"","bldg_creat":"1998-04-01T08:00:00.000Z","no_of_unit":"0","bldg_end_d":null,"bldg_id":"505428","create_use":"","demolished":null,"pre_dir1":"","bldg_condi":"","bldg_name1":"","comments":"","shape_len":"90.0223186118","harris_str":""}},{"type":"Feature","geometry":{"type":"MultiPolygon","coordinates":[[[[-87.67762369148656,41.788503197174755],[-87.67762493756412,41.78856083436168],[-87.677414077291,41.788562374914484],[-87.6774128174158,41.788506109791406],[-87.67762369148656,41.788503197174755]]]]},"properties":{"no_stories":"0","suf_dir1":"","x_coord":"1163098.11637178","shape_area":"1193.75","year_built":"1967","cdb_city_i":"","stories":"1","y_coord":"1866215.39933075","unit_name":"","qc_date":"2003-06-16T07:00:00.000Z","edit_date":null,"non_standa":"","label_hous":"5759","st_name1":"HAMILTON","t_add1":"5759","z_coord":"0","qc_userid":"DS06284","qc_source":"PARCELS","orig_bldg_":"503294","footprint_":"AERIALS98","st_type1":"AVE","bldg_statu":"ACTIVE","condition_":"2003-03-01T08:00:00.000Z","bldg_name2":"","bldg_activ":"1998-04-01T08:00:00.000Z","edit_useri":"","bldg_sq_fo":"988.0","edit_sourc":"","f_add1":"5759","vacancy_st":"","bldg_creat":"1998-04-01T08:00:00.000Z","no_of_unit":"1","bldg_end_d":null,"bldg_id":"503294","create_use":"","demolished":null,"pre_dir1":"S","bldg_condi":"NEEDS MINOR REPAIR","bldg_name1":"","comments":"","shape_len":"156.540305077","harris_str":"02018116021000"}},{"type":"Feature","geometry":{"type":"MultiPolygon","coordinates":[[[[-87.6739632875405,41.788231143604555],[-87.67396454439648,41.78828740874638],[-87.67375918496404,41.78828897416392],[-87.6737579142233,41.788234081084994],[-87.6739632875405,41.788231143604555]]]]},"properties":{"no_stories":"0","suf_dir1":"","x_coord":"1164096.3664091","shape_area":"1134.625","year_built":"1962","cdb_city_i":"","stories":"1","y_coord":"1866123.61846655","unit_name":"","qc_date":"2003-06-16T07:00:00.000Z","edit_date":null,"non_standa":"","label_hous":"5805","st_name1":"DAMEN","t_add1":"5805","z_coord":"0","qc_userid":"DS06284","qc_source":"PARCELS","orig_bldg_":"504020","footprint_":"AERIALS98","st_type1":"AVE","bldg_statu":"ACTIVE","condition_":"2001-12-01T08:00:00.000Z","bldg_name2":"","bldg_activ":"1998-04-01T08:00:00.000Z","edit_useri":"","bldg_sq_fo":"1056.0","edit_sourc":"","f_add1":"5805","vacancy_st":"","bldg_creat":"1998-04-01T08:00:00.000Z","no_of_unit":"1","bldg_end_d":null,"bldg_id":"504020","create_use":"","demolished":null,"pre_dir1":"S","bldg_condi":"SOUND","bldg_name1":"","comments":"","shape_len":"152.541359222","harris_str":"02018224002000"}},{"type":"Feature","geometry":{"type":"MultiPolygon","coordinates":[[[[-87.67396199151979,41.787820864918956],[-87.67396326243102,41.787875758000745],[-87.67375422364125,41.7878786744379],[-87.67375296697261,41.787822409291174],[-87.67396199151979,41.787820864918956]]]]},"properties":{"no_stories":"0","suf_dir1":"","x_coord":"1164098.35985422","shape_area":"1154.875","year_built":"1962","cdb_city_i":"","stories":"1","y_coord":"1865974.11846655","unit_name":"","qc_date":"2003-06-16T07:00:00.000Z","edit_date":null,"non_standa":"","label_hous":"5819","st_name1":"DAMEN","t_add1":"5819","z_coord":"0","qc_userid":"DS06284","qc_source":"PARCELS","orig_bldg_":"505233","footprint_":"AERIALS98","st_type1":"AVE","bldg_statu":"ACTIVE","condition_":"2001-12-01T08:00:00.000Z","bldg_name2":"","bldg_activ":"1998-04-01T08:00:00.000Z","edit_useri":"","bldg_sq_fo":"1056.0","edit_sourc":"","f_add1":"5819","vacancy_st":"","bldg_creat":"1998-04-01T08:00:00.000Z","no_of_unit":"1","bldg_end_d":null,"bldg_id":"505233","create_use":"","demolished":null,"pre_dir1":"S","bldg_condi":"SOUND","bldg_name1":"","comments":"","shape_len":"154.540850359","harris_str":"02018224039000"}},{"type":"Feature","geometry":{"type":"MultiPolygon","coordinates":[[[[-87.67473480620814,41.788982015877636],[-87.67473603565733,41.78904102513646],[-87.67465168810963,41.78904191369096],[-87.6746504587378,41.78898290443179],[-87.67473480620814,41.788982015877636]]]]},"properties":{"no_stories":"0","suf_dir1":"","x_coord":"1163867.36432408","shape_area":"494.75","year_built":"0","cdb_city_i":"","stories":"0","y_coord":"1866395.89933074","unit_name":"","qc_date":null,"edit_date":null,"non_standa":"","label_hous":"0","st_name1":"","t_add1":"0","z_coord":"0","qc_userid":"","qc_source":"","orig_bldg_":"501528","footprint_":"AERIALS98","st_type1":"","bldg_statu":"ACTIVE","condition_":null,"bldg_name2":"","bldg_activ":"1998-04-01T08:00:00.000Z","edit_useri":"","bldg_sq_fo":"0.0","edit_sourc":"","f_add1":"0","vacancy_st":"","bldg_creat":"1998-04-01T08:00:00.000Z","no_of_unit":"0","bldg_end_d":null,"bldg_id":"501528","create_use":"","demolished":null,"pre_dir1":"","bldg_condi":"","bldg_name1":"","comments":"","shape_len":"89.0224946165","harris_str":""}},{"type":"Feature","geometry":{"type":"MultiPolygon","coordinates":[[[[-87.674727942747,41.78875694483766],[-87.67472939689087,41.78879400107536],[-87.67465054965695,41.78879492116262],[-87.6746490955585,41.788757864924264],[-87.674727942747,41.78875694483766]]]]},"properties":{"no_stories":"0","suf_dir1":"","x_coord":"1163869.11389874","shape_area":"290.5","year_built":"0","cdb_city_i":"","stories":"0","y_coord":"1866309.40550359","unit_name":"","qc_date":null,"edit_date":null,"non_standa":"","label_hous":"0","st_name1":"","t_add1":"0","z_coord":"0","qc_userid":"","qc_source":"","orig_bldg_":"502477","footprint_":"AERIALS98","st_type1":"","bldg_statu":"ACTIVE","condition_":null,"bldg_name2":"","bldg_activ":"1998-04-01T08:00:00.000Z","edit_useri":"","bldg_sq_fo":"0.0","edit_sourc":"","f_add1":"0","vacancy_st":"","bldg_creat":"1998-04-01T08:00:00.000Z","no_of_unit":"0","bldg_end_d":null,"bldg_id":"502477","create_use":"","demolished":null,"pre_dir1":"","bldg_condi":"","bldg_name1":"","comments":"","shape_len":"70.0301385074","harris_str":""}},{"type":"Feature","geometry":{"type":"MultiPolygon","coordinates":[[[[-87.6745452281327,41.78905365253512],[-87.674574322725,41.78907714583216],[-87.6745757346432,41.789118318260705],[-87.67436667777746,41.78912260784662],[-87.67436551892543,41.789056738268094],[-87.6745452281327,41.78905365253512]]]]},"properties":{"no_stories":"0","suf_dir1":"","x_coord":"1163927.91525405","shape_area":"1324.5","year_built":"1922","cdb_city_i":"","stories":"1","y_coord":"1866424.36538012","unit_name":"","qc_date":"2003-06-16T07:00:00.000Z","edit_date":null,"non_standa":"","label_hous":"5738","st_name1":"DAMEN","t_add1":"5738","z_coord":"0","qc_userid":"DS06284","qc_source":"PARCELS","orig_bldg_":"501218","footprint_":"AERIALS98","st_type1":"AVE","bldg_statu":"ACTIVE","condition_":"2003-03-01T08:00:00.000Z","bldg_name2":"","bldg_activ":"1998-04-01T08:00:00.000Z","edit_useri":"","bldg_sq_fo":"1056.0","edit_sourc":"","f_add1":"5738","vacancy_st":"","bldg_creat":"1998-04-01T08:00:00.000Z","no_of_unit":"1","bldg_end_d":null,"bldg_id":"501218","create_use":"","demolished":null,"pre_dir1":"S","bldg_condi":"SOUND","bldg_name1":"","comments":"","shape_len":"156.744187052","harris_str":"02018118034000"}},{"type":"Feature","geometry":{"type":"MultiPolygon","coordinates":[[[[-87.67399131591625,41.787106145800436],[-87.67399248843454,41.78717064333788],[-87.67353773568668,41.78717763745884],[-87.67353656362422,41.787113139920116],[-87.67399131591625,41.787106145800436]]]]},"properties":{"no_stories":"0","suf_dir1":"","x_coord":"1164125.86044506","shape_area":"2915.75","year_built":"1921","cdb_city_i":"","stories":"1","y_coord":"1865716.70797273","unit_name":"","qc_date":"2005-01-20T08:00:00.000Z","edit_date":null,"non_standa":"","label_hous":"5843","st_name1":"DAMEN","t_add1":"5843","z_coord":"0","qc_userid":"DS01228","qc_source":"ASSESS2002","orig_bldg_":"507347","footprint_":"AERIALS98","st_type1":"AVE","bldg_statu":"ACTIVE","condition_":"2001-12-01T08:00:00.000Z","bldg_name2":"","bldg_activ":"1998-04-01T08:00:00.000Z","edit_useri":"","bldg_sq_fo":"2800.0","edit_sourc":"","f_add1":"5843","vacancy_st":"","bldg_creat":"1998-04-01T08:00:00.000Z","no_of_unit":"0","bldg_end_d":null,"bldg_id":"507347","create_use":"","demolished":null,"pre_dir1":"S","bldg_condi":"NEEDS MINOR REPAIR","bldg_name1":"","comments":"","shape_len":"295.109407748","harris_str":"02018224022000"}},{"type":"Feature","geometry":{"type":"MultiPolygon","coordinates":[[[[-87.67396215722572,41.788162529887046],[-87.67396340002018,41.78822016709342],[-87.67375619342467,41.78822309404847],[-87.67375495081582,41.788165456841206],[-87.67396215722572,41.788162529887046]]]]},"properties":{"no_stories":"0","suf_dir1":"","x_coord":"1164097.11283727","shape_area":"1187.25","year_built":"1962","cdb_city_i":"","stories":"1","y_coord":"1866099.18019493","unit_name":"","qc_date":"2003-06-16T07:00:00.000Z","edit_date":null,"non_standa":"","label_hous":"5807","st_name1":"DAMEN","t_add1":"5807","z_coord":"0","qc_userid":"DS06284","qc_source":"PARCELS","orig_bldg_":"504228","footprint_":"AERIALS98","st_type1":"AVE","bldg_statu":"ACTIVE","condition_":"2001-12-01T08:00:00.000Z","bldg_name2":"","bldg_activ":"1998-04-01T08:00:00.000Z","edit_useri":"","bldg_sq_fo":"1056.0","edit_sourc":"","f_add1":"5807","vacancy_st":"","bldg_creat":"1998-04-01T08:00:00.000Z","no_of_unit":"1","bldg_end_d":null,"bldg_id":"504228","create_use":"","demolished":null,"pre_dir1":"S","bldg_condi":"SOUND","bldg_name1":"","comments":"","shape_len":"155.051719069","harris_str":"02018224003000"}},{"type":"Feature","geometry":{"type":"MultiPolygon","coordinates":[[[[-87.67735273421098,41.78865641748209],[-87.67763624056332,41.78865639799738],[-87.67764224831808,41.78871131914348],[-87.67736091498308,41.78871299012033],[-87.67735273421098,41.78865641748209]]]]},"properties":{"no_stories":"0","suf_dir1":"","x_coord":"1163103.55756522","shape_area":"1565.241026","year_built":"2008","cdb_city_i":"","stories":"3","y_coord":"1866269.2916371","unit_name":"","qc_date":"2010-06-02T07:00:00.000Z","edit_date":"2010-06-02T07:00:00.000Z","non_standa":"","label_hous":"5753","st_name1":"HAMILTON","t_add1":"5753","z_coord":"0","qc_userid":"DS01228","qc_source":"","orig_bldg_":"890612","footprint_":"AERIALS","st_type1":"AVE","bldg_statu":"ACTIVE","condition_":"2010-06-02T07:00:00.000Z","bldg_name2":"","bldg_activ":"2010-06-02T07:00:00.000Z","edit_useri":"DS01228","bldg_sq_fo":"0.0","edit_sourc":"","f_add1":"5753","vacancy_st":"","bldg_creat":"2010-06-02T07:00:00.000Z","no_of_unit":"1","bldg_end_d":null,"bldg_id":"890612","create_use":"DS01228","demolished":null,"pre_dir1":"S","bldg_condi":"SOUND","bldg_name1":"","comments":"","shape_len":"194.861657221","harris_str":""}},{"type":"Feature","geometry":{"type":"MultiPolygon","coordinates":[[[[-87.67611782548657,41.78910245217009],[-87.67611893007512,41.789173810000364],[-87.67603274901809,41.78917468907939],[-87.67603163050885,41.78910470331323],[-87.67611782548657,41.78910245217009]]]]},"properties":{"no_stories":"0","suf_dir1":"","x_coord":"1163490.11663802","shape_area":"605.5","year_built":"0","cdb_city_i":"","stories":"0","y_coord":"1866439.42710852","unit_name":"","qc_date":null,"edit_date":null,"non_standa":"","label_hous":"0","st_name1":"","t_add1":"0","z_coord":"0","qc_userid":"","qc_source":"","orig_bldg_":"501083","footprint_":"AERIALS98","st_type1":"","bldg_statu":"ACTIVE","condition_":null,"bldg_name2":"","bldg_activ":"1998-04-01T08:00:00.000Z","edit_useri":"","bldg_sq_fo":"0.0","edit_sourc":"","f_add1":"0","vacancy_st":"","bldg_creat":"1998-04-01T08:00:00.000Z","no_of_unit":"0","bldg_end_d":null,"bldg_id":"501083","create_use":"","demolished":null,"pre_dir1":"","bldg_condi":"","bldg_name1":"","comments":"","shape_len":"98.5362942574","harris_str":""}},{"type":"Feature","geometry":{"type":"MultiPolygon","coordinates":[[[[-87.67363669079747,41.78718232218211],[-87.67363791922632,41.787241331463605],[-87.67354990746264,41.78724219817113],[-87.67354867911452,41.78718318888928],[-87.67363669079747,41.78718232218211]]]]},"properties":{"no_stories":"0","suf_dir1":"","x_coord":"1164172.36432408","shape_area":"516.25","year_built":"0","cdb_city_i":"","stories":"0","y_coord":"1865742.39933074","unit_name":"","qc_date":null,"edit_date":null,"non_standa":"","label_hous":"0","st_name1":"","t_add1":"0","z_coord":"0","qc_userid":"","qc_source":"","orig_bldg_":"507137","footprint_":"AERIALS98","st_type1":"","bldg_statu":"ACTIVE","condition_":null,"bldg_name2":"","bldg_activ":"1998-04-01T08:00:00.000Z","edit_useri":"","bldg_sq_fo":"0.0","edit_sourc":"","f_add1":"0","vacancy_st":"","bldg_creat":"1998-04-01T08:00:00.000Z","no_of_unit":"0","bldg_end_d":null,"bldg_id":"507137","create_use":"","demolished":null,"pre_dir1":"","bldg_condi":"","bldg_name1":"","comments":"","shape_len":"91.0220418718","harris_str":""}},{"type":"Feature","geometry":{"type":"MultiPolygon","coordinates":[[[[-87.67522442912362,41.7886143428012],[-87.67522739411336,41.788682967013166],[-87.67502570007397,41.78868455569074],[-87.67502456862438,41.788615941980865],[-87.67522442912362,41.7886143428012]]]]},"properties":{"no_stories":"0","suf_dir1":"","x_coord":"1163750.4677579","shape_area":"1369.5","year_built":"1922","cdb_city_i":"","stories":"1","y_coord":"1866263.14624432","unit_name":"","qc_date":"2003-06-16T07:00:00.000Z","edit_date":null,"non_standa":"","label_hous":"5755","st_name1":"SEELEY","t_add1":"5755","z_coord":"0","qc_userid":"DS06284","qc_source":"PARCELS","orig_bldg_":"502885","footprint_":"AERIALS98","st_type1":"AVE","bldg_statu":"ACTIVE","condition_":"2003-03-01T08:00:00.000Z","bldg_name2":"","bldg_activ":"1998-04-01T08:00:00.000Z","edit_useri":"","bldg_sq_fo":"899.0","edit_sourc":"","f_add1":"5755","vacancy_st":"","bldg_creat":"1998-04-01T08:00:00.000Z","no_of_unit":"1","bldg_end_d":null,"bldg_id":"502885","create_use":"","demolished":null,"pre_dir1":"S","bldg_condi":"NEEDS MINOR REPAIR","bldg_name1":"","comments":"","shape_len":"159.543255204","harris_str":"02018118024000"}},{"type":"Feature","geometry":{"type":"MultiPolygon","coordinates":[[[[-87.67367339391224,41.78700003767746],[-87.67367467863556,41.787053558704265],[-87.67359583352892,41.78705447808318],[-87.67359454887117,41.78700095705595],[-87.67367339391224,41.78700003767746]]]]},"properties":{"no_stories":"0","suf_dir1":"","x_coord":"1164161.61425047","shape_area":"419.5","year_built":"0","cdb_city_i":"","stories":"0","y_coord":"1865674.77587395","unit_name":"","qc_date":null,"edit_date":null,"non_standa":"","label_hous":"0","st_name1":"","t_add1":"0","z_coord":"0","qc_userid":"","qc_source":"","orig_bldg_":"507819","footprint_":"AERIALS98","st_type1":"","bldg_statu":"ACTIVE","condition_":null,"bldg_name2":"","bldg_activ":"1998-04-01T08:00:00.000Z","edit_useri":"","bldg_sq_fo":"0.0","edit_sourc":"","f_add1":"0","vacancy_st":"","bldg_creat":"1998-04-01T08:00:00.000Z","no_of_unit":"0","bldg_end_d":null,"bldg_id":"507819","create_use":"","demolished":null,"pre_dir1":"","bldg_condi":"","bldg_name1":"","comments":"","shape_len":"82.0244447415","harris_str":""}},{"type":"Feature","geometry":{"type":"MultiPolygon","coordinates":[[[[-87.6739653684043,41.788028078145075],[-87.673966948636,41.78805278581843],[-87.67398528172187,41.788052891041694],[-87.673986763546,41.788087203162256],[-87.6737630575931,41.788090035432184],[-87.6737618290433,41.78803102615977],[-87.6739653684043,41.788028078145075]]]]},"properties":{"no_stories":"0","suf_dir1":"","x_coord":"1164093.43472316","shape_area":"1266.875","year_built":"1910","cdb_city_i":"","stories":"2","y_coord":"1866050.46105914","unit_name":"","qc_date":"2003-06-16T07:00:00.000Z","edit_date":null,"non_standa":"","label_hous":"5811","st_name1":"DAMEN","t_add1":"5811","z_coord":"0","qc_userid":"DS06284","qc_source":"PARCELS","orig_bldg_":"504626","footprint_":"AERIALS98","st_type1":"AVE","bldg_statu":"ACTIVE","condition_":"2001-12-01T08:00:00.000Z","bldg_name2":"","bldg_activ":"1998-04-01T08:00:00.000Z","edit_useri":"","bldg_sq_fo":"960.0","edit_sourc":"","f_add1":"5811","vacancy_st":"","bldg_creat":"1998-04-01T08:00:00.000Z","no_of_unit":"1","bldg_end_d":null,"bldg_id":"504626","create_use":"","demolished":null,"pre_dir1":"S","bldg_condi":"NEEDS MAJOR REPAIR","bldg_name1":"","comments":"","shape_len":"164.568393765","harris_str":"02018224005000"}},{"type":"Feature","geometry":{"type":"MultiPolygon","coordinates":[[[[-87.67390540900425,41.78582818571624],[-87.67390660954968,41.785889939139196],[-87.67373058971995,41.78589167292564],[-87.67372938934346,41.78582991950207],[-87.67390540900425,41.78582818571624]]]]},"properties":{"no_stories":"0","suf_dir1":"","x_coord":"1164114.86367011","shape_area":"1080.5","year_built":"1919","cdb_city_i":"","stories":"2","y_coord":"1865249.24192334","unit_name":"","qc_date":"2003-06-16T07:00:00.000Z","edit_date":null,"non_standa":"","label_hous":"5925","st_name1":"DAMEN","t_add1":"5925","z_coord":"0","qc_userid":"DS06284","qc_source":"PARCELS","orig_bldg_":"511360","footprint_":"AERIALS98","st_type1":"AVE","bldg_statu":"ACTIVE","condition_":"2001-12-01T08:00:00.000Z","bldg_name2":"","bldg_activ":"1998-04-01T08:00:00.000Z","edit_useri":"","bldg_sq_fo":"840.0","edit_sourc":"","f_add1":"5925","vacancy_st":"","bldg_creat":"1998-04-01T08:00:00.000Z","no_of_unit":"1","bldg_end_d":null,"bldg_id":"511360","create_use":"","demolished":null,"pre_dir1":"S","bldg_condi":"NEEDS MINOR REPAIR","bldg_name1":"","comments":"","shape_len":"141.031940813","harris_str":"02018400014000"}},{"type":"Feature","geometry":{"type":"MultiPolygon","coordinates":[[[[-87.67523401573298,41.789111114021274],[-87.67523520354113,41.78917423946881],[-87.6750023271269,41.78917702161201],[-87.67500113954726,41.78911389616375],[-87.67523401573298,41.789111114021274]]]]},"properties":{"no_stories":"0","suf_dir1":"","x_coord":"1163751.11302897","shape_area":"1461.25","year_built":"1922","cdb_city_i":"","stories":"2","y_coord":"1866443.30365173","unit_name":"","qc_date":"2003-06-16T07:00:00.000Z","edit_date":null,"non_standa":"","label_hous":"5737","st_name1":"SEELEY","t_add1":"5737","z_coord":"0","qc_userid":"DS06284","qc_source":"PARCELS","orig_bldg_":"501050","footprint_":"AERIALS98","st_type1":"AVE","bldg_statu":"ACTIVE","condition_":"2003-03-01T08:00:00.000Z","bldg_name2":"","bldg_activ":"1998-04-01T08:00:00.000Z","edit_useri":"","bldg_sq_fo":"1584.0","edit_sourc":"","f_add1":"5737","vacancy_st":"","bldg_creat":"1998-04-01T08:00:00.000Z","no_of_unit":"1","bldg_end_d":null,"bldg_id":"501050","create_use":"","demolished":null,"pre_dir1":"S","bldg_condi":"SOUND","bldg_name1":"","comments":"","shape_len":"173.046296411","harris_str":"02018118018000"}},{"type":"Feature","geometry":{"type":"MultiPolygon","coordinates":[[[[-87.67643857913335,41.78875301773127],[-87.67643974010642,41.78881888730758],[-87.67622519831248,41.7888217767698],[-87.67622405157107,41.78875453512855],[-87.67643857913335,41.78875301773127]]]]},"properties":{"no_stories":"0","suf_dir1":"","x_coord":"1163421.11073701","shape_area":"1419.25","year_built":"1910","cdb_city_i":"","stories":"1","y_coord":"1866310.86538013","unit_name":"","qc_date":"2003-06-16T07:00:00.000Z","edit_date":null,"non_standa":"","label_hous":"5751","st_name1":"HOYNE","t_add1":"5751","z_coord":"0","qc_userid":"DS06284","qc_source":"PARCELS","orig_bldg_":"502399","footprint_":"AERIALS98","st_type1":"AVE","bldg_statu":"ACTIVE","condition_":"2003-03-01T08:00:00.000Z","bldg_name2":"","bldg_activ":"1998-04-01T08:00:00.000Z","edit_useri":"","bldg_sq_fo":"1632.0","edit_sourc":"","f_add1":"5751","vacancy_st":"","bldg_creat":"1998-04-01T08:00:00.000Z","no_of_unit":"1","bldg_end_d":null,"bldg_id":"502399","create_use":"","demolished":null,"pre_dir1":"S","bldg_condi":"NEEDS MINOR REPAIR","bldg_name1":"","comments":"","shape_len":"165.538083272","harris_str":"02018117020000"}},{"type":"Feature","geometry":{"type":"MultiPolygon","coordinates":[[[[-87.67767829117204,41.78908255381496],[-87.67767941147252,41.78915253957819],[-87.6774832020048,41.789155536015166],[-87.67748209590309,41.78908417818693],[-87.67767829117204,41.78908255381496]]]]},"properties":{"no_stories":"0","suf_dir1":"","x_coord":"1163079.61099529","shape_area":"1378.25","year_built":"1917","cdb_city_i":"","stories":"1","y_coord":"1866429.20797271","unit_name":"","qc_date":"2003-06-16T07:00:00.000Z","edit_date":null,"non_standa":"","label_hous":"5737","st_name1":"HAMILTON","t_add1":"5737","z_coord":"0","qc_userid":"DS06284","qc_source":"PARCELS","orig_bldg_":"501171","footprint_":"AERIALS98","st_type1":"AVE","bldg_statu":"ACTIVE","condition_":"2003-03-01T08:00:00.000Z","bldg_name2":"","bldg_activ":"1998-04-01T08:00:00.000Z","edit_useri":"","bldg_sq_fo":"866.0","edit_sourc":"","f_add1":"5737","vacancy_st":"","bldg_creat":"1998-04-01T08:00:00.000Z","no_of_unit":"1","bldg_end_d":null,"bldg_id":"501171","create_use":"","demolished":null,"pre_dir1":"S","bldg_condi":"NEEDS MINOR REPAIR","bldg_name1":"","comments":"","shape_len":"158.540077622","harris_str":"02018116013000"}},{"type":"Feature","geometry":{"type":"MultiPolygon","coordinates":[[[[-87.67396625117239,41.78829976784381],[-87.67396747991165,41.78835877711268],[-87.67376212025141,41.788360342533814],[-87.67376087763618,41.788302705327936],[-87.67396625117239,41.78829976784381]]]]},"properties":{"no_stories":"0","suf_dir1":"","x_coord":"1164095.36633641","shape_area":"1190.625","year_built":"1962","cdb_city_i":"","stories":"1","y_coord":"1866149.18019494","unit_name":"","qc_date":"2003-06-16T07:00:00.000Z","edit_date":null,"non_standa":"","label_hous":"5801","st_name1":"DAMEN","t_add1":"5801","z_coord":"0","qc_userid":"DS06284","qc_source":"PARCELS","orig_bldg_":"503828","footprint_":"AERIALS98","st_type1":"AVE","bldg_statu":"ACTIVE","condition_":"2001-12-01T08:00:00.000Z","bldg_name2":"","bldg_activ":"1998-04-01T08:00:00.000Z","edit_useri":"","bldg_sq_fo":"1056.0","edit_sourc":"","f_add1":"5801","vacancy_st":"","bldg_creat":"1998-04-01T08:00:00.000Z","no_of_unit":"1","bldg_end_d":null,"bldg_id":"503828","create_use":"","demolished":null,"pre_dir1":"S","bldg_condi":"NEEDS MINOR REPAIR","bldg_name1":"","comments":"","shape_len":"154.540778249","harris_str":"02018224001000"}},{"type":"Feature","geometry":{"type":"MultiPolygon","coordinates":[[[[-87.67349794809911,41.7887334209613],[-87.67349916234184,41.78879380229133],[-87.67342764841953,41.788794763659226],[-87.67342643424392,41.78873438232894],[-87.67349794809911,41.7887334209613]]]]},"properties":{"no_stories":"0","suf_dir1":"","x_coord":"1164203.6143404","shape_area":"429.25","year_built":"0","cdb_city_i":"","stories":"0","y_coord":"1866308.18019494","unit_name":"","qc_date":null,"edit_date":null,"non_standa":"","label_hous":"0","st_name1":"","t_add1":"0","z_coord":"0","qc_userid":"","qc_source":"","orig_bldg_":"502450","footprint_":"AERIALS98","st_type1":"","bldg_statu":"ACTIVE","condition_":null,"bldg_name2":"","bldg_activ":"1998-04-01T08:00:00.000Z","edit_useri":"","bldg_sq_fo":"0.0","edit_sourc":"","f_add1":"0","vacancy_st":"","bldg_creat":"1998-04-01T08:00:00.000Z","no_of_unit":"0","bldg_end_d":null,"bldg_id":"502450","create_use":"","demolished":null,"pre_dir1":"","bldg_condi":"","bldg_name1":"","comments":"","shape_len":"83.0241805756","harris_str":""}},{"type":"Feature","geometry":{"type":"MultiPolygon","coordinates":[[[[-87.67328433545751,41.78864574873348],[-87.67328552134985,41.7887088741924],[-87.67309114645442,41.7887118736697],[-87.67308997483156,41.78864737614663],[-87.67328433545751,41.78864574873348]]]]},"properties":{"no_stories":"0","suf_dir1":"","x_coord":"1164278.8605457","shape_area":"1232.875","year_built":"1913","cdb_city_i":"","stories":"2","y_coord":"1866277.80365172","unit_name":"","qc_date":"2003-06-16T07:00:00.000Z","edit_date":null,"non_standa":"","label_hous":"5754","st_name1":"WINCHESTER","t_add1":"5754","z_coord":"0","qc_userid":"DS06284","qc_source":"PARCELS","orig_bldg_":"502764","footprint_":"AERIALS98","st_type1":"AVE","bldg_statu":"ACTIVE","condition_":"2001-12-01T08:00:00.000Z","bldg_name2":"","bldg_activ":"1998-04-01T08:00:00.000Z","edit_useri":"","bldg_sq_fo":"1501.0","edit_sourc":"","f_add1":"5754","vacancy_st":"","bldg_creat":"1998-04-01T08:00:00.000Z","no_of_unit":"1","bldg_end_d":null,"bldg_id":"502764","create_use":"","demolished":null,"pre_dir1":"S","bldg_condi":"SOUND","bldg_name1":"","comments":"","shape_len":"152.541407977","harris_str":"02018216039000"}},{"type":"Feature","geometry":{"type":"MultiPolygon","coordinates":[[[[-87.67339372214059,41.78649070135299],[-87.67339270352231,41.78648332236614],[-87.67336534063006,41.78648316517475],[-87.67336419599494,41.78648807366524],[-87.6733127543271,41.78648777813054],[-87.67331280473694,41.78648286335396],[-87.6733018679802,41.7864819815198],[-87.6732929225611,41.78628695689536],[-87.67344177595504,41.78628781202675],[-87.67345180765672,41.78648366187894],[-87.67344304399224,41.786484430538664],[-87.67344297678507,41.786490984288896],[-87.67339372214059,41.78649070135299]]]]},"properties":{"no_stories":"0","suf_dir1":"","x_coord":"1164234.95912772","shape_area":"2968.4803743","year_built":"2008","cdb_city_i":"","stories":"3","y_coord":"1865440.16585586","unit_name":"","qc_date":"2010-06-02T07:00:00.000Z","edit_date":"2010-06-02T07:00:00.000Z","non_standa":"","label_hous":"1941","st_name1":"59TH","t_add1":"1945","z_coord":"0","qc_userid":"DS01228","qc_source":"","orig_bldg_":"890577","footprint_":"AERIALS","st_type1":"ST","bldg_statu":"ACTIVE","condition_":"2010-06-02T07:00:00.000Z","bldg_name2":"","bldg_activ":"2010-06-02T07:00:00.000Z","edit_useri":"DS01228","bldg_sq_fo":"0.0","edit_sourc":"","f_add1":"1941","vacancy_st":"","bldg_creat":"2010-06-02T07:00:00.000Z","no_of_unit":"6","bldg_end_d":null,"bldg_id":"890577","create_use":"DS01228","demolished":null,"pre_dir1":"W","bldg_condi":"SOUND","bldg_name1":"","comments":"","shape_len":"232.15975886","harris_str":""}},{"type":"Feature","geometry":{"type":"MultiPolygon","coordinates":[[[[-87.67317052724387,41.786335775186885],[-87.67317567852461,41.786548487261825],[-87.6730968340342,41.786549406302726],[-87.67308984975473,41.786336683690074],[-87.67317052724387,41.786335775186885]]]]},"properties":{"no_stories":"0","suf_dir1":"","x_coord":"1164299.88192755","shape_area":"1686.75","year_built":"1910","cdb_city_i":"","stories":"1","y_coord":"1865466.35612087","unit_name":"","qc_date":"2003-06-16T07:00:00.000Z","edit_date":null,"non_standa":"","label_hous":"1937","st_name1":"59TH","t_add1":"1937","z_coord":"0","qc_userid":"DS06284","qc_source":"PARCELS","orig_bldg_":"509372","footprint_":"AERIALS98","st_type1":"ST","bldg_statu":"ACTIVE","condition_":"2001-12-01T08:00:00.000Z","bldg_name2":"","bldg_activ":"1998-04-01T08:00:00.000Z","edit_useri":"","bldg_sq_fo":"1300.0","edit_sourc":"","f_add1":"1937","vacancy_st":"","bldg_creat":"1998-04-01T08:00:00.000Z","no_of_unit":"0","bldg_end_d":null,"bldg_id":"509372","create_use":"","demolished":null,"pre_dir1":"W","bldg_condi":"NEEDS MINOR REPAIR","bldg_name1":"","comments":"","shape_len":"198.577608505","harris_str":"02018400008000"}},{"type":"Feature","geometry":{"type":"MultiPolygon","coordinates":[[[[-87.6736354812429,41.78622730235755],[-87.6736411263648,41.78639199217838],[-87.67355311576297,41.786392858896875],[-87.67354747086634,41.78622816907337],[-87.6736354812429,41.78622730235755]]]]},"properties":{"no_stories":"0","suf_dir1":"","x_coord":"1164174.52142045","shape_area":"1441.0","year_built":"1957","cdb_city_i":"","stories":"1","y_coord":"1865416.02587395","unit_name":"","qc_date":"2003-06-16T07:00:00.000Z","edit_date":null,"non_standa":"","label_hous":"1949","st_name1":"59TH","t_add1":"1949","z_coord":"0","qc_userid":"DS06284","qc_source":"PARCELS","orig_bldg_":"509809","footprint_":"AERIALS98","st_type1":"ST","bldg_statu":"ACTIVE","condition_":"2001-12-01T08:00:00.000Z","bldg_name2":"","bldg_activ":"1998-04-01T08:00:00.000Z","edit_useri":"","bldg_sq_fo":"1300.0","edit_sourc":"","f_add1":"1949","vacancy_st":"","bldg_creat":"1998-04-01T08:00:00.000Z","no_of_unit":"0","bldg_end_d":null,"bldg_id":"509809","create_use":"","demolished":null,"pre_dir1":"W","bldg_condi":"NEEDS MAJOR REPAIR","bldg_name1":"","comments":"","shape_len":"168.077063695","harris_str":"02018400003000"}},{"type":"Feature","geometry":{"type":"MultiPolygon","coordinates":[[[[-87.67510159840865,41.78807575839573],[-87.67510336154041,41.78808262922129],[-87.67523720719495,41.78808202389622],[-87.6752436654478,41.788346884806835],[-87.67426083879971,41.788357716214634],[-87.67425630222442,41.78808463341225],[-87.67510159840865,41.78807575839573]]]]},"properties":{"no_stories":"0","suf_dir1":"","x_coord":"1163854.12173742","shape_area":"26526.875","year_built":"0","cdb_city_i":"","stories":"0","y_coord":"1866111.24192333","unit_name":"","qc_date":"2005-01-20T08:00:00.000Z","edit_date":null,"non_standa":"","label_hous":"5800","st_name1":"DAMEN","t_add1":"5808","z_coord":"0","qc_userid":"DS01228","qc_source":"ASSESS2002","orig_bldg_":"503842","footprint_":"AERIALS98","st_type1":"AVE","bldg_statu":"ACTIVE","condition_":null,"bldg_name2":"","bldg_activ":"1998-04-01T08:00:00.000Z","edit_useri":"","bldg_sq_fo":"0.0","edit_sourc":"","f_add1":"5800","vacancy_st":"","bldg_creat":"1998-04-01T08:00:00.000Z","no_of_unit":"0","bldg_end_d":null,"bldg_id":"503842","create_use":"","demolished":null,"pre_dir1":"S","bldg_condi":"","bldg_name1":"","comments":"","shape_len":"733.726790036","harris_str":""}},{"type":"Feature","geometry":{"type":"MultiPolygon","coordinates":[[[[-87.6773991060878,41.7891317294228],[-87.67744127292156,41.789131970177266],[-87.67744103515524,41.78915529527598],[-87.67739885431905,41.78915642658593],[-87.6773991060878,41.7891317294228]]]]},"properties":{"no_stories":"0","suf_dir1":"","x_coord":"1163123.39590605","shape_area":"100.625","year_built":"0","cdb_city_i":"","stories":"0","y_coord":"1866437.59686161","unit_name":"","qc_date":null,"edit_date":null,"non_standa":"","label_hous":"0","st_name1":"","t_add1":"0","z_coord":"0","qc_userid":"","qc_source":"","orig_bldg_":"501165","footprint_":"AERIALS98","st_type1":"","bldg_statu":"ACTIVE","condition_":null,"bldg_name2":"","bldg_activ":"1998-04-01T08:00:00.000Z","edit_useri":"","bldg_sq_fo":"0.0","edit_sourc":"","f_add1":"0","vacancy_st":"","bldg_creat":"1998-04-01T08:00:00.000Z","no_of_unit":"0","bldg_end_d":null,"bldg_id":"501165","create_use":"","demolished":null,"pre_dir1":"","bldg_condi":"","bldg_name1":"","comments":"","shape_len":"40.5108644332","harris_str":""}},{"type":"Feature","geometry":{"type":"MultiPolygon","coordinates":[[[[-87.6776305650636,41.78872826812411],[-87.6776316713289,41.78879962595646],[-87.67743181026022,41.78880122932047],[-87.67743069023031,41.788731243552526],[-87.6776305650636,41.78872826812411]]]]},"properties":{"no_stories":"0","suf_dir1":"","x_coord":"1163094.11608579","shape_area":"1404.0","year_built":"0","cdb_city_i":"","stories":"0","y_coord":"1866300.20797272","unit_name":"","qc_date":"2003-06-16T07:00:00.000Z","edit_date":"2002-12-20T08:00:00.000Z","non_standa":"","label_hous":"5751","st_name1":"HAMILTON","t_add1":"5751","z_coord":"0","qc_userid":"DS06284","qc_source":"PARCELS","orig_bldg_":"502526","footprint_":"AERIALS98","st_type1":"AVE","bldg_statu":"ACTIVE","condition_":null,"bldg_name2":"","bldg_activ":"1998-04-01T08:00:00.000Z","edit_useri":"MKS","bldg_sq_fo":"0.0","edit_sourc":"SANBORN_MAP","f_add1":"5751","vacancy_st":"","bldg_creat":"1998-04-01T08:00:00.000Z","no_of_unit":"0","bldg_end_d":null,"bldg_id":"502526","create_use":"","demolished":null,"pre_dir1":"S","bldg_condi":"","bldg_name1":"","comments":"","shape_len":"160.539520572","harris_str":""}},{"type":"Feature","geometry":{"type":"MultiPolygon","coordinates":[[[[-87.67324145462054,41.788893860494525],[-87.67324273900203,41.788947381506276],[-87.67320055824823,41.78894851127517],[-87.67320050194189,41.78895399952919],[-87.6730959737492,41.78895614312003],[-87.67309477396259,41.78889438972668],[-87.67324145462054,41.788893860494525]]]]},"properties":{"no_stories":"0","suf_dir1":"","x_coord":"1164283.34227094","shape_area":"859.375","year_built":"1917","cdb_city_i":"","stories":"2","y_coord":"1866367.46105914","unit_name":"","qc_date":"2003-06-16T07:00:00.000Z","edit_date":null,"non_standa":"","label_hous":"5744","st_name1":"WINCHESTER","t_add1":"5744","z_coord":"0","qc_userid":"DS06284","qc_source":"PARCELS","orig_bldg_":"501811","footprint_":"AERIALS98","st_type1":"AVE","bldg_statu":"ACTIVE","condition_":"2001-12-01T08:00:00.000Z","bldg_name2":"","bldg_activ":"1998-04-01T08:00:00.000Z","edit_useri":"","bldg_sq_fo":"736.0","edit_sourc":"","f_add1":"5744","vacancy_st":"","bldg_creat":"1998-04-01T08:00:00.000Z","no_of_unit":"1","bldg_end_d":null,"bldg_id":"501811","create_use":"","demolished":null,"pre_dir1":"S","bldg_condi":"SOUND","bldg_name1":"","comments":"","shape_len":"124.043491847","harris_str":"02018216036000"}},{"type":"Feature","geometry":{"type":"MultiPolygon","coordinates":[[[[-87.67522752438185,41.78902874816886],[-87.67522872621655,41.78909050155326],[-87.6750050167984,41.78909333621653],[-87.67500381517843,41.78903158283135],[-87.67522752438185,41.78902874816886]]]]},"properties":{"no_stories":"0","suf_dir1":"","x_coord":"1163751.86298424","shape_area":"1373.25","year_built":"1922","cdb_city_i":"","stories":"2","y_coord":"1866413.02278753","unit_name":"","qc_date":"2003-06-16T07:00:00.000Z","edit_date":null,"non_standa":"","label_hous":"5741","st_name1":"SEELEY","t_add1":"5741","z_coord":"0","qc_userid":"DS06284","qc_source":"PARCELS","orig_bldg_":"501356","footprint_":"AERIALS98","st_type1":"AVE","bldg_statu":"ACTIVE","condition_":"2003-03-01T08:00:00.000Z","bldg_name2":"","bldg_activ":"1998-04-01T08:00:00.000Z","edit_useri":"","bldg_sq_fo":"1584.0","edit_sourc":"","f_add1":"5741","vacancy_st":"","bldg_creat":"1998-04-01T08:00:00.000Z","no_of_unit":"1","bldg_end_d":null,"bldg_id":"501356","create_use":"","demolished":null,"pre_dir1":"S","bldg_condi":"SOUND","bldg_name1":"","comments":"","shape_len":"167.047989411","harris_str":"02018118019000"}},{"type":"Feature","geometry":{"type":"MultiPolygon","coordinates":[[[[-87.67571983663308,41.789115268212385],[-87.67572106698678,41.78917427746584],[-87.67553219076927,41.78917731254793],[-87.67553096058879,41.78911830329374],[-87.67571983663308,41.789115268212385]]]]},"properties":{"no_stories":"0","suf_dir1":"","x_coord":"1163612.61288854","shape_area":"1108.0","year_built":"1911","cdb_city_i":"","stories":"1","y_coord":"1866442.96105914","unit_name":"","qc_date":"2003-06-16T07:00:00.000Z","edit_date":null,"non_standa":"","label_hous":"5736","st_name1":"SEELEY","t_add1":"5736","z_coord":"0","qc_userid":"DS06284","qc_source":"PARCELS","orig_bldg_":"501062","footprint_":"AERIALS98","st_type1":"AVE","bldg_statu":"ACTIVE","condition_":"2003-03-01T08:00:00.000Z","bldg_name2":"","bldg_activ":"1998-04-01T08:00:00.000Z","edit_useri":"","bldg_sq_fo":"792.0","edit_sourc":"","f_add1":"5736","vacancy_st":"B","bldg_creat":"1998-04-01T08:00:00.000Z","no_of_unit":"1","bldg_end_d":null,"bldg_id":"501062","create_use":"","demolished":null,"pre_dir1":"S","bldg_condi":"NEEDS MAJOR REPAIR","bldg_name1":"","comments":"","shape_len":"146.055306394","harris_str":"02018117031000"}},{"type":"Feature","geometry":{"type":"MultiPolygon","coordinates":[[[[-87.67643583696854,41.788662440510635],[-87.6764369419085,41.78873379834579],[-87.6762389143701,41.78873541011885],[-87.67623780964975,41.7886640522834],[-87.67643583696854,41.788662440510635]]]]},"properties":{"no_stories":"0","suf_dir1":"","x_coord":"1163419.86385477","shape_area":"1404.5","year_built":"1910","cdb_city_i":"","stories":"1","y_coord":"1866278.70797272","unit_name":"","qc_date":"2003-06-16T07:00:00.000Z","edit_date":null,"non_standa":"","label_hous":"5753","st_name1":"HOYNE","t_add1":"5753","z_coord":"0","qc_userid":"DS06284","qc_source":"PARCELS","orig_bldg_":"502742","footprint_":"AERIALS98","st_type1":"AVE","bldg_statu":"ACTIVE","condition_":"2003-03-01T08:00:00.000Z","bldg_name2":"","bldg_activ":"1998-04-01T08:00:00.000Z","edit_useri":"","bldg_sq_fo":"792.0","edit_sourc":"","f_add1":"5753","vacancy_st":"","bldg_creat":"1998-04-01T08:00:00.000Z","no_of_unit":"1","bldg_end_d":null,"bldg_id":"502742","create_use":"","demolished":null,"pre_dir1":"S","bldg_condi":"NEEDS MINOR REPAIR","bldg_name1":"","comments":"","shape_len":"160.028131427","harris_str":"02018117021000"}},{"type":"Feature","geometry":{"type":"MultiPolygon","coordinates":[[[[-87.67368334399299,41.78889091013777],[-87.67368457247707,41.78894991940183],[-87.67360389171232,41.788950828242015],[-87.67360264923425,41.78889319104127],[-87.67368334399299,41.78889091013777]]]]},"properties":{"no_stories":"0","suf_dir1":"","x_coord":"1164153.86699351","shape_area":"467.875","year_built":"0","cdb_city_i":"","stories":"0","y_coord":"1866364.89933075","unit_name":"","qc_date":null,"edit_date":null,"non_standa":"","label_hous":"0","st_name1":"","t_add1":"0","z_coord":"0","qc_userid":"","qc_source":"","orig_bldg_":"501840","footprint_":"AERIALS98","st_type1":"","bldg_statu":"ACTIVE","condition_":null,"bldg_name2":"","bldg_activ":"1998-04-01T08:00:00.000Z","edit_useri":"","bldg_sq_fo":"0.0","edit_sourc":"","f_add1":"0","vacancy_st":"","bldg_creat":"1998-04-01T08:00:00.000Z","no_of_unit":"0","bldg_end_d":null,"bldg_id":"501840","create_use":"","demolished":null,"pre_dir1":"","bldg_condi":"","bldg_name1":"","comments":"","shape_len":"86.5401613354","harris_str":""}},{"type":"Feature","geometry":{"type":"MultiPolygon","coordinates":[[[[-87.67401155267838,41.788888677841186],[-87.67401275334497,41.78895043123139],[-87.67382022513527,41.78895207039539],[-87.6738188699564,41.78890540970513],[-87.67384088401325,41.788904163939435],[-87.67384102464223,41.78889044330246],[-87.67401155267838,41.788888677841186]]]]},"properties":{"no_stories":"0","suf_dir1":"","x_coord":"1164079.65069404","shape_area":"1148.625","year_built":"1912","cdb_city_i":"","stories":"1","y_coord":"1866364.24192333","unit_name":"","qc_date":"2003-06-16T07:00:00.000Z","edit_date":null,"non_standa":"","label_hous":"5747","st_name1":"DAMEN","t_add1":"5747","z_coord":"0","qc_userid":"DS06284","qc_source":"PARCELS","orig_bldg_":"501841","footprint_":"AERIALS98","st_type1":"AVE","bldg_statu":"ACTIVE","condition_":"2001-12-01T08:00:00.000Z","bldg_name2":"","bldg_activ":"1998-04-01T08:00:00.000Z","edit_useri":"","bldg_sq_fo":"874.0","edit_sourc":"","f_add1":"5747","vacancy_st":"","bldg_creat":"1998-04-01T08:00:00.000Z","no_of_unit":"1","bldg_end_d":null,"bldg_id":"501841","create_use":"","demolished":null,"pre_dir1":"S","bldg_condi":"NEEDS MINOR REPAIR","bldg_name1":"","comments":"","shape_len":"149.553977902","harris_str":"02018216016000"}},{"type":"Feature","geometry":{"type":"MultiPolygon","coordinates":[[[[-87.67693339615897,41.78877368396132],[-87.6769345856326,41.788836809406895],[-87.67674755777051,41.78883848490569],[-87.6767463684804,41.788775359459514],[-87.67693339615897,41.78877368396132]]]]},"properties":{"no_stories":"0","suf_dir1":"","x_coord":"1163282.36369993","shape_area":"1173.5","year_built":"1911","cdb_city_i":"","stories":"1","y_coord":"1866316.52278754","unit_name":"","qc_date":"2003-06-16T07:00:00.000Z","edit_date":null,"non_standa":"","label_hous":"5748","st_name1":"HOYNE","t_add1":"5748","z_coord":"0","qc_userid":"DS06284","qc_source":"PARCELS","orig_bldg_":"502356","footprint_":"AERIALS98","st_type1":"AVE","bldg_statu":"ACTIVE","condition_":"2003-03-01T08:00:00.000Z","bldg_name2":"","bldg_activ":"1998-04-01T08:00:00.000Z","edit_useri":"","bldg_sq_fo":"756.0","edit_sourc":"","f_add1":"5748","vacancy_st":"","bldg_creat":"1998-04-01T08:00:00.000Z","no_of_unit":"1","bldg_end_d":null,"bldg_id":"502356","create_use":"","demolished":null,"pre_dir1":"S","bldg_condi":"NEEDS MINOR REPAIR","bldg_name1":"","comments":"","shape_len":"148.03047424","harris_str":"02018116033000"}},{"type":"Feature","geometry":{"type":"MultiPolygon","coordinates":[[[[-87.67398060023834,41.78672051158112],[-87.67398809923695,41.787062218703085],[-87.67377906309112,41.78706513520492],[-87.67376973193197,41.78672341755216],[-87.67398060023834,41.78672051158112]]]]},"properties":{"no_stories":"0","suf_dir1":"","x_coord":"1164095.06937772","shape_area":"7132.5","year_built":"1913","cdb_city_i":"","stories":"1","y_coord":"1865631.81908383","unit_name":"","qc_date":"2005-01-20T08:00:00.000Z","edit_date":null,"non_standa":"","label_hous":"1958","st_name1":"59TH","t_add1":"1958","z_coord":"0","qc_userid":"DS01228","qc_source":"ASSESS2002","orig_bldg_":"507789","footprint_":"AERIALS98","st_type1":"ST","bldg_statu":"ACTIVE","condition_":"2001-12-01T08:00:00.000Z","bldg_name2":"","bldg_activ":"1998-04-01T08:00:00.000Z","edit_useri":"","bldg_sq_fo":"6800.0","edit_sourc":"","f_add1":"1958","vacancy_st":"","bldg_creat":"1998-04-01T08:00:00.000Z","no_of_unit":"0","bldg_end_d":null,"bldg_id":"507789","create_use":"","demolished":null,"pre_dir1":"W","bldg_condi":"NEEDS MINOR REPAIR","bldg_name1":"","comments":"","shape_len":"363.62462172","harris_str":"02018224029000"}},{"type":"Feature","geometry":{"type":"MultiPolygon","coordinates":[[[[-87.674888146471,41.7890473856548],[-87.6748894322239,41.78910090665659],[-87.67481240391122,41.78910320942408],[-87.67481113226467,41.78904831635797],[-87.674888146471,41.7890473856548]]]]},"properties":{"no_stories":"0","suf_dir1":"","x_coord":"1163824.36057941","shape_area":"415.125","year_built":"0","cdb_city_i":"","stories":"0","y_coord":"1866418.55673815","unit_name":"","qc_date":null,"edit_date":null,"non_standa":"","label_hous":"0","st_name1":"","t_add1":"0","z_coord":"0","qc_userid":"","qc_source":"","orig_bldg_":"501318","footprint_":"AERIALS98","st_type1":"","bldg_statu":"ACTIVE","condition_":null,"bldg_name2":"","bldg_activ":"1998-04-01T08:00:00.000Z","edit_useri":"","bldg_sq_fo":"0.0","edit_sourc":"","f_add1":"0","vacancy_st":"","bldg_creat":"1998-04-01T08:00:00.000Z","no_of_unit":"0","bldg_end_d":null,"bldg_id":"501318","create_use":"","demolished":null,"pre_dir1":"","bldg_condi":"","bldg_name1":"","comments":"","shape_len":"81.5424058061","harris_str":""}},{"type":"Feature","geometry":{"type":"MultiPolygon","coordinates":[[[[-87.67395784205202,41.78589983822275],[-87.67395907076609,41.78595884751589],[-87.67351900664185,41.785964553738],[-87.67351595915245,41.78590416184957],[-87.67395784205202,41.78589983822275]]]]},"properties":{"no_stories":"0","suf_dir1":"","x_coord":"1164136.47991638","shape_area":"2617.5","year_built":"1926","cdb_city_i":"","stories":"2","y_coord":"1865275.80365174","unit_name":"","qc_date":"2005-01-20T08:00:00.000Z","edit_date":null,"non_standa":"","label_hous":"5923","st_name1":"DAMEN","t_add1":"5923","z_coord":"0","qc_userid":"DS01228","qc_source":"ASSESS2002","orig_bldg_":"511142","footprint_":"AERIALS98","st_type1":"AVE","bldg_statu":"ACTIVE","condition_":"2001-12-01T08:00:00.000Z","bldg_name2":"","bldg_activ":"1998-04-01T08:00:00.000Z","edit_useri":"","bldg_sq_fo":"1785.0","edit_sourc":"","f_add1":"5923","vacancy_st":"","bldg_creat":"1998-04-01T08:00:00.000Z","no_of_unit":"1","bldg_end_d":null,"bldg_id":"511142","create_use":"","demolished":null,"pre_dir1":"S","bldg_condi":"NEEDS MAJOR REPAIR","bldg_name1":"","comments":"","shape_len":"284.091953675","harris_str":"02018400013001"}},{"type":"Feature","geometry":{"type":"MultiPolygon","coordinates":[[[[-87.66543161146329,41.78618538764427],[-87.66543453744592,41.7862567561849],[-87.6652200039695,41.78625962515401],[-87.66521891147701,41.78618826727139],[-87.66543161146329,41.78618538764427]]]]},"properties":{"no_stories":"0","suf_dir1":"","x_coord":"1166429.71472728","shape_area":"1515.625","year_built":"1913","cdb_city_i":"","stories":"2","y_coord":"1865399.48883692","unit_name":"","qc_date":"2003-06-16T07:00:00.000Z","edit_date":null,"non_standa":"","label_hous":"5915","st_name1":"MARSHFIELD","t_add1":"5915","z_coord":"0","qc_userid":"DS06284","qc_source":"PARCELS","orig_bldg_":"510067","footprint_":"AERIALS98","st_type1":"AVE","bldg_statu":"ACTIVE","condition_":"2001-12-01T08:00:00.000Z","bldg_name2":"","bldg_activ":"1998-04-01T08:00:00.000Z","edit_useri":"","bldg_sq_fo":"2472.0","edit_sourc":"","f_add1":"5915","vacancy_st":"","bldg_creat":"1998-04-01T08:00:00.000Z","no_of_unit":"2","bldg_end_d":null,"bldg_id":"510067","create_use":"","demolished":null,"pre_dir1":"S","bldg_condi":"NEEDS MINOR REPAIR","bldg_name1":"","comments":"","shape_len":"168.562651829","harris_str":"02018407005000"}},{"type":"Feature","geometry":{"type":"MultiPolygon","coordinates":[[[[-87.66543931852266,41.78597275000329],[-87.66544052518378,41.78603313139186],[-87.66523149219682,41.78603603236221],[-87.66523028573184,41.78597565097291],[-87.66543931852266,41.78597275000329]]]]},"properties":{"no_stories":"0","suf_dir1":"","x_coord":"1166427.86293748","shape_area":"1254.75","year_built":"1899","cdb_city_i":"","stories":"2","y_coord":"1865319.74192334","unit_name":"","qc_date":"2003-06-16T07:00:00.000Z","edit_date":null,"non_standa":"","label_hous":"5923","st_name1":"MARSHFIELD","t_add1":"5923","z_coord":"0","qc_userid":"DS06284","qc_source":"PARCELS","orig_bldg_":"510776","footprint_":"AERIALS98","st_type1":"AVE","bldg_statu":"ACTIVE","condition_":"2001-12-01T08:00:00.000Z","bldg_name2":"","bldg_activ":"1998-04-01T08:00:00.000Z","edit_useri":"","bldg_sq_fo":"1602.0","edit_sourc":"","f_add1":"5923","vacancy_st":"","bldg_creat":"1998-04-01T08:00:00.000Z","no_of_unit":"1","bldg_end_d":null,"bldg_id":"510776","create_use":"","demolished":null,"pre_dir1":"S","bldg_condi":"NEEDS MAJOR REPAIR","bldg_name1":"","comments":"","shape_len":"158.050829022","harris_str":"02018407008000"}},{"type":"Feature","geometry":{"type":"MultiPolygon","coordinates":[[[[-87.66660968146965,41.786437844671994],[-87.66668851164391,41.78643830214543],[-87.66668875291332,41.7865919837593],[-87.66664474035602,41.78659310049355],[-87.66664310610493,41.78657388098298],[-87.6666101073579,41.78657368947551],[-87.66660968146965,41.786437844671994]]]]},"properties":{"no_stories":"0","suf_dir1":"","x_coord":"1166068.09392891","shape_area":"1145.375","year_built":"1912","cdb_city_i":"","stories":"2","y_coord":"1865505.27896037","unit_name":"","qc_date":"2003-06-16T07:00:00.000Z","edit_date":null,"non_standa":"","label_hous":"1659","st_name1":"59TH","t_add1":"1659","z_coord":"0","qc_userid":"DS06284","qc_source":"PARCELS","orig_bldg_":"509133","footprint_":"AERIALS98","st_type1":"ST","bldg_statu":"ACTIVE","condition_":"2001-12-01T08:00:00.000Z","bldg_name2":"","bldg_activ":"1998-04-01T08:00:00.000Z","edit_useri":"","bldg_sq_fo":"1630.0","edit_sourc":"","f_add1":"1659","vacancy_st":"","bldg_creat":"1998-04-01T08:00:00.000Z","no_of_unit":"2","bldg_end_d":null,"bldg_id":"509133","create_use":"","demolished":null,"pre_dir1":"W","bldg_condi":"NEEDS MINOR REPAIR","bldg_name1":"","comments":"","shape_len":"155.03300386","harris_str":"02018406001000"}},{"type":"Feature","geometry":{"type":"MultiPolygon","coordinates":[[[[-87.66770602780349,41.78643871363981],[-87.66777019191385,41.786439085393695],[-87.66777408810492,41.78659416032871],[-87.6677099096474,41.786595160638434],[-87.66770602780349,41.78643871363981]]]]},"properties":{"no_stories":"0","suf_dir1":"","x_coord":"1165770.54958518","shape_area":"993.5","year_built":"1914","cdb_city_i":"","stories":"1","y_coord":"1865503.55982457","unit_name":"","qc_date":"2005-01-20T08:00:00.000Z","edit_date":"2002-12-20T08:00:00.000Z","non_standa":"","label_hous":"1721","st_name1":"59TH","t_add1":"1721","z_coord":"0","qc_userid":"DS01228","qc_source":"ASSESS2002","orig_bldg_":"509142","footprint_":"AERIALS98","st_type1":"ST","bldg_statu":"ACTIVE","condition_":"2001-12-01T08:00:00.000Z","bldg_name2":"","bldg_activ":"1998-04-01T08:00:00.000Z","edit_useri":"MAN","bldg_sq_fo":"945.0","edit_sourc":"SANBORN_MAP","f_add1":"1721","vacancy_st":"","bldg_creat":"1998-04-01T08:00:00.000Z","no_of_unit":"1","bldg_end_d":null,"bldg_id":"509142","create_use":"","demolished":null,"pre_dir1":"W","bldg_condi":"SOUND","bldg_name1":"","comments":"","shape_len":"148.546782823","harris_str":"02018405002000"}},{"type":"Feature","geometry":{"type":"MultiPolygon","coordinates":[[[[-87.66664141647668,41.78602912968588],[-87.66664450016113,41.786085405521284],[-87.66649963077445,41.78608868114251],[-87.66649839468293,41.78603104388308],[-87.66664141647668,41.78602912968588]]]]},"properties":{"no_stories":"0","suf_dir1":"","x_coord":"1166090.70927624","shape_area":"815.375","year_built":"1899","cdb_city_i":"","stories":"2","y_coord":"1865336.89933075","unit_name":"","qc_date":"2003-06-16T07:00:00.000Z","edit_date":null,"non_standa":"","label_hous":"5921","st_name1":"PAULINA","t_add1":"5921","z_coord":"0","qc_userid":"DS06284","qc_source":"PARCELS","orig_bldg_":"510639","footprint_":"AERIALS98","st_type1":"ST","bldg_statu":"ACTIVE","condition_":"2001-12-01T08:00:00.000Z","bldg_name2":"","bldg_activ":"1998-04-01T08:00:00.000Z","edit_useri":"","bldg_sq_fo":"630.0","edit_sourc":"","f_add1":"5921","vacancy_st":"","bldg_creat":"1998-04-01T08:00:00.000Z","no_of_unit":"1","bldg_end_d":null,"bldg_id":"510639","create_use":"","demolished":null,"pre_dir1":"S","bldg_condi":"NEEDS MINOR REPAIR","bldg_name1":"","comments":"","shape_len":"120.071616448","harris_str":"02018406013000"}},{"type":"Feature","geometry":{"type":"MultiPolygon","coordinates":[[[[-87.66620431770032,41.7864560735505],[-87.66621017140234,41.78659881059746],[-87.666131326813,41.7865997248565],[-87.66612545905966,41.786458359868945],[-87.66620431770032,41.7864560735505]]]]},"properties":{"no_stories":"0","suf_dir1":"","x_coord":"1166199.27555816","shape_area":"1114.125","year_built":"1925","cdb_city_i":"","stories":"1","y_coord":"1865510.53204679","unit_name":"","qc_date":"2003-06-16T07:00:00.000Z","edit_date":null,"non_standa":"","label_hous":"1643","st_name1":"59TH","t_add1":"1643","z_coord":"0","qc_userid":"DS06284","qc_source":"PARCELS","orig_bldg_":"509110","footprint_":"AERIALS98","st_type1":"ST","bldg_statu":"ACTIVE","condition_":"2001-12-01T08:00:00.000Z","bldg_name2":"","bldg_activ":"1998-04-01T08:00:00.000Z","edit_useri":"","bldg_sq_fo":"1595.0","edit_sourc":"","f_add1":"1643","vacancy_st":"","bldg_creat":"1998-04-01T08:00:00.000Z","no_of_unit":"1","bldg_end_d":null,"bldg_id":"509110","create_use":"","demolished":null,"pre_dir1":"W","bldg_condi":"NEEDS MINOR REPAIR","bldg_name1":"","comments":"","shape_len":"146.606324063","harris_str":"02018406006000"}},{"type":"Feature","geometry":{"type":"MultiPolygon","coordinates":[[[[-87.66704794425301,41.7864294101888],[-87.66705196656146,41.78657213657456],[-87.66695845589862,41.78657296634056],[-87.6669544337976,41.786430239953056],[-87.66704794425301,41.7864294101888]]]]},"properties":{"no_stories":"0","suf_dir1":"","x_coord":"1165971.55242314","shape_area":"1326.75","year_built":"1972","cdb_city_i":"","stories":"1","y_coord":"1865499.03204679","unit_name":"","qc_date":"2003-06-16T07:00:00.000Z","edit_date":"2007-09-19T07:00:00.000Z","non_standa":"","label_hous":"1701","st_name1":"59TH","t_add1":"1703","z_coord":"0","qc_userid":"DS06284","qc_source":"PARCELS","orig_bldg_":"509191","footprint_":"AERIALS98","st_type1":"ST","bldg_statu":"ACTIVE","condition_":"2001-12-01T08:00:00.000Z","bldg_name2":"","bldg_activ":"1998-04-01T08:00:00.000Z","edit_useri":"DT00211","bldg_sq_fo":"969.0","edit_sourc":"PARCELS","f_add1":"1701","vacancy_st":"","bldg_creat":"1998-04-01T08:00:00.000Z","no_of_unit":"1","bldg_end_d":null,"bldg_id":"509191","create_use":"","demolished":null,"pre_dir1":"W","bldg_condi":"NEEDS MAJOR REPAIR","bldg_name1":"","comments":"","shape_len":"155.053063213","harris_str":"02018405010000"}},{"type":"Feature","geometry":{"type":"MultiPolygon","coordinates":[[[[-87.66751499962908,41.786473282413986],[-87.6675174736418,41.78658855691495],[-87.66743679580745,41.786589461445104],[-87.66743432193925,41.78647418694347],[-87.66751499962908,41.786473282413986]]]]},"properties":{"no_stories":"0","suf_dir1":"","x_coord":"1165842.5834428","shape_area":"924.5","year_built":"1909","cdb_city_i":"","stories":"2","y_coord":"1865508.41476284","unit_name":"","qc_date":"2003-06-16T07:00:00.000Z","edit_date":null,"non_standa":"","label_hous":"1715","st_name1":"59TH","t_add1":"1715","z_coord":"0","qc_userid":"DS06284","qc_source":"PARCELS","orig_bldg_":"509153","footprint_":"AERIALS98","st_type1":"ST","bldg_statu":"ACTIVE","condition_":"2001-12-01T08:00:00.000Z","bldg_name2":"","bldg_activ":"1998-04-01T08:00:00.000Z","edit_useri":"","bldg_sq_fo":"599.0","edit_sourc":"","f_add1":"1715","vacancy_st":"","bldg_creat":"1998-04-01T08:00:00.000Z","no_of_unit":"1","bldg_end_d":null,"bldg_id":"509153","create_use":"","demolished":null,"pre_dir1":"W","bldg_condi":"NEEDS MINOR REPAIR","bldg_name1":"","comments":"","shape_len":"128.03516832","harris_str":"02018405005000"}},{"type":"Feature","geometry":{"type":"MultiPolygon","coordinates":[[[[-87.66514848774764,41.78590794014006],[-87.66514975112244,41.785962833282426],[-87.66504890835779,41.785963618849216],[-87.66504947831321,41.78590873637072],[-87.66514848774764,41.78590794014006]]]]},"properties":{"no_stories":"0","suf_dir1":"","x_coord":"1166492.50196315","shape_area":"545.125","year_built":"0","cdb_city_i":"","stories":"0","y_coord":"1865295.05673815","unit_name":"","qc_date":null,"edit_date":null,"non_standa":"","label_hous":"0","st_name1":"","t_add1":"0","z_coord":"0","qc_userid":"","qc_source":"","orig_bldg_":"510986","footprint_":"AERIALS98","st_type1":"","bldg_statu":"ACTIVE","condition_":null,"bldg_name2":"","bldg_activ":"1998-04-01T08:00:00.000Z","edit_useri":"","bldg_sq_fo":"0.0","edit_sourc":"","f_add1":"0","vacancy_st":"","bldg_creat":"1998-04-01T08:00:00.000Z","no_of_unit":"0","bldg_end_d":null,"bldg_id":"510986","create_use":"","demolished":null,"pre_dir1":"","bldg_condi":"","bldg_name1":"","comments":"","shape_len":"94.5154233355","harris_str":""}},{"type":"Feature","geometry":{"type":"MultiPolygon","coordinates":[[[[-87.6666318385044,41.785891859611745],[-87.66663303206904,41.78595361305919],[-87.66643502728103,41.78595383593101],[-87.66643383390642,41.785892082482896],[-87.6666318385044,41.785891859611745]]]]},"properties":{"no_stories":"0","suf_dir1":"","x_coord":"1166101.36435598","shape_area":"1215.25","year_built":"1914","cdb_city_i":"","stories":"2","y_coord":"1865287.46105915","unit_name":"","qc_date":"2003-06-16T07:00:00.000Z","edit_date":null,"non_standa":"","label_hous":"5925","st_name1":"PAULINA","t_add1":"5925","z_coord":"0","qc_userid":"DS06284","qc_source":"PARCELS","orig_bldg_":"511047","footprint_":"AERIALS98","st_type1":"ST","bldg_statu":"ACTIVE","condition_":"2001-12-01T08:00:00.000Z","bldg_name2":"","bldg_activ":"1998-04-01T08:00:00.000Z","edit_useri":"","bldg_sq_fo":"1520.0","edit_sourc":"","f_add1":"5925","vacancy_st":"","bldg_creat":"1998-04-01T08:00:00.000Z","no_of_unit":"1","bldg_end_d":null,"bldg_id":"511047","create_use":"","demolished":null,"pre_dir1":"S","bldg_condi":"NEEDS MINOR REPAIR","bldg_name1":"","comments":"","shape_len":"153.01573927","harris_str":"02018406015000"}},{"type":"Feature","geometry":{"type":"MultiPolygon","coordinates":[[[[-87.66718438567615,41.786177726792474],[-87.66718559397636,41.78623810817253],[-87.66695456130832,41.78624088470794],[-87.66695335322493,41.78618050332707],[-87.66718438567615,41.786177726792474]]]]},"properties":{"no_stories":"0","suf_dir1":"","x_coord":"1165954.36293748","shape_area":"1386.75","year_built":"1909","cdb_city_i":"","stories":"1","y_coord":"1865390.74192332","unit_name":"","qc_date":"2003-06-16T07:00:00.000Z","edit_date":null,"non_standa":"","label_hous":"5916","st_name1":"PAULINA","t_add1":"5916","z_coord":"0","qc_userid":"DS06284","qc_source":"PARCELS","orig_bldg_":"510156","footprint_":"AERIALS98","st_type1":"ST","bldg_statu":"ACTIVE","condition_":"2001-12-01T08:00:00.000Z","bldg_name2":"","bldg_activ":"1998-04-01T08:00:00.000Z","edit_useri":"","bldg_sq_fo":"1041.0","edit_sourc":"","f_add1":"5916","vacancy_st":"","bldg_creat":"1998-04-01T08:00:00.000Z","no_of_unit":"1","bldg_end_d":null,"bldg_id":"510156","create_use":"","demolished":null,"pre_dir1":"S","bldg_condi":"NEEDS MINOR REPAIR","bldg_name1":"","comments":"","shape_len":"170.047071395","harris_str":"02018405028000"}},{"type":"Feature","geometry":{"type":"MultiPolygon","coordinates":[[[[-87.66513302395674,41.785984690308176],[-87.66513435855461,41.78603272314008],[-87.66504084867137,41.78603355135077],[-87.6650395141433,41.78598551851829],[-87.66513302395674,41.785984690308176]]]]},"properties":{"no_stories":"0","suf_dir1":"","x_coord":"1166495.61416002","shape_area":"446.5","year_built":"0","cdb_city_i":"","stories":"0","y_coord":"1865321.65241717","unit_name":"","qc_date":null,"edit_date":null,"non_standa":"","label_hous":"0","st_name1":"","t_add1":"0","z_coord":"0","qc_userid":"","qc_source":"","orig_bldg_":"510781","footprint_":"AERIALS98","st_type1":"","bldg_statu":"ACTIVE","condition_":null,"bldg_name2":"","bldg_activ":"1998-04-01T08:00:00.000Z","edit_useri":"","bldg_sq_fo":"0.0","edit_sourc":"","f_add1":"0","vacancy_st":"","bldg_creat":"1998-04-01T08:00:00.000Z","no_of_unit":"0","bldg_end_d":null,"bldg_id":"510781","create_use":"","demolished":null,"pre_dir1":"","bldg_condi":"","bldg_name1":"","comments":"","shape_len":"86.0240857795","harris_str":""}},{"type":"Feature","geometry":{"type":"MultiPolygon","coordinates":[[[[-87.66786581078496,41.78587980420949],[-87.66786704810032,41.78593744146462],[-87.66764701599988,41.78594028311662],[-87.66764577888159,41.78588264586058],[-87.66786581078496,41.78587980420949]]]]},"properties":{"no_stories":"0","suf_dir1":"","x_coord":"1165767.86283727","shape_area":"1260.75","year_built":"1909","cdb_city_i":"","stories":"1","y_coord":"1865280.18019495","unit_name":"","qc_date":null,"edit_date":null,"non_standa":"","label_hous":"5925","st_name1":"HERMITAGE","t_add1":"5925","z_coord":"0","qc_userid":"","qc_source":"","orig_bldg_":"511120","footprint_":"AERIALS98","st_type1":"AVE","bldg_statu":"ACTIVE","condition_":"2001-12-01T08:00:00.000Z","bldg_name2":"","bldg_activ":"1998-04-01T08:00:00.000Z","edit_useri":"","bldg_sq_fo":"1065.0","edit_sourc":"","f_add1":"5925","vacancy_st":"","bldg_creat":"1998-04-01T08:00:00.000Z","no_of_unit":"1","bldg_end_d":null,"bldg_id":"511120","create_use":"","demolished":null,"pre_dir1":"S","bldg_condi":"NEEDS MINOR REPAIR","bldg_name1":"","comments":"","shape_len":"162.049397218","harris_str":"02018405015000"}},{"type":"Feature","geometry":{"type":"MultiPolygon","coordinates":[[[[-87.66663809064553,41.786173185595466],[-87.66664289386583,41.78624044856726],[-87.66644483131785,41.78624615969874],[-87.66644186155679,41.78617890736242],[-87.66663809064553,41.786173185595466]]]]},"properties":{"no_stories":"0","suf_dir1":"","x_coord":"1166098.17311694","shape_area":"1320.0","year_built":"1904","cdb_city_i":"","stories":"2","y_coord":"1865392.20797272","unit_name":"","qc_date":"2003-06-16T07:00:00.000Z","edit_date":null,"non_standa":"","label_hous":"5917","st_name1":"PAULINA","t_add1":"5917","z_coord":"0","qc_userid":"DS06284","qc_source":"PARCELS","orig_bldg_":"510126","footprint_":"AERIALS98","st_type1":"ST","bldg_statu":"ACTIVE","condition_":"2001-12-01T08:00:00.000Z","bldg_name2":"","bldg_activ":"1998-04-01T08:00:00.000Z","edit_useri":"","bldg_sq_fo":"1603.0","edit_sourc":"","f_add1":"5917","vacancy_st":"","bldg_creat":"1998-04-01T08:00:00.000Z","no_of_unit":"1","bldg_end_d":null,"bldg_id":"510126","create_use":"","demolished":null,"pre_dir1":"S","bldg_condi":"NEEDS MINOR REPAIR","bldg_name1":"","comments":"","shape_len":"156.682493845","harris_str":"02018406011000"}},{"type":"Feature","geometry":{"type":"MultiPolygon","coordinates":[[[[-87.66742009600634,41.78643156799385],[-87.66742397715474,41.786588014997264],[-87.66734145185586,41.78659028089631],[-87.66733941836836,41.78643247245707],[-87.66742009600634,41.78643156799385]]]]},"properties":{"no_stories":"0","suf_dir1":"","x_coord":"1165868.43825992","shape_area":"1274.75","year_built":"1909","cdb_city_i":"","stories":"1","y_coord":"1865502.12155297","unit_name":"","qc_date":"2003-06-16T07:00:00.000Z","edit_date":null,"non_standa":"","label_hous":"1711","st_name1":"59TH","t_add1":"1711","z_coord":"0","qc_userid":"DS06284","qc_source":"PARCELS","orig_bldg_":"509150","footprint_":"AERIALS98","st_type1":"ST","bldg_statu":"ACTIVE","condition_":"2001-12-01T08:00:00.000Z","bldg_name2":"","bldg_activ":"1998-04-01T08:00:00.000Z","edit_useri":"","bldg_sq_fo":"900.0","edit_sourc":"","f_add1":"1711","vacancy_st":"","bldg_creat":"1998-04-01T08:00:00.000Z","no_of_unit":"2","bldg_end_d":null,"bldg_id":"509150","create_use":"","demolished":null,"pre_dir1":"W","bldg_condi":"NEEDS MINOR REPAIR","bldg_name1":"","comments":"","shape_len":"159.056320765","harris_str":"02018405006000"}},{"type":"Feature","geometry":{"type":"MultiPolygon","coordinates":[[[[-87.66787199737723,41.786167990479406],[-87.66787503957704,41.786228382476345],[-87.66766233949913,41.78623126662732],[-87.66766114494489,41.786169513186316],[-87.66787199737723,41.786167990479406]]]]},"properties":{"no_stories":"0","suf_dir1":"","x_coord":"1165763.9603296","shape_area":"1285.875","year_built":"1909","cdb_city_i":"","stories":"1","y_coord":"1865385.74192333","unit_name":"","qc_date":"2003-06-16T07:00:00.000Z","edit_date":null,"non_standa":"","label_hous":"5915","st_name1":"HERMITAGE","t_add1":"5915","z_coord":"0","qc_userid":"DS06284","qc_source":"PARCELS","orig_bldg_":"510194","footprint_":"AERIALS98","st_type1":"AVE","bldg_statu":"ACTIVE","condition_":"2001-12-01T08:00:00.000Z","bldg_name2":"","bldg_activ":"1998-04-01T08:00:00.000Z","edit_useri":"","bldg_sq_fo":"920.0","edit_sourc":"","f_add1":"5915","vacancy_st":"","bldg_creat":"1998-04-01T08:00:00.000Z","no_of_unit":"1","bldg_end_d":null,"bldg_id":"510194","create_use":"","demolished":null,"pre_dir1":"S","bldg_condi":"UNINHABITABLE","bldg_name1":"","comments":"","shape_len":"160.05635872","harris_str":"02018405011000"}},{"type":"Feature","geometry":{"type":"MultiPolygon","coordinates":[[[[-87.6665047306806,41.78648114416218],[-87.66657806112298,41.78648156978796],[-87.66657489149713,41.78661053299871],[-87.66650340839078,41.78660874594893],[-87.6665047306806,41.78648114416218]]]]},"properties":{"no_stories":"0","suf_dir1":"","x_coord":"1166097.78633815","shape_area":"923.375","year_built":"1915","cdb_city_i":"","stories":"2","y_coord":"1865515.94254062","unit_name":"","qc_date":"2003-06-16T07:00:00.000Z","edit_date":null,"non_standa":"","label_hous":"1655","st_name1":"59TH","t_add1":"1655","z_coord":"0","qc_userid":"DS06284","qc_source":"PARCELS","orig_bldg_":"509100","footprint_":"AERIALS98","st_type1":"ST","bldg_statu":"ACTIVE","condition_":"2001-12-01T08:00:00.000Z","bldg_name2":"","bldg_activ":"1998-04-01T08:00:00.000Z","edit_useri":"","bldg_sq_fo":"820.0","edit_sourc":"","f_add1":"1655","vacancy_st":"","bldg_creat":"1998-04-01T08:00:00.000Z","no_of_unit":"1","bldg_end_d":null,"bldg_id":"509100","create_use":"","demolished":null,"pre_dir1":"W","bldg_condi":"NEEDS MINOR REPAIR","bldg_name1":"","comments":"","shape_len":"133.009068702","harris_str":"02018406002000"}},{"type":"Feature","geometry":{"type":"MultiPolygon","coordinates":[[[[-87.66647676631852,41.785818235878104],[-87.66656842842698,41.7858187679185],[-87.66657567609808,41.78582704285306],[-87.66662702110176,41.78582596869812],[-87.66663976850921,41.785834275546],[-87.66664140274342,41.78585349505895],[-87.66663036063878,41.78585754741218],[-87.66663010476618,41.78588224453574],[-87.66653842834904,41.7858830846063],[-87.66653852786878,41.78587348016954],[-87.66649086353182,41.78587320350497],[-87.66649076400499,41.785882807941626],[-87.66641192029455,41.78588372239979],[-87.66641064162374,41.785830201325076],[-87.66646563889802,41.78583052058981],[-87.66647676631852,41.785818235878104]]]]},"properties":{"no_stories":"0","suf_dir1":"","x_coord":"1166104.51224034","shape_area":"1264.5","year_built":"1912","cdb_city_i":"","stories":"2","y_coord":"1865261.52278754","unit_name":"","qc_date":"2003-06-16T07:00:00.000Z","edit_date":null,"non_standa":"","label_hous":"5929","st_name1":"PAULINA","t_add1":"5929","z_coord":"0","qc_userid":"DS06284","qc_source":"PARCELS","orig_bldg_":"511252","footprint_":"AERIALS98","st_type1":"ST","bldg_statu":"ACTIVE","condition_":"2001-12-01T08:00:00.000Z","bldg_name2":"","bldg_activ":"1998-04-01T08:00:00.000Z","edit_useri":"","bldg_sq_fo":"2366.0","edit_sourc":"","f_add1":"5929","vacancy_st":"","bldg_creat":"1998-04-01T08:00:00.000Z","no_of_unit":"2","bldg_end_d":null,"bldg_id":"511252","create_use":"","demolished":null,"pre_dir1":"S","bldg_condi":"NEEDS MINOR REPAIR","bldg_name1":"","comments":"","shape_len":"173.021734404","harris_str":"02018406016000"}},{"type":"Feature","geometry":{"type":"MultiPolygon","coordinates":[[[[-87.66787173908156,41.78601568089888],[-87.6678729622145,41.78607469021536],[-87.66767860933736,41.786076308529196],[-87.66767738638264,41.78601729921196],[-87.66787173908156,41.78601568089888]]]]},"properties":{"no_stories":"0","suf_dir1":"","x_coord":"1165762.36360631","shape_area":"1140.0","year_built":"1909","cdb_city_i":"","stories":"1","y_coord":"1865329.68019494","unit_name":"","qc_date":"2003-06-16T07:00:00.000Z","edit_date":null,"non_standa":"","label_hous":"5921","st_name1":"HERMITAGE","t_add1":"5921","z_coord":"0","qc_userid":"DS06284","qc_source":"PARCELS","orig_bldg_":"510690","footprint_":"AERIALS98","st_type1":"AVE","bldg_statu":"ACTIVE","condition_":"2001-12-01T08:00:00.000Z","bldg_name2":"","bldg_activ":"1998-04-01T08:00:00.000Z","edit_useri":"","bldg_sq_fo":"861.0","edit_sourc":"","f_add1":"5921","vacancy_st":"","bldg_creat":"1998-04-01T08:00:00.000Z","no_of_unit":"1","bldg_end_d":null,"bldg_id":"510690","create_use":"","demolished":null,"pre_dir1":"S","bldg_condi":"NEEDS MINOR REPAIR","bldg_name1":"","comments":"","shape_len":"149.030492581","harris_str":"02018405013000"}},{"type":"Feature","geometry":{"type":"MultiPolygon","coordinates":[[[[-87.66741423963002,41.78628883098495],[-87.66741547654395,41.786346468237966],[-87.66734579855792,41.78634743646594],[-87.6673445617064,41.78628979921264],[-87.66741423963002,41.78628883098495]]]]},"properties":{"no_stories":"0","suf_dir1":"","x_coord":"1165869.36430699","shape_area":"399.25","year_built":"0","cdb_city_i":"","stories":"0","y_coord":"1865429.61846655","unit_name":"","qc_date":null,"edit_date":null,"non_standa":"","label_hous":"0","st_name1":"","t_add1":"0","z_coord":"0","qc_userid":"","qc_source":"","orig_bldg_":"509838","footprint_":"AERIALS98","st_type1":"","bldg_statu":"ACTIVE","condition_":null,"bldg_name2":"","bldg_activ":"1998-04-01T08:00:00.000Z","edit_useri":"","bldg_sq_fo":"0.0","edit_sourc":"","f_add1":"0","vacancy_st":"","bldg_creat":"1998-04-01T08:00:00.000Z","no_of_unit":"0","bldg_end_d":null,"bldg_id":"509838","create_use":"","demolished":null,"pre_dir1":"","bldg_condi":"","bldg_name1":"","comments":"","shape_len":"80.0250586927","harris_str":""}},{"type":"Feature","geometry":{"type":"MultiPolygon","coordinates":[[[[-87.66785733982275,41.78581252003655],[-87.66785857713002,41.78587015729238],[-87.66766055838241,41.785871754341194],[-87.66765930705934,41.78581548914725],[-87.66785733982275,41.78581252003655]]]]},"properties":{"no_stories":"0","suf_dir1":"","x_coord":"1165767.36637178","shape_area":"1121.125","year_built":"1909","cdb_city_i":"","stories":"1","y_coord":"1865255.39933074","unit_name":"","qc_date":"2003-06-16T07:00:00.000Z","edit_date":null,"non_standa":"","label_hous":"5929","st_name1":"HERMITAGE","t_add1":"5929","z_coord":"0","qc_userid":"DS06284","qc_source":"PARCELS","orig_bldg_":"511313","footprint_":"AERIALS98","st_type1":"AVE","bldg_statu":"ACTIVE","condition_":"2001-12-01T08:00:00.000Z","bldg_name2":"","bldg_activ":"1998-04-01T08:00:00.000Z","edit_useri":"","bldg_sq_fo":"840.0","edit_sourc":"","f_add1":"5929","vacancy_st":"","bldg_creat":"1998-04-01T08:00:00.000Z","no_of_unit":"1","bldg_end_d":null,"bldg_id":"511313","create_use":"","demolished":null,"pre_dir1":"S","bldg_condi":"NEEDS MAJOR REPAIR","bldg_name1":"","comments":"","shape_len":"149.542135974","harris_str":"02018405016000"}},{"type":"Feature","geometry":{"type":"MultiPolygon","coordinates":[[[[-87.66595612085217,41.78616922584938],[-87.66595714301381,41.78624744404191],[-87.66573342907368,41.78625163278238],[-87.6657305881665,41.78617203187431],[-87.66595612085217,41.78616922584938]]]]},"properties":{"no_stories":"0","suf_dir1":"","x_coord":"1166288.47608948","shape_area":"1762.25","year_built":"1909","cdb_city_i":"","stories":"2","y_coord":"1865394.1740221","unit_name":"","qc_date":"2003-06-16T07:00:00.000Z","edit_date":null,"non_standa":"","label_hous":"5916","st_name1":"MARSHFIELD","t_add1":"5916","z_coord":"0","qc_userid":"DS06284","qc_source":"PARCELS","orig_bldg_":"510095","footprint_":"AERIALS98","st_type1":"AVE","bldg_statu":"ACTIVE","condition_":"2001-12-01T08:00:00.000Z","bldg_name2":"","bldg_activ":"1998-04-01T08:00:00.000Z","edit_useri":"","bldg_sq_fo":"962.0","edit_sourc":"","f_add1":"5916","vacancy_st":"","bldg_creat":"1998-04-01T08:00:00.000Z","no_of_unit":"1","bldg_end_d":null,"bldg_id":"510095","create_use":"","demolished":null,"pre_dir1":"S","bldg_condi":"NEEDS MINOR REPAIR","bldg_name1":"","comments":"","shape_len":"180.072689926","harris_str":"02018406029000"}},{"type":"Feature","geometry":{"type":"MultiPolygon","coordinates":[[[[-87.66712181277104,41.78602368371309],[-87.66712300680676,41.78608543715746],[-87.66694881964453,41.78608717117859],[-87.66694735581517,41.786051486920535],[-87.66696753576188,41.786050231831155],[-87.6669677915065,41.78602553470662],[-87.66712181277104,41.78602368371309]]]]},"properties":{"no_stories":"0","suf_dir1":"","x_coord":"1165964.19729758","shape_area":"1018.0","year_built":"1909","cdb_city_i":"","stories":"2","y_coord":"1865334.74192335","unit_name":"","qc_date":"2003-06-16T07:00:00.000Z","edit_date":null,"non_standa":"","label_hous":"5920","st_name1":"PAULINA","t_add1":"5920","z_coord":"0","qc_userid":"DS06284","qc_source":"PARCELS","orig_bldg_":"510649","footprint_":"AERIALS98","st_type1":"ST","bldg_statu":"ACTIVE","condition_":"2001-12-01T08:00:00.000Z","bldg_name2":"","bldg_activ":"1998-04-01T08:00:00.000Z","edit_useri":"","bldg_sq_fo":"873.0","edit_sourc":"","f_add1":"5920","vacancy_st":"","bldg_creat":"1998-04-01T08:00:00.000Z","no_of_unit":"1","bldg_end_d":null,"bldg_id":"510649","create_use":"","demolished":null,"pre_dir1":"S","bldg_condi":"NEEDS MINOR REPAIR","bldg_name1":"","comments":"","shape_len":"139.560275435","harris_str":"02018405030000"}},{"type":"Feature","geometry":{"type":"MultiPolygon","coordinates":[[[[-87.66497054805143,41.78644753009408],[-87.66497169727242,41.78651339972666],[-87.66458661258999,41.78652076371671],[-87.6645835449492,41.786463115781615],[-87.66470824938769,41.78645972521677],[-87.66470832066976,41.786452864908064],[-87.66497054805143,41.78644753009408]]]]},"properties":{"no_stories":"0","suf_dir1":"","x_coord":"1166578.52195782","shape_area":"2429.875","year_built":"1985","cdb_city_i":"","stories":"1","y_coord":"1865495.98883692","unit_name":"","qc_date":null,"edit_date":"2008-05-13T07:00:00.000Z","non_standa":"","label_hous":"1607","st_name1":"59TH","t_add1":"1607","z_coord":"0","qc_userid":"","qc_source":"","orig_bldg_":"509320","footprint_":"AERIALS98","st_type1":"ST","bldg_statu":"ACTIVE","condition_":"2001-12-01T08:00:00.000Z","bldg_name2":"","bldg_activ":"1998-04-01T08:00:00.000Z","edit_useri":"DT00255","bldg_sq_fo":"2800.0","edit_sourc":"","f_add1":"1607","vacancy_st":"","bldg_creat":"1998-04-01T08:00:00.000Z","no_of_unit":"0","bldg_end_d":null,"bldg_id":"509320","create_use":"","demolished":null,"pre_dir1":"W","bldg_condi":"NEEDS MINOR REPAIR","bldg_name1":"","comments":"","shape_len":"258.164086043","harris_str":"02018407024000"}},{"type":"Feature","geometry":{"type":"MultiPolygon","coordinates":[[[[-87.66494216166015,41.78617979671379],[-87.6649516933075,41.78632118308145],[-87.6649131806818,41.78632233115127],[-87.66490364911895,41.786180944781066],[-87.66494216166015,41.78617979671379]]]]},"properties":{"no_stories":"0","suf_dir1":"","x_coord":"1166538.20892296","shape_area":"542.25","year_built":"0","cdb_city_i":"","stories":"0","y_coord":"1865412.2511826","unit_name":"","qc_date":null,"edit_date":"2008-05-13T07:00:00.000Z","non_standa":"","label_hous":"5912","st_name1":"ASHLAND","t_add1":"5916","z_coord":"0","qc_userid":"","qc_source":"","orig_bldg_":"509876","footprint_":"AERIALS98","st_type1":"AVE","bldg_statu":"ACTIVE","condition_":null,"bldg_name2":"","bldg_activ":"1998-04-01T08:00:00.000Z","edit_useri":"DT00255","bldg_sq_fo":"0.0","edit_sourc":"","f_add1":"5912","vacancy_st":"","bldg_creat":"1998-04-01T08:00:00.000Z","no_of_unit":"0","bldg_end_d":null,"bldg_id":"509876","create_use":"","demolished":null,"pre_dir1":"S","bldg_condi":"","bldg_name1":"","comments":"","shape_len":"124.198405321","harris_str":""}},{"type":"Feature","geometry":{"type":"MultiPolygon","coordinates":[[[[-87.66575377026425,41.78715379890879],[-87.66575335746417,41.78719358870281],[-87.66568219199351,41.78719646827858],[-87.66568212366062,41.7872030541754],[-87.6653366992974,41.78720433929572],[-87.6653260806096,41.78695564495095],[-87.66529968146243,41.786955491441965],[-87.66529655217863,41.786833077943825],[-87.66567721035918,41.78682843014053],[-87.66567823913229,41.787153359965885],[-87.66575377026425,41.78715379890879]]]]},"properties":{"no_stories":"0","suf_dir1":"","x_coord":"1166373.34311212","shape_area":"13566.41","year_built":"2005","cdb_city_i":"","stories":"0","y_coord":"1865686.93851212","unit_name":"","qc_date":"2006-07-19T07:00:00.000Z","edit_date":"2008-08-20T07:00:00.000Z","non_standa":"","label_hous":"1604","st_name1":"59TH","t_add1":"1620","z_coord":"0","qc_userid":"DT00255","qc_source":"","orig_bldg_":"834253","footprint_":"AERIALS","st_type1":"ST","bldg_statu":"ACTIVE","condition_":"2006-07-19T07:00:00.000Z","bldg_name2":"","bldg_activ":"2006-07-19T07:00:00.000Z","edit_useri":"DT00255","bldg_sq_fo":"0.0","edit_sourc":"","f_add1":"1604","vacancy_st":"","bldg_creat":"2006-07-19T07:00:00.000Z","no_of_unit":"0","bldg_end_d":null,"bldg_id":"834253","create_use":"DT00255","demolished":null,"pre_dir1":"W","bldg_condi":"SOUND","bldg_name1":"","comments":"","shape_len":"515.868539052","harris_str":""}},{"type":"Feature","geometry":{"type":"MultiPolygon","coordinates":[[[[-87.66787286289323,41.78608429465437],[-87.66787408602772,41.78614330397015],[-87.66763938720798,41.78614606064691],[-87.66763816428875,41.78608705133021],[-87.66787286289323,41.78608429465437]]]]},"properties":{"no_stories":"0","suf_dir1":"","x_coord":"1165767.36288854","shape_area":"1376.75","year_built":"1909","cdb_city_i":"","stories":"1","y_coord":"1865354.96105914","unit_name":"","qc_date":"2003-06-16T07:00:00.000Z","edit_date":null,"non_standa":"","label_hous":"5919","st_name1":"HERMITAGE","t_add1":"5919","z_coord":"0","qc_userid":"DS06284","qc_source":"PARCELS","orig_bldg_":"510471","footprint_":"AERIALS98","st_type1":"AVE","bldg_statu":"ACTIVE","condition_":"2001-12-01T08:00:00.000Z","bldg_name2":"","bldg_activ":"1998-04-01T08:00:00.000Z","edit_useri":"","bldg_sq_fo":"984.0","edit_sourc":"","f_add1":"5919","vacancy_st":"","bldg_creat":"1998-04-01T08:00:00.000Z","no_of_unit":"1","bldg_end_d":null,"bldg_id":"510471","create_use":"","demolished":null,"pre_dir1":"S","bldg_condi":"NEEDS MINOR REPAIR","bldg_name1":"","comments":"","shape_len":"171.046777759","harris_str":"02018405012000"}},{"type":"Feature","geometry":{"type":"MultiPolygon","coordinates":[[[[-87.66769688988748,41.78643591640403],[-87.66769898102258,41.786588236593055],[-87.66761646992501,41.786589130627206],[-87.66761254572504,41.7864367998146],[-87.66769688988748,41.78643591640403]]]]},"properties":{"no_stories":"0","suf_dir1":"","x_coord":"1165793.44417654","shape_area":"1263.25","year_built":"1914","cdb_city_i":"","stories":"1","y_coord":"1865501.99809618","unit_name":"","qc_date":"2003-06-16T07:00:00.000Z","edit_date":"2002-12-20T08:00:00.000Z","non_standa":"","label_hous":"1719","st_name1":"59TH","t_add1":"1719","z_coord":"0","qc_userid":"DS06284","qc_source":"PARCELS","orig_bldg_":"509158","footprint_":"AERIALS98","st_type1":"ST","bldg_statu":"ACTIVE","condition_":"2001-12-01T08:00:00.000Z","bldg_name2":"","bldg_activ":"1998-04-01T08:00:00.000Z","edit_useri":"MAN","bldg_sq_fo":"768.0","edit_sourc":"SANBORN_MAP","f_add1":"1719","vacancy_st":"","bldg_creat":"1998-04-01T08:00:00.000Z","no_of_unit":"1","bldg_end_d":null,"bldg_id":"509158","create_use":"","demolished":null,"pre_dir1":"W","bldg_condi":"NEEDS MINOR REPAIR","bldg_name1":"","comments":"","shape_len":"156.540263858","harris_str":"02018405003000"}},{"type":"Feature","geometry":{"type":"MultiPolygon","coordinates":[[[[-87.66530754438114,41.78630404286362],[-87.66531137349585,41.78664161273384],[-87.66504549306002,41.786645554929244],[-87.66503582358894,41.786340882551606],[-87.66507469243757,41.786305432893805],[-87.66530754438114,41.78630404286362]]]]},"properties":{"no_stories":"0","suf_dir1":"","x_coord":"1166470.18875479","shape_area":"8999.75","year_built":"1928","cdb_city_i":"","stories":"1","y_coord":"1865497.75735543","unit_name":"","qc_date":null,"edit_date":"2008-08-20T07:00:00.000Z","non_standa":"","label_hous":"1615","st_name1":"59TH","t_add1":"1617","z_coord":"0","qc_userid":"","qc_source":"","orig_bldg_":"508970","footprint_":"AERIALS98","st_type1":"ST","bldg_statu":"ACTIVE","condition_":"2001-12-01T08:00:00.000Z","bldg_name2":"","bldg_activ":"1998-04-01T08:00:00.000Z","edit_useri":"DT00255","bldg_sq_fo":"9200.0","edit_sourc":"","f_add1":"1615","vacancy_st":"","bldg_creat":"1998-04-01T08:00:00.000Z","no_of_unit":"0","bldg_end_d":null,"bldg_id":"508970","create_use":"","demolished":null,"pre_dir1":"W","bldg_condi":"NEEDS MINOR REPAIR","bldg_name1":"","comments":"","shape_len":"386.817655015","harris_str":"02018407003000"}},{"type":"Feature","geometry":{"type":"MultiPolygon","coordinates":[[[[-87.66662215944898,41.78629521402968],[-87.66669160995883,41.78631619923761],[-87.66665049649609,41.786391428616895],[-87.66658106013553,41.7863690713216],[-87.66662215944898,41.78629521402968]]]]},"properties":{"no_stories":"0","suf_dir1":"","x_coord":"1166073.08292023","shape_area":"603.0","year_built":"0","cdb_city_i":"","stories":"0","y_coord":"1865441.20179988","unit_name":"","qc_date":null,"edit_date":null,"non_standa":"","label_hous":"0","st_name1":"","t_add1":"0","z_coord":"0","qc_userid":"","qc_source":"","orig_bldg_":"509705","footprint_":"AERIALS98","st_type1":"","bldg_statu":"ACTIVE","condition_":null,"bldg_name2":"","bldg_activ":"1998-04-01T08:00:00.000Z","edit_useri":"","bldg_sq_fo":"0.0","edit_sourc":"","f_add1":"0","vacancy_st":"","bldg_creat":"1998-04-01T08:00:00.000Z","no_of_unit":"0","bldg_end_d":null,"bldg_id":"509705","create_use":"","demolished":null,"pre_dir1":"","bldg_condi":"","bldg_name1":"","comments":"","shape_len":"99.8153922574","harris_str":""}},{"type":"Feature","geometry":{"type":"MultiPolygon","coordinates":[[[[-87.6670536125746,41.785881957263605],[-87.66706817908734,41.785891646759225],[-87.66714335631511,41.78589071058887],[-87.66714297280097,41.78592775627783],[-87.66715395807006,41.785929192125444],[-87.66715377341788,41.785947028938594],[-87.66697775338454,41.785948752375596],[-87.66697616167116,41.7859254166795],[-87.66696344261803,41.78591436574362],[-87.666961765662,41.78589926242227],[-87.66697101713252,41.78589108321593],[-87.66702052893864,41.78588999825177],[-87.66703159943798,41.78588320173586],[-87.6670536125746,41.785881957263605]]]]},"properties":{"no_stories":"0","suf_dir1":"","x_coord":"1165958.87487982","shape_area":"1028.75","year_built":"1909","cdb_city_i":"","stories":"2","y_coord":"1865283.80365173","unit_name":"","qc_date":"2003-06-16T07:00:00.000Z","edit_date":null,"non_standa":"","label_hous":"5924","st_name1":"PAULINA","t_add1":"5924","z_coord":"0","qc_userid":"DS06284","qc_source":"PARCELS","orig_bldg_":"511073","footprint_":"AERIALS98","st_type1":"ST","bldg_statu":"ACTIVE","condition_":"2001-12-01T08:00:00.000Z","bldg_name2":"","bldg_activ":"1998-04-01T08:00:00.000Z","edit_useri":"","bldg_sq_fo":"2136.0","edit_sourc":"","f_add1":"5924","vacancy_st":"","bldg_creat":"1998-04-01T08:00:00.000Z","no_of_unit":"2","bldg_end_d":null,"bldg_id":"511073","create_use":"","demolished":null,"pre_dir1":"S","bldg_condi":"NEEDS MINOR REPAIR","bldg_name1":"","comments":"","shape_len":"143.565716012","harris_str":"02018405032000"}},{"type":"Feature","geometry":{"type":"MultiPolygon","coordinates":[[[[-87.66663335851037,41.786099062310946],[-87.66665159150882,41.786108773137045],[-87.66665140671624,41.786126609947814],[-87.66663850288381,41.78613339578719],[-87.66663823279676,41.78615946497195],[-87.66644386544041,41.786162453257035],[-87.6664408245866,41.786102061231304],[-87.66663335851037,41.786099062310946]]]]},"properties":{"no_stories":"0","suf_dir1":"","x_coord":"1166098.87998293","shape_area":"1209.5","year_built":"1909","cdb_city_i":"","stories":"2","y_coord":"1865363.24192334","unit_name":"","qc_date":"2003-06-16T07:00:00.000Z","edit_date":null,"non_standa":"","label_hous":"5919","st_name1":"PAULINA","t_add1":"5919","z_coord":"0","qc_userid":"DS06284","qc_source":"PARCELS","orig_bldg_":"510364","footprint_":"AERIALS98","st_type1":"ST","bldg_statu":"ACTIVE","condition_":"2001-12-01T08:00:00.000Z","bldg_name2":"","bldg_activ":"1998-04-01T08:00:00.000Z","edit_useri":"","bldg_sq_fo":"1968.0","edit_sourc":"","f_add1":"5919","vacancy_st":"","bldg_creat":"1998-04-01T08:00:00.000Z","no_of_unit":"2","bldg_end_d":null,"bldg_id":"510364","create_use":"","demolished":null,"pre_dir1":"S","bldg_condi":"NEEDS MINOR REPAIR","bldg_name1":"","comments":"","shape_len":"153.969802353","harris_str":"02018406012000"}},{"type":"Feature","geometry":{"type":"MultiPolygon","coordinates":[[[[-87.66593619941796,41.785968776970215],[-87.66593746346535,41.78602367010826],[-87.66575774825085,41.786028114497995],[-87.66575648435675,41.78597322135914],[-87.66593619941796,41.785968776970215]]]]},"properties":{"no_stories":"0","suf_dir1":"","x_coord":"1166288.36195544","shape_area":"981.0","year_built":"1904","cdb_city_i":"","stories":"1","y_coord":"1865316.39933075","unit_name":"","qc_date":null,"edit_date":null,"non_standa":"","label_hous":"5922","st_name1":"MARSHFIELD","t_add1":"5922","z_coord":"0","qc_userid":"","qc_source":"","orig_bldg_":"510814","footprint_":"AERIALS98","st_type1":"AVE","bldg_statu":"ACTIVE","condition_":"2001-12-01T08:00:00.000Z","bldg_name2":"","bldg_activ":"1998-04-01T08:00:00.000Z","edit_useri":"","bldg_sq_fo":"867.0","edit_sourc":"","f_add1":"5922","vacancy_st":"","bldg_creat":"1998-04-01T08:00:00.000Z","no_of_unit":"1","bldg_end_d":null,"bldg_id":"510814","create_use":"","demolished":null,"pre_dir1":"S","bldg_condi":"NEEDS MINOR REPAIR","bldg_name1":"","comments":"","shape_len":"138.094096729","harris_str":"02018406032000"}},{"type":"Feature","geometry":{"type":"MultiPolygon","coordinates":[[[[-87.66622100195634,41.786438332555285],[-87.66629981790248,41.786440162357614],[-87.66629651971873,41.786581474116986],[-87.66621768937539,41.786581016373326],[-87.66622100195634,41.786438332555285]]]]},"properties":{"no_stories":"0","suf_dir1":"","x_coord":"1166174.67570648","shape_area":"1112.75","year_built":"1972","cdb_city_i":"","stories":"1","y_coord":"1865503.7511826","unit_name":"","qc_date":"2003-06-16T07:00:00.000Z","edit_date":null,"non_standa":"","label_hous":"1647","st_name1":"59TH","t_add1":"1647","z_coord":"0","qc_userid":"DS06284","qc_source":"PARCELS","orig_bldg_":"509157","footprint_":"AERIALS98","st_type1":"ST","bldg_statu":"ACTIVE","condition_":"2001-12-01T08:00:00.000Z","bldg_name2":"","bldg_activ":"1998-04-01T08:00:00.000Z","edit_useri":"","bldg_sq_fo":"969.0","edit_sourc":"","f_add1":"1647","vacancy_st":"","bldg_creat":"1998-04-01T08:00:00.000Z","no_of_unit":"1","bldg_end_d":null,"bldg_id":"509157","create_use":"","demolished":null,"pre_dir1":"W","bldg_condi":"SOUND","bldg_name1":"","comments":"","shape_len":"146.510644085","harris_str":"02018406005000"}},{"type":"Feature","geometry":{"type":"MultiPolygon","coordinates":[[[[-87.66538869971336,41.78590384846146],[-87.66538813004735,41.785958730943804],[-87.66521577646142,41.785960472998255],[-87.66521634627448,41.78590559051787],[-87.66538869971336,41.78590384846146]]]]},"properties":{"no_stories":"0","suf_dir1":"","x_coord":"1166437.14590605","shape_area":"940.0","year_built":"1960","cdb_city_i":"","stories":"2","y_coord":"1865293.33760235","unit_name":"","qc_date":"2003-06-16T07:00:00.000Z","edit_date":null,"non_standa":"","label_hous":"5925","st_name1":"MARSHFIELD","t_add1":"5925","z_coord":"0","qc_userid":"DS06284","qc_source":"PARCELS","orig_bldg_":"510998","footprint_":"AERIALS98","st_type1":"AVE","bldg_statu":"ACTIVE","condition_":"2001-12-01T08:00:00.000Z","bldg_name2":"","bldg_activ":"1998-04-01T08:00:00.000Z","edit_useri":"","bldg_sq_fo":"1478.0","edit_sourc":"","f_add1":"5925","vacancy_st":"","bldg_creat":"1998-04-01T08:00:00.000Z","no_of_unit":"1","bldg_end_d":null,"bldg_id":"510998","create_use":"","demolished":null,"pre_dir1":"S","bldg_condi":"SOUND","bldg_name1":"","comments":"","shape_len":"134.021274188","harris_str":"02018407009000"}},{"type":"Feature","geometry":{"type":"MultiPolygon","coordinates":[[[[-87.6660820481868,41.78604783643962],[-87.66615537812909,41.78604826233162],[-87.66615488024101,41.78609628450999],[-87.66608155024399,41.78609585861728],[-87.6660820481868,41.78604783643962]]]]},"properties":{"no_stories":"0","suf_dir1":"","x_coord":"1166214.14590605","shape_area":"350.0","year_built":"0","cdb_city_i":"","stories":"0","y_coord":"1865342.37155296","unit_name":"","qc_date":null,"edit_date":null,"non_standa":"","label_hous":"0","st_name1":"","t_add1":"0","z_coord":"0","qc_userid":"","qc_source":"","orig_bldg_":"510608","footprint_":"AERIALS98","st_type1":"","bldg_statu":"ACTIVE","condition_":null,"bldg_name2":"","bldg_activ":"1998-04-01T08:00:00.000Z","edit_useri":"","bldg_sq_fo":"0.0","edit_sourc":"","f_add1":"0","vacancy_st":"","bldg_creat":"1998-04-01T08:00:00.000Z","no_of_unit":"0","bldg_end_d":null,"bldg_id":"510608","create_use":"","demolished":null,"pre_dir1":"","bldg_condi":"","bldg_name1":"","comments":"","shape_len":"75.0","harris_str":""}},{"type":"Feature","geometry":{"type":"MultiPolygon","coordinates":[[[[-87.66480658416097,41.78594172646809],[-87.66491699799784,41.785939660032966],[-87.66491675883627,41.78596268494709],[-87.66480635903578,41.78596339647057],[-87.66480658416097,41.78594172646809]]]]},"properties":{"no_stories":"0","suf_dir1":"","x_coord":"1166557.23959647","shape_area":"245.18095459","year_built":"2007","cdb_city_i":"","stories":"0","y_coord":"1865300.15374648","unit_name":"","qc_date":"2008-05-13T07:00:00.000Z","edit_date":"2008-05-13T07:00:00.000Z","non_standa":"","label_hous":"5926","st_name1":"ASHLAND","t_add1":"5926","z_coord":"0","qc_userid":"DT00255","qc_source":"","orig_bldg_":"883960","footprint_":"AERIALS","st_type1":"AVE","bldg_statu":"ACTIVE","condition_":"2008-05-13T07:00:00.000Z","bldg_name2":"","bldg_activ":"2008-05-13T07:00:00.000Z","edit_useri":"DT00255","bldg_sq_fo":"0.0","edit_sourc":"","f_add1":"5926","vacancy_st":"","bldg_creat":"2008-05-13T07:00:00.000Z","no_of_unit":"0","bldg_end_d":null,"bldg_id":"883960","create_use":"DT00255","demolished":null,"pre_dir1":"S","bldg_condi":"SOUND","bldg_name1":"","comments":"","shape_len":"76.5210012132","harris_str":""}},{"type":"Feature","geometry":{"type":"MultiPolygon","coordinates":[[[[-87.66585250787352,41.78660579027892],[-87.665848031334,41.78640423801414],[-87.66600012641042,41.786409217690576],[-87.66600253245721,41.78659928979435],[-87.66598828762213,41.78660084504427],[-87.66599147686559,41.78660987470231],[-87.66594550775818,41.78660960765826],[-87.66594557571806,41.786603054990024],[-87.66591380048949,41.786606146385935],[-87.66591374100923,41.78661188117651],[-87.66586667623912,41.786611607735445],[-87.66586672721785,41.78660669296637],[-87.66585250787352,41.78660579027892]]]]},"properties":{"no_stories":"0","suf_dir1":"","x_coord":"1166265.61303397","shape_area":"3023.24470978","year_built":"2008","cdb_city_i":"","stories":"3","y_coord":"1865499.8103871","unit_name":"","qc_date":"2010-06-02T07:00:00.000Z","edit_date":"2010-06-02T07:00:00.000Z","non_standa":"","label_hous":"1637","st_name1":"59TH","t_add1":"1637","z_coord":"0","qc_userid":"DS01228","qc_source":"","orig_bldg_":"890575","footprint_":"AERIALS","st_type1":"ST","bldg_statu":"ACTIVE","condition_":"2010-06-02T07:00:00.000Z","bldg_name2":"","bldg_activ":"2010-06-02T07:00:00.000Z","edit_useri":"DS01228","bldg_sq_fo":"0.0","edit_sourc":"","f_add1":"1637","vacancy_st":"","bldg_creat":"2010-06-02T07:00:00.000Z","no_of_unit":"6","bldg_end_d":null,"bldg_id":"890575","create_use":"DS01228","demolished":null,"pre_dir1":"W","bldg_condi":"SOUND","bldg_name1":"","comments":"","shape_len":"235.846390472","harris_str":""}},{"type":"Feature","geometry":{"type":"MultiPolygon","coordinates":[[[[-87.66786511553231,41.785947035284465],[-87.66786635284757,41.78600467253892],[-87.66764815376514,41.786007524810785],[-87.66764691664535,41.78594988755542],[-87.66786511553231,41.785947035284465]]]]},"properties":{"no_stories":"0","suf_dir1":"","x_coord":"1165767.61283727","shape_area":"1250.25","year_built":"1909","cdb_city_i":"","stories":"1","y_coord":"1865304.68019494","unit_name":"","qc_date":"2003-06-16T07:00:00.000Z","edit_date":null,"non_standa":"","label_hous":"5923","st_name1":"HERMITAGE","t_add1":"5923","z_coord":"0","qc_userid":"DS06284","qc_source":"PARCELS","orig_bldg_":"510895","footprint_":"AERIALS98","st_type1":"AVE","bldg_statu":"ACTIVE","condition_":"2001-12-01T08:00:00.000Z","bldg_name2":"","bldg_activ":"1998-04-01T08:00:00.000Z","edit_useri":"","bldg_sq_fo":"861.0","edit_sourc":"","f_add1":"5923","vacancy_st":"","bldg_creat":"1998-04-01T08:00:00.000Z","no_of_unit":"1","bldg_end_d":null,"bldg_id":"510895","create_use":"","demolished":null,"pre_dir1":"S","bldg_condi":"NEEDS MINOR REPAIR","bldg_name1":"","comments":"","shape_len":"161.049712195","harris_str":"02018405014000"}},{"type":"Feature","geometry":{"type":"MultiPolygon","coordinates":[[[[-87.66650562216454,41.78724433620679],[-87.66601819903872,41.787254678491095],[-87.66600482556927,41.786847073855185],[-87.66648748194675,41.78683642952397],[-87.66650562216454,41.78724433620679]]]]},"properties":{"no_stories":"0","suf_dir1":"","x_coord":"1166174.14311212","shape_area":"19672.17","year_built":"2004","cdb_city_i":"","stories":"0","y_coord":"1865695.83851212","unit_name":"","qc_date":"2006-07-19T07:00:00.000Z","edit_date":"2006-07-19T07:00:00.000Z","non_standa":"","label_hous":"1640","st_name1":"59TH","t_add1":"1650","z_coord":"0","qc_userid":"DT00255","qc_source":"","orig_bldg_":"834254","footprint_":"AERIALS","st_type1":"ST","bldg_statu":"ACTIVE","condition_":"2006-07-19T07:00:00.000Z","bldg_name2":"","bldg_activ":"2006-07-19T07:00:00.000Z","edit_useri":"DT00255","bldg_sq_fo":"0.0","edit_sourc":"EXTRAPOLATION","f_add1":"1640","vacancy_st":"","bldg_creat":"2006-07-19T07:00:00.000Z","no_of_unit":"0","bldg_end_d":null,"bldg_id":"834254","create_use":"DT00255","demolished":null,"pre_dir1":"W","bldg_condi":"SOUND","bldg_name1":"","comments":"","shape_len":"561.980549965","harris_str":""}},{"type":"Feature","geometry":{"type":"MultiPolygon","coordinates":[[[[-87.66760147519031,41.78644359638559],[-87.66760547033783,41.78658906688562],[-87.66752845903233,41.786589992727464],[-87.66752629731928,41.78644453285099],[-87.66760147519031,41.78644359638559]]]]},"properties":{"no_stories":"0","suf_dir1":"","x_coord":"1165818.19183838","shape_area":"1100.375","year_built":"1909","cdb_city_i":"","stories":"2","y_coord":"1865503.59377519","unit_name":"","qc_date":"2003-06-16T07:00:00.000Z","edit_date":null,"non_standa":"","label_hous":"1717","st_name1":"59TH","t_add1":"1717","z_coord":"0","qc_userid":"DS06284","qc_source":"PARCELS","orig_bldg_":"509155","footprint_":"AERIALS98","st_type1":"ST","bldg_statu":"ACTIVE","condition_":"2001-12-01T08:00:00.000Z","bldg_name2":"","bldg_activ":"1998-04-01T08:00:00.000Z","edit_useri":"","bldg_sq_fo":"1323.0","edit_sourc":"","f_add1":"1717","vacancy_st":"","bldg_creat":"1998-04-01T08:00:00.000Z","no_of_unit":"1","bldg_end_d":null,"bldg_id":"509155","create_use":"","demolished":null,"pre_dir1":"W","bldg_condi":"NEEDS MAJOR REPAIR","bldg_name1":"","comments":"","shape_len":"147.542703481","harris_str":"02018405004000"}},{"type":"Feature","geometry":{"type":"MultiPolygon","coordinates":[[[[-87.66494987033553,41.785967159117256],[-87.66495692743196,41.786170277608505],[-87.6645700115507,41.78617763089247],[-87.66456478892127,41.78597452305873],[-87.66494987033553,41.785967159117256]]]]},"properties":{"no_stories":"0","suf_dir1":"","x_coord":"1166584.36953594","shape_area":"7796.375","year_built":"1920","cdb_city_i":"","stories":"1","y_coord":"1865349.07525668","unit_name":"","qc_date":null,"edit_date":null,"non_standa":"","label_hous":"5918","st_name1":"ASHLAND","t_add1":"5922","z_coord":"0","qc_userid":"","qc_source":"","orig_bldg_":"510297","footprint_":"AERIALS98","st_type1":"AVE","bldg_statu":"ACTIVE","condition_":"2001-12-01T08:00:00.000Z","bldg_name2":"","bldg_activ":"1998-04-01T08:00:00.000Z","edit_useri":"","bldg_sq_fo":"7500.0","edit_sourc":"","f_add1":"5918","vacancy_st":"","bldg_creat":"1998-04-01T08:00:00.000Z","no_of_unit":"0","bldg_end_d":null,"bldg_id":"510297","create_use":"","demolished":null,"pre_dir1":"S","bldg_condi":"NEEDS MINOR REPAIR","bldg_name1":"","comments":"","shape_len":"358.685597825","harris_str":"02018407042000"}},{"type":"Feature","geometry":{"type":"MultiPolygon","coordinates":[[[[-87.66714308733087,41.786093786474865],[-87.66714294528762,41.786107507099935],[-87.66716127779401,41.786107613408156],[-87.66716265651931,41.78615153003905],[-87.66695545643641,41.7861544447747],[-87.6669557548116,41.786125631463335],[-87.66697042082025,41.78612571653407],[-87.66696890014619,41.786095520526274],[-87.66714308733087,41.786093786474865]]]]},"properties":{"no_stories":"0","suf_dir1":"","x_coord":"1165957.52654841","shape_area":"1128.875","year_built":"1909","cdb_city_i":"","stories":"2","y_coord":"1865359.68019494","unit_name":"","qc_date":"2003-06-16T07:00:00.000Z","edit_date":null,"non_standa":"","label_hous":"5918","st_name1":"PAULINA","t_add1":"5918","z_coord":"0","qc_userid":"DS06284","qc_source":"PARCELS","orig_bldg_":"510413","footprint_":"AERIALS98","st_type1":"ST","bldg_statu":"ACTIVE","condition_":"2001-12-01T08:00:00.000Z","bldg_name2":"","bldg_activ":"1998-04-01T08:00:00.000Z","edit_useri":"","bldg_sq_fo":"939.0","edit_sourc":"","f_add1":"5918","vacancy_st":"","bldg_creat":"1998-04-01T08:00:00.000Z","no_of_unit":"1","bldg_end_d":null,"bldg_id":"510413","create_use":"","demolished":null,"pre_dir1":"S","bldg_condi":"NEEDS MINOR REPAIR","bldg_name1":"","comments":"","shape_len":"155.549601513","harris_str":"02018405029000"}},{"type":"Feature","geometry":{"type":"MultiPolygon","coordinates":[[[[-87.66705667015543,41.78647199728558],[-87.6671355003787,41.78647245445261],[-87.66713868394402,41.78651912583689],[-87.66715143155442,41.786527432628475],[-87.66715074974407,41.78659329162369],[-87.66711586089859,41.78659857788],[-87.66710662354879,41.786605385034015],[-87.66708097204753,41.786603864125674],[-87.66706821022517,41.7865969293887],[-87.66706691679578,41.7865447803862],[-87.66705603086861,41.78653374009303],[-87.66705667015543,41.78647199728558]]]]},"properties":{"no_stories":"0","suf_dir1":"","x_coord":"1165942.63611886","shape_area":"1065.25","year_built":"1909","cdb_city_i":"","stories":"2","y_coord":"1865512.28513321","unit_name":"","qc_date":"2003-06-16T07:00:00.000Z","edit_date":null,"non_standa":"","label_hous":"1705","st_name1":"59TH","t_add1":"1705","z_coord":"0","qc_userid":"DS06284","qc_source":"PARCELS","orig_bldg_":"509114","footprint_":"AERIALS98","st_type1":"ST","bldg_statu":"ACTIVE","condition_":"2001-12-01T08:00:00.000Z","bldg_name2":"","bldg_activ":"1998-04-01T08:00:00.000Z","edit_useri":"","bldg_sq_fo":"1528.0","edit_sourc":"","f_add1":"1705","vacancy_st":"","bldg_creat":"1998-04-01T08:00:00.000Z","no_of_unit":"1","bldg_end_d":null,"bldg_id":"509114","create_use":"","demolished":null,"pre_dir1":"W","bldg_condi":"NEEDS MINOR REPAIR","bldg_name1":"","comments":"","shape_len":"138.208511286","harris_str":"02018405009000"}},{"type":"Feature","geometry":{"type":"MultiPolygon","coordinates":[[[[-87.66714450775804,41.785956580222226],[-87.66714573022358,41.78601558954219],[-87.66694769681824,41.78601855742127],[-87.6669462614075,41.785980129037824],[-87.66697009361769,41.7859802672784],[-87.6669684876985,41.78595830364483],[-87.66714450775804,41.785956580222226]]]]},"properties":{"no_stories":"0","suf_dir1":"","x_coord":"1165961.42568078","shape_area":"1124.125","year_built":"1909","cdb_city_i":"","stories":"2","y_coord":"1865309.96105915","unit_name":"","qc_date":"2003-06-16T07:00:00.000Z","edit_date":null,"non_standa":"","label_hous":"5922","st_name1":"PAULINA","t_add1":"5922","z_coord":"0","qc_userid":"DS06284","qc_source":"PARCELS","orig_bldg_":"510855","footprint_":"AERIALS98","st_type1":"ST","bldg_statu":"ACTIVE","condition_":"2001-12-01T08:00:00.000Z","bldg_name2":"","bldg_activ":"1998-04-01T08:00:00.000Z","edit_useri":"","bldg_sq_fo":"834.0","edit_sourc":"","f_add1":"5922","vacancy_st":"","bldg_creat":"1998-04-01T08:00:00.000Z","no_of_unit":"1","bldg_end_d":null,"bldg_id":"510855","create_use":"","demolished":null,"pre_dir1":"S","bldg_condi":"NEEDS MINOR REPAIR","bldg_name1":"","comments":"","shape_len":"152.061593517","harris_str":"02018405031000"}},{"type":"Feature","geometry":{"type":"MultiPolygon","coordinates":[[[[-87.66629333967016,41.78618078937517],[-87.66629460402409,41.78623568250951],[-87.66623224494211,41.786238064702964],[-87.66622914738892,41.786183160922796],[-87.66629333967016,41.78618078937517]]]]},"properties":{"no_stories":"0","suf_dir1":"","x_coord":"1166174.47854494","shape_area":"345.75","year_built":"0","cdb_city_i":"","stories":"0","y_coord":"1865392.33760235","unit_name":"","qc_date":null,"edit_date":null,"non_standa":"","label_hous":"0","st_name1":"","t_add1":"0","z_coord":"0","qc_userid":"","qc_source":"","orig_bldg_":"510152","footprint_":"AERIALS98","st_type1":"","bldg_statu":"ACTIVE","condition_":null,"bldg_name2":"","bldg_activ":"1998-04-01T08:00:00.000Z","edit_useri":"","bldg_sq_fo":"0.0","edit_sourc":"","f_add1":"0","vacancy_st":"","bldg_creat":"1998-04-01T08:00:00.000Z","no_of_unit":"0","bldg_end_d":null,"bldg_id":"510152","create_use":"","demolished":null,"pre_dir1":"","bldg_condi":"","bldg_name1":"","comments":"","shape_len":"74.5891679271","harris_str":""}},{"type":"Feature","geometry":{"type":"MultiPolygon","coordinates":[[[[-87.66639293020003,41.78647775086834],[-87.66639334140929,41.786614967730564],[-87.6663474955678,41.78661607370771],[-87.6663458329619,41.78659959831797],[-87.66631283420367,41.786599406725024],[-87.66631225249911,41.78647865460965],[-87.66639293020003,41.78647775086834]]]]},"properties":{"no_stories":"0","suf_dir1":"","x_coord":"1166148.84573279","shape_area":"1045.625","year_built":"1912","cdb_city_i":"","stories":"1","y_coord":"1865516.90859","unit_name":"","qc_date":"2003-06-16T07:00:00.000Z","edit_date":null,"non_standa":"","label_hous":"1649","st_name1":"59TH","t_add1":"1649","z_coord":"0","qc_userid":"DS06284","qc_source":"PARCELS","orig_bldg_":"509084","footprint_":"AERIALS98","st_type1":"ST","bldg_statu":"ACTIVE","condition_":"2001-12-01T08:00:00.000Z","bldg_name2":"","bldg_activ":"1998-04-01T08:00:00.000Z","edit_useri":"","bldg_sq_fo":"783.0","edit_sourc":"","f_add1":"1649","vacancy_st":"","bldg_creat":"1998-04-01T08:00:00.000Z","no_of_unit":"1","bldg_end_d":null,"bldg_id":"509084","create_use":"","demolished":null,"pre_dir1":"W","bldg_condi":"NEEDS MINOR REPAIR","bldg_name1":"","comments":"","shape_len":"143.541815132","harris_str":"02018406004000"}},{"type":"Feature","geometry":{"type":"MultiPolygon","coordinates":[[[[-87.66631620624001,41.78609722130922],[-87.66631739950296,41.78615897475556],[-87.6662348889496,41.78615986780133],[-87.66623369576585,41.78609811435471],[-87.66631620624001,41.78609722130922]]]]},"properties":{"no_stories":"0","suf_dir1":"","x_coord":"1166171.11435598","shape_area":"506.5","year_built":"0","cdb_city_i":"","stories":"0","y_coord":"1865362.96105914","unit_name":"","qc_date":null,"edit_date":null,"non_standa":"","label_hous":"0","st_name1":"","t_add1":"0","z_coord":"0","qc_userid":"","qc_source":"","orig_bldg_":"510374","footprint_":"AERIALS98","st_type1":"","bldg_statu":"ACTIVE","condition_":null,"bldg_name2":"","bldg_activ":"1998-04-01T08:00:00.000Z","edit_useri":"","bldg_sq_fo":"0.0","edit_sourc":"","f_add1":"0","vacancy_st":"","bldg_creat":"1998-04-01T08:00:00.000Z","no_of_unit":"0","bldg_end_d":null,"bldg_id":"510374","create_use":"","demolished":null,"pre_dir1":"","bldg_condi":"","bldg_name1":"","comments":"","shape_len":"90.0222194794","harris_str":""}},{"type":"Feature","geometry":{"type":"MultiPolygon","coordinates":[[[[-87.66657400936302,41.786872607518276],[-87.66668767224239,41.78687326715474],[-87.66668720316602,41.78691854520702],[-87.6667018693546,41.786918630313345],[-87.6667013860733,41.78696528042758],[-87.6666903864239,41.786965216597906],[-87.66669005949225,41.78699677402783],[-87.66657271562627,41.78699746517385],[-87.66657400936302,41.786872607518276]]]]},"properties":{"no_stories":"0","suf_dir1":"","x_coord":"1166070.14590605","shape_area":"1482.5","year_built":"1894","cdb_city_i":"","stories":"2","y_coord":"1865657.59994803","unit_name":"","qc_date":"2003-06-16T07:00:00.000Z","edit_date":null,"non_standa":"","label_hous":"1656","st_name1":"59TH","t_add1":"1656","z_coord":"0","qc_userid":"DS06284","qc_source":"PARCELS","orig_bldg_":"507882","footprint_":"AERIALS98","st_type1":"ST","bldg_statu":"ACTIVE","condition_":"2001-12-01T08:00:00.000Z","bldg_name2":"","bldg_activ":"1998-04-01T08:00:00.000Z","edit_useri":"","bldg_sq_fo":"2943.0","edit_sourc":"","f_add1":"1656","vacancy_st":"","bldg_creat":"1998-04-01T08:00:00.000Z","no_of_unit":"2","bldg_end_d":null,"bldg_id":"507882","create_use":"","demolished":null,"pre_dir1":"W","bldg_condi":"NEEDS MINOR REPAIR","bldg_name1":"","comments":"","shape_len":"160.503906012","harris_str":"02018232003000"}},{"type":"Feature","geometry":{"type":"MultiPolygon","coordinates":[[[[-87.66595571056574,41.78603200898181],[-87.66595875096166,41.78609240101777],[-87.66576253630782,41.78609674956362],[-87.66576132934406,41.78603636817688],[-87.66595571056574,41.78603200898181]]]]},"properties":{"no_stories":"0","suf_dir1":"","x_coord":"1166284.70903736","shape_area":"1173.0","year_built":"1914","cdb_city_i":"","stories":"2","y_coord":"1865340.52278754","unit_name":"","qc_date":"2003-06-16T07:00:00.000Z","edit_date":null,"non_standa":"","label_hous":"5920","st_name1":"MARSHFIELD","t_add1":"5920","z_coord":"0","qc_userid":"DS06284","qc_source":"PARCELS","orig_bldg_":"510599","footprint_":"AERIALS98","st_type1":"AVE","bldg_statu":"ACTIVE","condition_":"2001-12-01T08:00:00.000Z","bldg_name2":"","bldg_activ":"1998-04-01T08:00:00.000Z","edit_useri":"","bldg_sq_fo":"1426.0","edit_sourc":"","f_add1":"5920","vacancy_st":"","bldg_creat":"1998-04-01T08:00:00.000Z","no_of_unit":"1","bldg_end_d":null,"bldg_id":"510599","create_use":"","demolished":null,"pre_dir1":"S","bldg_condi":"NEEDS MINOR REPAIR","bldg_name1":"","comments":"","shape_len":"150.603489181","harris_str":"02018406031000"}},{"type":"Feature","geometry":{"type":"MultiPolygon","coordinates":[[[[-87.673247957492,41.78897485437914],[-87.67324949523996,41.78900367824701],[-87.6732751760108,41.78900245365824],[-87.67327664339648,41.78903813784325],[-87.6732436292657,41.78903932029559],[-87.67324372779562,41.78902971585111],[-87.67320521366017,41.78903086668966],[-87.67320697661391,41.789037737541925],[-87.6730987816125,41.789039860064655],[-87.67309760998026,41.78897536254523],[-87.673247957492,41.78897485437914]]]]},"properties":{"no_stories":"0","suf_dir1":"","x_coord":"1164278.19085362","shape_area":"1017.5","year_built":"1918","cdb_city_i":"","stories":"2","y_coord":"1866397.52278755","unit_name":"","qc_date":"2003-06-16T07:00:00.000Z","edit_date":null,"non_standa":"","label_hous":"5742","st_name1":"WINCHESTER","t_add1":"5742","z_coord":"0","qc_userid":"DS06284","qc_source":"PARCELS","orig_bldg_":"501505","footprint_":"AERIALS98","st_type1":"AVE","bldg_statu":"ACTIVE","condition_":"2001-12-01T08:00:00.000Z","bldg_name2":"","bldg_activ":"1998-04-01T08:00:00.000Z","edit_useri":"","bldg_sq_fo":"736.0","edit_sourc":"","f_add1":"5742","vacancy_st":"","bldg_creat":"1998-04-01T08:00:00.000Z","no_of_unit":"1","bldg_end_d":null,"bldg_id":"501505","create_use":"","demolished":null,"pre_dir1":"S","bldg_condi":"NEEDS MINOR REPAIR","bldg_name1":"","comments":"","shape_len":"150.139941743","harris_str":"02018216035000"}},{"type":"Feature","geometry":{"type":"MultiPolygon","coordinates":[[[[-87.67279949480393,41.788903669468226],[-87.67280069430714,41.788965422862546],[-87.67262283272098,41.78896714434842],[-87.67262163338847,41.7889053909535],[-87.67279949480393,41.788903669468226]]]]},"properties":{"no_stories":"0","suf_dir1":"","x_coord":"1164408.11367011","shape_area":"1091.75","year_built":"1914","cdb_city_i":"","stories":"2","y_coord":"1866372.24192334","unit_name":"","qc_date":"2003-06-16T07:00:00.000Z","edit_date":null,"non_standa":"","label_hous":"5747","st_name1":"WINCHESTER","t_add1":"5747","z_coord":"0","qc_userid":"DS06284","qc_source":"PARCELS","orig_bldg_":"501756","footprint_":"AERIALS98","st_type1":"AVE","bldg_statu":"ACTIVE","condition_":"2001-12-01T08:00:00.000Z","bldg_name2":"","bldg_activ":"1998-04-01T08:00:00.000Z","edit_useri":"","bldg_sq_fo":"1472.0","edit_sourc":"","f_add1":"5747","vacancy_st":"","bldg_creat":"1998-04-01T08:00:00.000Z","no_of_unit":"1","bldg_end_d":null,"bldg_id":"501756","create_use":"","demolished":null,"pre_dir1":"S","bldg_condi":"NEEDS MINOR REPAIR","bldg_name1":"","comments":"","shape_len":"142.031726106","harris_str":"02018217016000"}},{"type":"Feature","geometry":{"type":"MultiPolygon","coordinates":[[[[-87.67474383487885,41.78774164893461],[-87.67474777600417,41.78789397959146],[-87.67471110991744,41.787893769385995],[-87.6747123814685,41.78794866246343],[-87.67452718948282,41.78795034487625],[-87.67452296792169,41.78782545549999],[-87.67450280159632,41.78782533984913],[-87.67449996384191,41.78774436703672],[-87.67474383487885,41.78774164893461]]]]},"properties":{"no_stories":"0","suf_dir1":"","x_coord":"1163886.36785602","shape_area":"4536.125","year_built":"1978","cdb_city_i":"","stories":"1","y_coord":"1865974.51352827","unit_name":"","qc_date":null,"edit_date":"2002-12-20T08:00:00.000Z","non_standa":"","label_hous":"5824","st_name1":"DAMEN","t_add1":"5824","z_coord":"0","qc_userid":"","qc_source":"","orig_bldg_":"505044","footprint_":"AERIALS98","st_type1":"AVE","bldg_statu":"ACTIVE","condition_":"2003-03-01T08:00:00.000Z","bldg_name2":"","bldg_activ":"1998-04-01T08:00:00.000Z","edit_useri":"MKS","bldg_sq_fo":"3100.0","edit_sourc":"SANBORN_MAP","f_add1":"5824","vacancy_st":"","bldg_creat":"1998-04-01T08:00:00.000Z","no_of_unit":"0","bldg_end_d":null,"bldg_id":"505044","create_use":"","demolished":null,"pre_dir1":"S","bldg_condi":"NEEDS MAJOR REPAIR","bldg_name1":"","comments":"","shape_len":"283.094993602","harris_str":"02018125003000"}},{"type":"Feature","geometry":{"type":"MultiPolygon","coordinates":[[[[-87.67348830456345,41.78824350997969],[-87.67348953286393,41.788302519251076],[-87.67340885291007,41.78830342796021],[-87.67340909213087,41.788280102876925],[-87.67334124540871,41.78828108525801],[-87.67334107652962,41.78829755002246],[-87.67331724343049,41.78829741309736],[-87.67331776415932,41.78824664674037],[-87.67348830456345,41.78824350997969]]]]},"properties":{"no_stories":"0","suf_dir1":"","x_coord":"1164221.25220809","shape_area":"822.625","year_built":"0","cdb_city_i":"","stories":"0","y_coord":"1866129.39933074","unit_name":"","qc_date":null,"edit_date":"2002-12-20T08:00:00.000Z","non_standa":"","label_hous":"0","st_name1":"","t_add1":"0","z_coord":"0","qc_userid":"","qc_source":"","orig_bldg_":"503984","footprint_":"AERIALS98","st_type1":"","bldg_statu":"ACTIVE","condition_":null,"bldg_name2":"","bldg_activ":"1998-04-01T08:00:00.000Z","edit_useri":"MAN","bldg_sq_fo":"0.0","edit_sourc":"SANBORN_MAP","f_add1":"0","vacancy_st":"","bldg_creat":"1998-04-01T08:00:00.000Z","no_of_unit":"0","bldg_end_d":null,"bldg_id":"503984","create_use":"","demolished":null,"pre_dir1":"","bldg_condi":"","bldg_name1":"","comments":"","shape_len":"148.042437033","harris_str":""}},{"type":"Feature","geometry":{"type":"MultiPolygon","coordinates":[[[[-87.67573355705734,41.78884915072562],[-87.67573475937662,41.78891090411013],[-87.67552939795641,41.788912472678035],[-87.67552819583425,41.7888507192928],[-87.67573355705734,41.78884915072562]]]]},"properties":{"no_stories":"0","suf_dir1":"","x_coord":"1163611.86367011","shape_area":"1260.5","year_built":"1910","cdb_city_i":"","stories":"1","y_coord":"1866346.24192333","unit_name":"","qc_date":"2003-06-16T07:00:00.000Z","edit_date":null,"non_standa":"","label_hous":"5746","st_name1":"SEELEY","t_add1":"5746","z_coord":"0","qc_userid":"DS06284","qc_source":"PARCELS","orig_bldg_":"502047","footprint_":"AERIALS98","st_type1":"AVE","bldg_statu":"ACTIVE","condition_":"2003-03-01T08:00:00.000Z","bldg_name2":"","bldg_activ":"1998-04-01T08:00:00.000Z","edit_useri":"","bldg_sq_fo":"792.0","edit_sourc":"","f_add1":"5746","vacancy_st":"","bldg_creat":"1998-04-01T08:00:00.000Z","no_of_unit":"1","bldg_end_d":null,"bldg_id":"502047","create_use":"","demolished":null,"pre_dir1":"S","bldg_condi":"NEEDS MAJOR REPAIR","bldg_name1":"","comments":"","shape_len":"157.028965459","harris_str":"02018117034000"}},{"type":"Feature","geometry":{"type":"MultiPolygon","coordinates":[[[[-87.67277831696242,41.788109076039774],[-87.67277954461068,41.7881680853154],[-87.67255767166516,41.78817092577698],[-87.6725562751415,41.78812838126283],[-87.67258010817439,41.78812851834535],[-87.67258027724718,41.78811205358293],[-87.67277831696242,41.788109076039774]]]]},"properties":{"no_stories":"0","suf_dir1":"","x_coord":"1164422.15826099","shape_area":"1259.125","year_built":"1911","cdb_city_i":"","stories":"2","y_coord":"1866082.46105914","unit_name":"","qc_date":"2003-06-16T07:00:00.000Z","edit_date":null,"non_standa":"","label_hous":"5807","st_name1":"WINCHESTER","t_add1":"5807","z_coord":"0","qc_userid":"DS06284","qc_source":"PARCELS","orig_bldg_":"504376","footprint_":"AERIALS98","st_type1":"AVE","bldg_statu":"ACTIVE","condition_":"2001-12-01T08:00:00.000Z","bldg_name2":"","bldg_activ":"1998-04-01T08:00:00.000Z","edit_useri":"","bldg_sq_fo":"900.0","edit_sourc":"","f_add1":"5807","vacancy_st":"","bldg_creat":"1998-04-01T08:00:00.000Z","no_of_unit":"1","bldg_end_d":null,"bldg_id":"504376","create_use":"","demolished":null,"pre_dir1":"S","bldg_condi":"NEEDS MINOR REPAIR","bldg_name1":"","comments":"","shape_len":"164.053297088","harris_str":"02018225004000"}},{"type":"Feature","geometry":{"type":"MultiPolygon","coordinates":[[[[-87.67396128852917,41.787889468117974],[-87.6739625594404,41.78794436119914],[-87.6737571870387,41.78794729868502],[-87.67375591630267,41.78789240560289],[-87.67396128852917,41.787889468117974]]]]},"properties":{"no_stories":"0","suf_dir1":"","x_coord":"1164097.86272704","shape_area":"1120.75","year_built":"1963","cdb_city_i":"","stories":"1","y_coord":"1865999.11846655","unit_name":"","qc_date":"2003-06-16T07:00:00.000Z","edit_date":null,"non_standa":"","label_hous":"5817","st_name1":"DAMEN","t_add1":"5817","z_coord":"0","qc_userid":"DS06284","qc_source":"PARCELS","orig_bldg_":"505039","footprint_":"AERIALS98","st_type1":"AVE","bldg_statu":"ACTIVE","condition_":"2001-12-01T08:00:00.000Z","bldg_name2":"","bldg_activ":"1998-04-01T08:00:00.000Z","edit_useri":"","bldg_sq_fo":"1056.0","edit_sourc":"","f_add1":"5817","vacancy_st":"","bldg_creat":"1998-04-01T08:00:00.000Z","no_of_unit":"1","bldg_end_d":null,"bldg_id":"505039","create_use":"","demolished":null,"pre_dir1":"S","bldg_condi":"SOUND","bldg_name1":"","comments":"","shape_len":"152.052669415","harris_str":"02018224038000"}},{"type":"Feature","geometry":{"type":"MultiPolygon","coordinates":[[[[-87.67278315197261,41.789066860679796],[-87.67278471768498,41.78909294042522],[-87.67280305106283,41.789093045839266],[-87.67280272710465,41.78912460329654],[-87.67256801748984,41.7891273699642],[-87.67256838383356,41.78909169631854],[-87.67261238393783,41.78909194939018],[-87.67261262345396,41.78906862431385],[-87.67278315197261,41.789066860679796]]]]},"properties":{"no_stories":"0","suf_dir1":"","x_coord":"1164414.64590605","shape_area":"1204.875","year_built":"1914","cdb_city_i":"","stories":"1","y_coord":"1866431.18019494","unit_name":"","qc_date":"2003-06-16T07:00:00.000Z","edit_date":null,"non_standa":"","label_hous":"5741","st_name1":"WINCHESTER","t_add1":"5741","z_coord":"0","qc_userid":"DS06284","qc_source":"PARCELS","orig_bldg_":"501168","footprint_":"AERIALS98","st_type1":"AVE","bldg_statu":"ACTIVE","condition_":"2001-12-01T08:00:00.000Z","bldg_name2":"","bldg_activ":"1998-04-01T08:00:00.000Z","edit_useri":"","bldg_sq_fo":"1759.0","edit_sourc":"","f_add1":"5741","vacancy_st":"","bldg_creat":"1998-04-01T08:00:00.000Z","no_of_unit":"1","bldg_end_d":null,"bldg_id":"501168","create_use":"","demolished":null,"pre_dir1":"S","bldg_condi":"NEEDS MINOR REPAIR","bldg_name1":"","comments":"","shape_len":"170.041475952","harris_str":"02018217014000"}},{"type":"Feature","geometry":{"type":"MultiPolygon","coordinates":[[[[-87.67248416164657,41.78890185593595],[-87.67248537493893,41.788962237268066],[-87.67238086081147,41.78896300814467],[-87.67237963352315,41.78890399887545],[-87.67248416164657,41.78890185593595]]]]},"properties":{"no_stories":"0","suf_dir1":"","x_coord":"1164484.1169464","shape_area":"620.25","year_built":"0","cdb_city_i":"","stories":"0","y_coord":"1866371.68019494","unit_name":"","qc_date":null,"edit_date":null,"non_standa":"","label_hous":"0","st_name1":"","t_add1":"0","z_coord":"0","qc_userid":"","qc_source":"","orig_bldg_":"501763","footprint_":"AERIALS98","st_type1":"","bldg_statu":"ACTIVE","condition_":null,"bldg_name2":"","bldg_activ":"1998-04-01T08:00:00.000Z","edit_useri":"","bldg_sq_fo":"0.0","edit_sourc":"","f_add1":"0","vacancy_st":"","bldg_creat":"1998-04-01T08:00:00.000Z","no_of_unit":"0","bldg_end_d":null,"bldg_id":"501763","create_use":"","demolished":null,"pre_dir1":"","bldg_condi":"","bldg_name1":"","comments":"","shape_len":"100.533418343","harris_str":""}},{"type":"Feature","geometry":{"type":"MultiPolygon","coordinates":[[[[-87.67573517324554,41.78851161242041],[-87.67573813877686,41.7885802366243],[-87.67553276438547,41.78858317727017],[-87.67553163239548,41.7885145635602],[-87.67573517324554,41.78851161242041]]]]},"properties":{"no_stories":"0","suf_dir1":"","x_coord":"1163611.96433198","shape_area":"1394.875","year_built":"1925","cdb_city_i":"","stories":"1","y_coord":"1866224.92710852","unit_name":"","qc_date":"2003-06-16T07:00:00.000Z","edit_date":null,"non_standa":"","label_hous":"5758","st_name1":"SEELEY","t_add1":"5758","z_coord":"0","qc_userid":"DS06284","qc_source":"PARCELS","orig_bldg_":"503196","footprint_":"AERIALS98","st_type1":"AVE","bldg_statu":"ACTIVE","condition_":"2003-03-01T08:00:00.000Z","bldg_name2":"","bldg_activ":"1998-04-01T08:00:00.000Z","edit_useri":"","bldg_sq_fo":"1356.0","edit_sourc":"","f_add1":"5758","vacancy_st":"","bldg_creat":"1998-04-01T08:00:00.000Z","no_of_unit":"1","bldg_end_d":null,"bldg_id":"503196","create_use":"","demolished":null,"pre_dir1":"S","bldg_condi":"NEEDS MINOR REPAIR","bldg_name1":"","comments":"","shape_len":"161.56534376","harris_str":"02018117038000"}},{"type":"Feature","geometry":{"type":"MultiPolygon","coordinates":[[[[-87.67401827304884,41.78912746953779],[-87.67401944560491,41.789191967052794],[-87.6738122358805,41.789194894085874],[-87.67381106353217,41.789130396570286],[-87.67401827304884,41.78912746953779]]]]},"properties":{"no_stories":"0","suf_dir1":"","x_coord":"1164079.1130718","shape_area":"1328.5","year_built":"1911","cdb_city_i":"","stories":"2","y_coord":"1866452.08451592","unit_name":"","qc_date":"2003-06-16T07:00:00.000Z","edit_date":null,"non_standa":"","label_hous":"5737","st_name1":"DAMEN","t_add1":"5737","z_coord":"0","qc_userid":"DS06284","qc_source":"PARCELS","orig_bldg_":"500965","footprint_":"AERIALS98","st_type1":"AVE","bldg_statu":"ACTIVE","condition_":"2001-12-01T08:00:00.000Z","bldg_name2":"","bldg_activ":"1998-04-01T08:00:00.000Z","edit_useri":"","bldg_sq_fo":"1050.0","edit_sourc":"","f_add1":"5737","vacancy_st":"","bldg_creat":"1998-04-01T08:00:00.000Z","no_of_unit":"1","bldg_end_d":null,"bldg_id":"500965","create_use":"","demolished":null,"pre_dir1":"S","bldg_condi":"NEEDS MINOR REPAIR","bldg_name1":"","comments":"","shape_len":"160.050453088","harris_str":"02018216013000"}},{"type":"Feature","geometry":{"type":"MultiPolygon","coordinates":[[[[-87.67395722272762,41.78774948602352],[-87.67395847957431,41.78780575117],[-87.67375310761501,41.78780868865185],[-87.67375185094792,41.78775242350446],[-87.67395722272762,41.78774948602352]]]]},"properties":{"no_stories":"0","suf_dir1":"","x_coord":"1164099.3627835","shape_area":"1148.75","year_built":"0","cdb_city_i":"","stories":"0","y_coord":"1865948.39933075","unit_name":"","qc_date":null,"edit_date":null,"non_standa":"","label_hous":"5821","st_name1":"DAMEN","t_add1":"5821","z_coord":"0","qc_userid":"","qc_source":"","orig_bldg_":"505433","footprint_":"AERIALS98","st_type1":"AVE","bldg_statu":"ACTIVE","condition_":null,"bldg_name2":"","bldg_activ":"1998-04-01T08:00:00.000Z","edit_useri":"","bldg_sq_fo":"0.0","edit_sourc":"","f_add1":"5821","vacancy_st":"","bldg_creat":"1998-04-01T08:00:00.000Z","no_of_unit":"0","bldg_end_d":null,"bldg_id":"505433","create_use":"","demolished":null,"pre_dir1":"S","bldg_condi":"","bldg_name1":"","comments":"","shape_len":"153.052364676","harris_str":""}},{"type":"Feature","geometry":{"type":"MultiPolygon","coordinates":[[[[-87.67226948772124,41.78784681383771],[-87.67227074309267,41.78790307899105],[-87.67219189693728,41.78790399739856],[-87.6721906416348,41.78784773224487],[-87.67226948772124,41.78784681383771]]]]},"properties":{"no_stories":"0","suf_dir1":"","x_coord":"1164542.11428907","shape_area":"441.0","year_built":"0","cdb_city_i":"","stories":"0","y_coord":"1865986.83760235","unit_name":"","qc_date":null,"edit_date":null,"non_standa":"","label_hous":"0","st_name1":"","t_add1":"0","z_coord":"0","qc_userid":"","qc_source":"","orig_bldg_":"505144","footprint_":"AERIALS98","st_type1":"","bldg_statu":"ACTIVE","condition_":null,"bldg_name2":"","bldg_activ":"1998-04-01T08:00:00.000Z","edit_useri":"","bldg_sq_fo":"0.0","edit_sourc":"","f_add1":"0","vacancy_st":"","bldg_creat":"1998-04-01T08:00:00.000Z","no_of_unit":"0","bldg_end_d":null,"bldg_id":"505144","create_use":"","demolished":null,"pre_dir1":"","bldg_condi":"","bldg_name1":"","comments":"","shape_len":"84.023819644","harris_str":""}},{"type":"Feature","geometry":{"type":"MultiPolygon","coordinates":[[[[-87.67520073113471,41.788780236527465],[-87.67520189084054,41.788846106106845],[-87.67504786291188,41.78884796788583],[-87.67504670336373,41.78878209830605],[-87.67520073113471,41.788780236527465]]]]},"properties":{"no_stories":"0","suf_dir1":"","x_coord":"1163750.36375585","shape_area":"1008.5","year_built":"1909","cdb_city_i":"","stories":"2","y_coord":"1866323.08451593","unit_name":"","qc_date":"2003-06-16T07:00:00.000Z","edit_date":null,"non_standa":"","label_hous":"5749","st_name1":"SEELEY","t_add1":"5749","z_coord":"0","qc_userid":"DS06284","qc_source":"PARCELS","orig_bldg_":"502292","footprint_":"AERIALS98","st_type1":"AVE","bldg_statu":"ACTIVE","condition_":"2003-03-01T08:00:00.000Z","bldg_name2":"","bldg_activ":"1998-04-01T08:00:00.000Z","edit_useri":"","bldg_sq_fo":"2160.0","edit_sourc":"","f_add1":"5749","vacancy_st":"","bldg_creat":"1998-04-01T08:00:00.000Z","no_of_unit":"1","bldg_end_d":null,"bldg_id":"502292","create_use":"","demolished":null,"pre_dir1":"S","bldg_condi":"NEEDS MINOR REPAIR","bldg_name1":"","comments":"","shape_len":"132.034221687","harris_str":"02018118022000"}},{"type":"Feature","geometry":{"type":"MultiPolygon","coordinates":[[[[-87.67243267080818,41.78855989576004],[-87.67243570328138,41.7886216597063],[-87.67236052289464,41.78862259931707],[-87.67235932381607,41.7885608459176],[-87.67243267080818,41.78855989576004]]]]},"properties":{"no_stories":"0","suf_dir1":"","x_coord":"1164494.72080317","shape_area":"456.0","year_built":"0","cdb_city_i":"","stories":"0","y_coord":"1866247.46105914","unit_name":"","qc_date":null,"edit_date":null,"non_standa":"","label_hous":"0","st_name1":"","t_add1":"0","z_coord":"0","qc_userid":"","qc_source":"","orig_bldg_":"503020","footprint_":"AERIALS98","st_type1":"","bldg_statu":"ACTIVE","condition_":null,"bldg_name2":"","bldg_activ":"1998-04-01T08:00:00.000Z","edit_useri":"","bldg_sq_fo":"0.0","edit_sourc":"","f_add1":"0","vacancy_st":"","bldg_creat":"1998-04-01T08:00:00.000Z","no_of_unit":"0","bldg_end_d":null,"bldg_id":"503020","create_use":"","demolished":null,"pre_dir1":"","bldg_condi":"","bldg_name1":"","comments":"","shape_len":"85.5401118071","harris_str":""}},{"type":"Feature","geometry":{"type":"MultiPolygon","coordinates":[[[[-87.67594532944045,41.78875842908511],[-87.67594654598041,41.78881881040551],[-87.67586036539824,41.78881968935866],[-87.67585914893915,41.78875930803793],[-87.67594532944045,41.78875842908511]]]]},"properties":{"no_stories":"0","suf_dir1":"","x_coord":"1163538.1143404","shape_area":"517.25","year_built":"0","cdb_city_i":"","stories":"0","y_coord":"1866312.18019494","unit_name":"","qc_date":null,"edit_date":null,"non_standa":"","label_hous":"0","st_name1":"","t_add1":"0","z_coord":"0","qc_userid":"","qc_source":"","orig_bldg_":"502402","footprint_":"AERIALS98","st_type1":"","bldg_statu":"ACTIVE","condition_":null,"bldg_name2":"","bldg_activ":"1998-04-01T08:00:00.000Z","edit_useri":"","bldg_sq_fo":"0.0","edit_sourc":"","f_add1":"0","vacancy_st":"","bldg_creat":"1998-04-01T08:00:00.000Z","no_of_unit":"0","bldg_end_d":null,"bldg_id":"502402","create_use":"","demolished":null,"pre_dir1":"","bldg_condi":"","bldg_name1":"","comments":"","shape_len":"91.0219992635","harris_str":""}},{"type":"Feature","geometry":{"type":"MultiPolygon","coordinates":[[[[-87.67325658207434,41.78795540056195],[-87.67325775386058,41.78801989809217],[-87.67306154773878,41.78802288700096],[-87.67306039022831,41.787957017406484],[-87.67325658207434,41.78795540056195]]]]},"properties":{"no_stories":"0","suf_dir1":"","x_coord":"1164288.61064343","shape_area":"1271.25","year_built":"1910","cdb_city_i":"","stories":"1","y_coord":"1866026.58451593","unit_name":"","qc_date":"2003-06-16T07:00:00.000Z","edit_date":null,"non_standa":"","label_hous":"5812","st_name1":"WINCHESTER","t_add1":"5812","z_coord":"0","qc_userid":"DS06284","qc_source":"PARCELS","orig_bldg_":"504799","footprint_":"AERIALS98","st_type1":"AVE","bldg_statu":"ACTIVE","condition_":"2001-12-01T08:00:00.000Z","bldg_name2":"","bldg_activ":"1998-04-01T08:00:00.000Z","edit_useri":"","bldg_sq_fo":"792.0","edit_sourc":"","f_add1":"5812","vacancy_st":"","bldg_creat":"1998-04-01T08:00:00.000Z","no_of_unit":"1","bldg_end_d":null,"bldg_id":"504799","create_use":"","demolished":null,"pre_dir1":"S","bldg_condi":"UNINHABITABLE","bldg_name1":"","comments":"","shape_len":"154.5408952","harris_str":"02018224014000"}},{"type":"Feature","geometry":{"type":"MultiPolygon","coordinates":[[[[-87.67520356980015,41.78886120931468],[-87.67520472950928,41.78892707889315],[-87.67500118733243,41.788930029083225],[-87.67500002783169,41.78886415950425],[-87.67520356980015,41.78886120931468]]]]},"properties":{"no_stories":"0","suf_dir1":"","x_coord":"1163756.11311284","shape_area":"1332.75","year_built":"1914","cdb_city_i":"","stories":"2","y_coord":"1866352.86538013","unit_name":"","qc_date":"2003-06-16T07:00:00.000Z","edit_date":null,"non_standa":"","label_hous":"5747","st_name1":"SEELEY","t_add1":"5747","z_coord":"0","qc_userid":"DS06284","qc_source":"PARCELS","orig_bldg_":"501964","footprint_":"AERIALS98","st_type1":"AVE","bldg_statu":"ACTIVE","condition_":"2003-03-01T08:00:00.000Z","bldg_name2":"","bldg_activ":"1998-04-01T08:00:00.000Z","edit_useri":"","bldg_sq_fo":"1051.0","edit_sourc":"","f_add1":"5747","vacancy_st":"","bldg_creat":"1998-04-01T08:00:00.000Z","no_of_unit":"1","bldg_end_d":null,"bldg_id":"501964","create_use":"","demolished":null,"pre_dir1":"S","bldg_condi":"SOUND","bldg_name1":"","comments":"","shape_len":"159.050948677","harris_str":"02018118021000"}},{"type":"Feature","geometry":{"type":"MultiPolygon","coordinates":[[[[-87.67715115488883,41.78791596542573],[-87.67715368816505,41.78802712362034],[-87.67670444347455,41.788032789584996],[-87.67670191097444,41.78792163138616],[-87.67715115488883,41.78791596542573]]]]},"properties":{"no_stories":"0","suf_dir1":"","x_coord":"1163260.82960518","shape_area":"4964.25","year_built":"1957","cdb_city_i":"","stories":"1","y_coord":"1866014.47649124","unit_name":"","qc_date":null,"edit_date":null,"non_standa":"","label_hous":"5812","st_name1":"HOYNE","t_add1":"5812","z_coord":"0","qc_userid":"","qc_source":"","orig_bldg_":"504830","footprint_":"AERIALS98","st_type1":"AVE","bldg_statu":"ACTIVE","condition_":"2003-03-01T08:00:00.000Z","bldg_name2":"","bldg_activ":"1998-04-01T08:00:00.000Z","edit_useri":"","bldg_sq_fo":"500.0","edit_sourc":"","f_add1":"5812","vacancy_st":"","bldg_creat":"1998-04-01T08:00:00.000Z","no_of_unit":"0","bldg_end_d":null,"bldg_id":"504830","create_use":"","demolished":null,"pre_dir1":"S","bldg_condi":"NEEDS MINOR REPAIR","bldg_name1":"","comments":"","shape_len":"326.098145971","harris_str":"02018123002002"}},{"type":"Feature","geometry":{"type":"MultiPolygon","coordinates":[[[[-87.67611862430871,41.78902424450581],[-87.67611986904193,41.789081881694244],[-87.6760263407369,41.7890840908801],[-87.67602511010385,41.78902508162699],[-87.67611862430871,41.78902424450581]]]]},"properties":{"no_stories":"0","suf_dir1":"","x_coord":"1163491.1109027","shape_area":"542.25","year_built":"0","cdb_city_i":"","stories":"0","y_coord":"1866408.39933075","unit_name":"","qc_date":null,"edit_date":null,"non_standa":"","label_hous":"0","st_name1":"","t_add1":"0","z_coord":"0","qc_userid":"","qc_source":"","orig_bldg_":"501408","footprint_":"AERIALS98","st_type1":"","bldg_statu":"ACTIVE","condition_":null,"bldg_name2":"","bldg_activ":"1998-04-01T08:00:00.000Z","edit_useri":"","bldg_sq_fo":"0.0","edit_sourc":"","f_add1":"0","vacancy_st":"","bldg_creat":"1998-04-01T08:00:00.000Z","no_of_unit":"0","bldg_end_d":null,"bldg_id":"501408","create_use":"","demolished":null,"pre_dir1":"","bldg_condi":"","bldg_name1":"","comments":"","shape_len":"93.5362665053","harris_str":""}},{"type":"Feature","geometry":{"type":"MultiPolygon","coordinates":[[[[-87.67277468737375,41.78881982601941],[-87.672774391576,41.788848639351194],[-87.6727982248767,41.78884877639038],[-87.67279785866351,41.788884450039205],[-87.67257783066937,41.788885928999434],[-87.67257642003312,41.78884475655396],[-87.6725984200008,41.78884488308974],[-87.6725986595199,41.788821558012465],[-87.67277468737375,41.78881982601941]]]]},"properties":{"no_stories":"0","suf_dir1":"","x_coord":"1164414.82486696","shape_area":"1299.25","year_built":"1911","cdb_city_i":"","stories":"1","y_coord":"1866342.30365173","unit_name":"","qc_date":"2003-06-16T07:00:00.000Z","edit_date":null,"non_standa":"","label_hous":"5749","st_name1":"WINCHESTER","t_add1":"5749","z_coord":"0","qc_userid":"DS06284","qc_source":"PARCELS","orig_bldg_":"502099","footprint_":"AERIALS98","st_type1":"AVE","bldg_statu":"ACTIVE","condition_":"2001-12-01T08:00:00.000Z","bldg_name2":"","bldg_activ":"1998-04-01T08:00:00.000Z","edit_useri":"","bldg_sq_fo":"1076.0","edit_sourc":"","f_add1":"5749","vacancy_st":"","bldg_creat":"1998-04-01T08:00:00.000Z","no_of_unit":"1","bldg_end_d":null,"bldg_id":"502099","create_use":"","demolished":null,"pre_dir1":"S","bldg_condi":"NEEDS MINOR REPAIR","bldg_name1":"","comments":"","shape_len":"167.527079311","harris_str":"02018217017000"}},{"type":"Feature","geometry":{"type":"MultiPolygon","coordinates":[[[[-87.67229392943952,41.788323088648575],[-87.67229512845383,41.7883848420508],[-87.6722291149301,41.78838583432333],[-87.67222791597916,41.78832408092089],[-87.67229392943952,41.788323088648575]]]]},"properties":{"no_stories":"0","suf_dir1":"","x_coord":"1164532.36435598","shape_area":"405.25","year_built":"0","cdb_city_i":"","stories":"0","y_coord":"1866161.46105914","unit_name":"","qc_date":null,"edit_date":null,"non_standa":"","label_hous":"0","st_name1":"","t_add1":"0","z_coord":"0","qc_userid":"","qc_source":"","orig_bldg_":"503737","footprint_":"AERIALS98","st_type1":"","bldg_statu":"ACTIVE","condition_":null,"bldg_name2":"","bldg_activ":"1998-04-01T08:00:00.000Z","edit_useri":"","bldg_sq_fo":"0.0","edit_sourc":"","f_add1":"0","vacancy_st":"","bldg_creat":"1998-04-01T08:00:00.000Z","no_of_unit":"0","bldg_end_d":null,"bldg_id":"503737","create_use":"","demolished":null,"pre_dir1":"","bldg_condi":"","bldg_name1":"","comments":"","shape_len":"81.0249959504","harris_str":""}},{"type":"Feature","geometry":{"type":"MultiPolygon","coordinates":[[[[-87.67325879897409,41.78809674419525],[-87.67325998483821,41.78815986966019],[-87.67306377828957,41.78816285856964],[-87.67306259261795,41.7880997331041],[-87.67325879897409,41.78809674419525]]]]},"properties":{"no_stories":"0","suf_dir1":"","x_coord":"1164287.61302897","shape_area":"1231.25","year_built":"1910","cdb_city_i":"","stories":"1","y_coord":"1866077.80365173","unit_name":"","qc_date":"2003-06-16T07:00:00.000Z","edit_date":null,"non_standa":"","label_hous":"5808","st_name1":"WINCHESTER","t_add1":"5808","z_coord":"0","qc_userid":"DS06284","qc_source":"PARCELS","orig_bldg_":"504407","footprint_":"AERIALS98","st_type1":"AVE","bldg_statu":"ACTIVE","condition_":"2001-12-01T08:00:00.000Z","bldg_name2":"","bldg_activ":"1998-04-01T08:00:00.000Z","edit_useri":"","bldg_sq_fo":"792.0","edit_sourc":"","f_add1":"5808","vacancy_st":"","bldg_creat":"1998-04-01T08:00:00.000Z","no_of_unit":"1","bldg_end_d":null,"bldg_id":"504407","create_use":"","demolished":null,"pre_dir1":"S","bldg_condi":"NEEDS MAJOR REPAIR","bldg_name1":"","comments":"","shape_len":"153.052916094","harris_str":"02018224012000"}},{"type":"Feature","geometry":{"type":"MultiPolygon","coordinates":[[[[-87.67642487565742,41.789017763263416],[-87.6764260226099,41.789085004901125],[-87.67626099409026,41.78908680540159],[-87.67625984731025,41.78901956376348],[-87.67642487565742,41.789017763263416]]]]},"properties":{"no_stories":"0","suf_dir1":"","x_coord":"1163417.36378209","shape_area":"1103.0","year_built":"1910","cdb_city_i":"","stories":"1","y_coord":"1866407.36538013","unit_name":"","qc_date":"2003-06-16T07:00:00.000Z","edit_date":null,"non_standa":"","label_hous":"5741","st_name1":"HOYNE","t_add1":"5741","z_coord":"0","qc_userid":"DS06284","qc_source":"PARCELS","orig_bldg_":"501402","footprint_":"AERIALS98","st_type1":"AVE","bldg_statu":"ACTIVE","condition_":"2003-03-01T08:00:00.000Z","bldg_name2":"","bldg_activ":"1998-04-01T08:00:00.000Z","edit_useri":"","bldg_sq_fo":"1188.0","edit_sourc":"","f_add1":"5741","vacancy_st":"","bldg_creat":"1998-04-01T08:00:00.000Z","no_of_unit":"1","bldg_end_d":null,"bldg_id":"501402","create_use":"","demolished":null,"pre_dir1":"S","bldg_condi":"NEEDS MINOR REPAIR","bldg_name1":"","comments":"","shape_len":"139.032422499","harris_str":"02018117017000"}},{"type":"Feature","geometry":{"type":"MultiPolygon","coordinates":[[[[-87.67573620729627,41.78858983058003],[-87.6757373955941,41.78865295603156],[-87.67553020167097,41.78865451411252],[-87.67552899954966,41.788592760724576],[-87.67573620729627,41.78858983058003]]]]},"properties":{"no_stories":"0","suf_dir1":"","x_coord":"1163612.11624064","shape_area":"1286.0","year_built":"1925","cdb_city_i":"","stories":"1","y_coord":"1866252.02278754","unit_name":"","qc_date":"2003-06-16T07:00:00.000Z","edit_date":null,"non_standa":"","label_hous":"5756","st_name1":"SEELEY","t_add1":"5756","z_coord":"0","qc_userid":"DS06284","qc_source":"PARCELS","orig_bldg_":"502980","footprint_":"AERIALS98","st_type1":"AVE","bldg_statu":"ACTIVE","condition_":"2003-03-01T08:00:00.000Z","bldg_name2":"","bldg_activ":"1998-04-01T08:00:00.000Z","edit_useri":"","bldg_sq_fo":"888.0","edit_sourc":"","f_add1":"5756","vacancy_st":"","bldg_creat":"1998-04-01T08:00:00.000Z","no_of_unit":"1","bldg_end_d":null,"bldg_id":"502980","create_use":"","demolished":null,"pre_dir1":"S","bldg_condi":"NEEDS MINOR REPAIR","bldg_name1":"","comments":"","shape_len":"158.539745872","harris_str":"02018117037000"}},{"type":"Feature","geometry":{"type":"MultiPolygon","coordinates":[[[[-87.67351343076946,41.78865392550912],[-87.67351464502619,41.7887143068399],[-87.67343029790155,41.788715194500604],[-87.67342908372397,41.788654813169515],[-87.67351343076946,41.78865392550912]]]]},"properties":{"no_stories":"0","suf_dir1":"","x_coord":"1164201.3643404","shape_area":"506.25","year_built":"0","cdb_city_i":"","stories":"0","y_coord":"1866279.18019494","unit_name":"","qc_date":null,"edit_date":null,"non_standa":"","label_hous":"0","st_name1":"","t_add1":"0","z_coord":"0","qc_userid":"","qc_source":"","orig_bldg_":"502758","footprint_":"AERIALS98","st_type1":"","bldg_statu":"ACTIVE","condition_":null,"bldg_name2":"","bldg_activ":"1998-04-01T08:00:00.000Z","edit_useri":"","bldg_sq_fo":"0.0","edit_sourc":"","f_add1":"0","vacancy_st":"","bldg_creat":"1998-04-01T08:00:00.000Z","no_of_unit":"0","bldg_end_d":null,"bldg_id":"502758","create_use":"","demolished":null,"pre_dir1":"","bldg_condi":"","bldg_name1":"","comments":"","shape_len":"90.0222304506","harris_str":""}},{"type":"Feature","geometry":{"type":"MultiPolygon","coordinates":[[[[-87.67464634032125,41.78795240025687],[-87.67464611559694,41.78797435328317],[-87.67457276928693,41.78797530485913],[-87.67457299403625,41.78795335183316],[-87.67464634032125,41.78795240025687]]]]},"properties":{"no_stories":"0","suf_dir1":"","x_coord":"1163893.14590605","shape_area":"160.0","year_built":"0","cdb_city_i":"","stories":"0","y_coord":"1866013.31599741","unit_name":"","qc_date":null,"edit_date":null,"non_standa":"","label_hous":"0","st_name1":"","t_add1":"0","z_coord":"0","qc_userid":"","qc_source":"","orig_bldg_":"504979","footprint_":"AERIALS98","st_type1":"","bldg_statu":"ACTIVE","condition_":null,"bldg_name2":"","bldg_activ":"1998-04-01T08:00:00.000Z","edit_useri":"","bldg_sq_fo":"0.0","edit_sourc":"","f_add1":"0","vacancy_st":"","bldg_creat":"1998-04-01T08:00:00.000Z","no_of_unit":"0","bldg_end_d":null,"bldg_id":"504979","create_use":"","demolished":null,"pre_dir1":"","bldg_condi":"","bldg_name1":"","comments":"","shape_len":"56.0124980475","harris_str":""}},{"type":"Feature","geometry":{"type":"MultiPolygon","coordinates":[[[[-87.67276633769812,41.788740193631945],[-87.67276756533998,41.78879920290124],[-87.6726263708011,41.788801135225405],[-87.67262668075338,41.78877094983087],[-87.6726505140246,41.78877108690049],[-87.67264897654927,41.78874226302542],[-87.67276633769812,41.788740193631945]]]]},"properties":{"no_stories":"0","suf_dir1":"","x_coord":"1164412.49894223","shape_area":"754.0","year_built":"1914","cdb_city_i":"","stories":"2","y_coord":"1866312.18019495","unit_name":"","qc_date":"2003-06-16T07:00:00.000Z","edit_date":null,"non_standa":"","label_hous":"5753","st_name1":"WINCHESTER","t_add1":"5753","z_coord":"0","qc_userid":"DS06284","qc_source":"PARCELS","orig_bldg_":"502400","footprint_":"AERIALS98","st_type1":"AVE","bldg_statu":"ACTIVE","condition_":"2001-12-01T08:00:00.000Z","bldg_name2":"","bldg_activ":"1998-04-01T08:00:00.000Z","edit_useri":"","bldg_sq_fo":"1472.0","edit_sourc":"","f_add1":"5753","vacancy_st":"","bldg_creat":"1998-04-01T08:00:00.000Z","no_of_unit":"1","bldg_end_d":null,"bldg_id":"502400","create_use":"","demolished":null,"pre_dir1":"S","bldg_condi":"NEEDS MINOR REPAIR","bldg_name1":"","comments":"","shape_len":"120.046317199","harris_str":"02018217018000"}},{"type":"Feature","geometry":{"type":"MultiPolygon","coordinates":[[[[-87.67328816055755,41.788809055900494],[-87.67328792128848,41.788832380981056],[-87.6733172545773,41.7888325495128],[-87.67331683235582,41.78887371141969],[-87.67309312365529,41.78887654236468],[-87.6730917267682,41.78883399785957],[-87.67311556006501,41.788834134832875],[-87.67311579939657,41.78881080975313],[-87.67328816055755,41.788809055900494]]]]},"properties":{"no_stories":"0","suf_dir1":"","x_coord":"1164273.82262847","shape_area":"1334.625","year_built":"1913","cdb_city_i":"","stories":"1","y_coord":"1866337.58451594","unit_name":"","qc_date":"2003-06-16T07:00:00.000Z","edit_date":null,"non_standa":"","label_hous":"5748","st_name1":"WINCHESTER","t_add1":"5748","z_coord":"0","qc_userid":"DS06284","qc_source":"PARCELS","orig_bldg_":"502149","footprint_":"AERIALS98","st_type1":"AVE","bldg_statu":"ACTIVE","condition_":"2001-12-01T08:00:00.000Z","bldg_name2":"","bldg_activ":"1998-04-01T08:00:00.000Z","edit_useri":"","bldg_sq_fo":"1071.0","edit_sourc":"","f_add1":"5748","vacancy_st":"","bldg_creat":"1998-04-01T08:00:00.000Z","no_of_unit":"1","bldg_end_d":null,"bldg_id":"502149","create_use":"","demolished":null,"pre_dir1":"S","bldg_condi":"NEEDS MINOR REPAIR","bldg_name1":"","comments":"","shape_len":"170.037139349","harris_str":"02018216037000"}},{"type":"Feature","geometry":{"type":"MultiPolygon","coordinates":[[[[-87.67337515348333,41.7885502203844],[-87.6733762691009,41.78862020616224],[-87.67311404738987,41.7886241880393],[-87.67311294613579,41.788552830197446],[-87.67337515348333,41.7885502203844]]]]},"properties":{"no_stories":"0","suf_dir1":"","x_coord":"1164263.6103488","shape_area":"1842.0","year_built":"0","cdb_city_i":"","stories":"0","y_coord":"1866244.48883692","unit_name":"","qc_date":"2003-06-16T07:00:00.000Z","edit_date":null,"non_standa":"","label_hous":"1938","st_name1":"58TH","t_add1":"1938","z_coord":"0","qc_userid":"DS06284","qc_source":"PARCELS","orig_bldg_":"503030","footprint_":"AERIALS98","st_type1":"ST","bldg_statu":"ACTIVE","condition_":null,"bldg_name2":"","bldg_activ":"1998-04-01T08:00:00.000Z","edit_useri":"","bldg_sq_fo":"0.0","edit_sourc":"","f_add1":"1938","vacancy_st":"","bldg_creat":"1998-04-01T08:00:00.000Z","no_of_unit":"0","bldg_end_d":null,"bldg_id":"503030","create_use":"","demolished":null,"pre_dir1":"W","bldg_condi":"","bldg_name1":"","comments":"","shape_len":"194.553407831","harris_str":""}},{"type":"Feature","geometry":{"type":"MultiPolygon","coordinates":[[[[-87.67277637763839,41.788655178406486],[-87.67277787291283,41.78868811847105],[-87.67278703954406,41.78868817117857],[-87.6727867296679,41.788718356574535],[-87.67261802131128,41.78872150282824],[-87.67261833126662,41.78869131743332],[-87.6726439978346,41.78869146504818],[-87.67264251671698,41.78865715291898],[-87.67277637763839,41.788655178406486]]]]},"properties":{"no_stories":"0","suf_dir1":"","x_coord":"1164411.14590605","shape_area":"950.375","year_built":"1910","cdb_city_i":"","stories":"2","y_coord":"1866282.30365174","unit_name":"","qc_date":"2003-06-16T07:00:00.000Z","edit_date":null,"non_standa":"","label_hous":"5755","st_name1":"WINCHESTER","t_add1":"5755","z_coord":"0","qc_userid":"DS06284","qc_source":"PARCELS","orig_bldg_":"502722","footprint_":"AERIALS98","st_type1":"AVE","bldg_statu":"ACTIVE","condition_":"2001-12-01T08:00:00.000Z","bldg_name2":"","bldg_activ":"1998-04-01T08:00:00.000Z","edit_useri":"","bldg_sq_fo":"1325.0","edit_sourc":"","f_add1":"5755","vacancy_st":"","bldg_creat":"1998-04-01T08:00:00.000Z","no_of_unit":"1","bldg_end_d":null,"bldg_id":"502722","create_use":"","demolished":null,"pre_dir1":"S","bldg_condi":"NEEDS MINOR REPAIR","bldg_name1":"","comments":"","shape_len":"138.558554237","harris_str":"02018217019000"}},{"type":"Feature","geometry":{"type":"MultiPolygon","coordinates":[[[[-87.67276087780226,41.7885576670247],[-87.67276221812386,41.78860569978813],[-87.67274571820889,41.78860560491065],[-87.67274734024161,41.788626196404635],[-87.67250346582196,41.78862891024315],[-87.67250366309987,41.78860970135562],[-87.67248164912128,41.78861094686567],[-87.6724803371926,41.788560169973714],[-87.67276087780226,41.7885576670247]]]]},"properties":{"no_stories":"0","suf_dir1":"","x_coord":"1164433.50236251","shape_area":"1842.625","year_built":"0","cdb_city_i":"","stories":"0","y_coord":"1866247.92710853","unit_name":"","qc_date":"2003-06-16T07:00:00.000Z","edit_date":null,"non_standa":"","label_hous":"5759","st_name1":"WINCHESTER","t_add1":"5759","z_coord":"0","qc_userid":"DS06284","qc_source":"PARCELS","orig_bldg_":"503006","footprint_":"AERIALS98","st_type1":"AVE","bldg_statu":"ACTIVE","condition_":null,"bldg_name2":"","bldg_activ":"1998-04-01T08:00:00.000Z","edit_useri":"","bldg_sq_fo":"0.0","edit_sourc":"","f_add1":"5759","vacancy_st":"","bldg_creat":"1998-04-01T08:00:00.000Z","no_of_unit":"0","bldg_end_d":null,"bldg_id":"503006","create_use":"","demolished":null,"pre_dir1":"S","bldg_condi":"","bldg_name1":"","comments":"","shape_len":"204.082962013","harris_str":""}},{"type":"Feature","geometry":{"type":"MultiPolygon","coordinates":[[[[-87.6722905579351,41.788115875422726],[-87.67229175694487,41.78817762882716],[-87.67212673071374,41.7881794234047],[-87.67212553186236,41.788117669999714],[-87.6722905579351,41.788115875422726]]]]},"properties":{"no_stories":"0","suf_dir1":"","x_coord":"1164547.36367011","shape_area":"1013.0","year_built":"1904","cdb_city_i":"","stories":"1","y_coord":"1866086.24192333","unit_name":"","qc_date":"2003-06-16T07:00:00.000Z","edit_date":null,"non_standa":"","label_hous":"5808","st_name1":"WOLCOTT","t_add1":"5808","z_coord":"0","qc_userid":"DS06284","qc_source":"PARCELS","orig_bldg_":"504344","footprint_":"AERIALS98","st_type1":"AVE","bldg_statu":"ACTIVE","condition_":"2001-12-01T08:00:00.000Z","bldg_name2":"","bldg_activ":"1998-04-01T08:00:00.000Z","edit_useri":"","bldg_sq_fo":"756.0","edit_sourc":"","f_add1":"5808","vacancy_st":"","bldg_creat":"1998-04-01T08:00:00.000Z","no_of_unit":"1","bldg_end_d":null,"bldg_id":"504344","create_use":"","demolished":null,"pre_dir1":"S","bldg_condi":"NEEDS MINOR REPAIR","bldg_name1":"","comments":"","shape_len":"135.033329219","harris_str":"02018225013000"}},{"type":"Feature","geometry":{"type":"MultiPolygon","coordinates":[[[[-87.67325623376544,41.78816808097485],[-87.6732592388659,41.78823258903655],[-87.6730648654089,41.788235588480006],[-87.67306369381491,41.788171090951586],[-87.67325623376544,41.78816808097485]]]]},"properties":{"no_stories":"0","suf_dir1":"","x_coord":"1164287.46367595","shape_area":"1240.75","year_built":"1910","cdb_city_i":"","stories":"1","y_coord":"1866104.08451592","unit_name":"","qc_date":"2003-06-16T07:00:00.000Z","edit_date":null,"non_standa":"","label_hous":"5806","st_name1":"WINCHESTER","t_add1":"5806","z_coord":"0","qc_userid":"DS06284","qc_source":"PARCELS","orig_bldg_":"504169","footprint_":"AERIALS98","st_type1":"AVE","bldg_statu":"ACTIVE","condition_":"2001-12-01T08:00:00.000Z","bldg_name2":"","bldg_activ":"1998-04-01T08:00:00.000Z","edit_useri":"","bldg_sq_fo":"792.0","edit_sourc":"","f_add1":"5806","vacancy_st":"","bldg_creat":"1998-04-01T08:00:00.000Z","no_of_unit":"1","bldg_end_d":null,"bldg_id":"504169","create_use":"","demolished":null,"pre_dir1":"S","bldg_condi":"NEEDS MINOR REPAIR","bldg_name1":"","comments":"","shape_len":"152.569231886","harris_str":"02018224011000"}},{"type":"Feature","geometry":{"type":"MultiPolygon","coordinates":[[[[-87.67717097392968,41.78902888792575],[-87.67717220561381,41.78908789717407],[-87.67706035792676,41.78908863042061],[-87.6770589304243,41.78904883007554],[-87.67708644448966,41.78904761510769],[-87.6770866264086,41.78902977826844],[-87.67717097392968,41.78902888792575]]]]},"properties":{"no_stories":"0","suf_dir1":"","x_coord":"1163206.66844904","shape_area":"605.25","year_built":"0","cdb_city_i":"","stories":"0","y_coord":"1866407.89933074","unit_name":"","qc_date":null,"edit_date":null,"non_standa":"","label_hous":"0","st_name1":"","t_add1":"0","z_coord":"0","qc_userid":"","qc_source":"","orig_bldg_":"501414","footprint_":"AERIALS98","st_type1":"","bldg_statu":"ACTIVE","condition_":null,"bldg_name2":"","bldg_activ":"1998-04-01T08:00:00.000Z","edit_useri":"","bldg_sq_fo":"0.0","edit_sourc":"","f_add1":"0","vacancy_st":"","bldg_creat":"1998-04-01T08:00:00.000Z","no_of_unit":"0","bldg_end_d":null,"bldg_id":"501414","create_use":"","demolished":null,"pre_dir1":"","bldg_condi":"","bldg_name1":"","comments":"","shape_len":"103.540611711","harris_str":""}},{"type":"Feature","geometry":{"type":"MultiPolygon","coordinates":[[[[-87.67320058009147,41.78787412223884],[-87.6732003407985,41.78789744732281],[-87.67323700687619,41.78789765801046],[-87.67323837569647,41.787942946648776],[-87.67306051693998,41.787944668833106],[-87.67305755428586,41.78787604457336],[-87.67320058009147,41.78787412223884]]]]},"properties":{"no_stories":"0","suf_dir1":"","x_coord":"1164291.78130822","shape_area":"1137.375","year_built":"0","cdb_city_i":"","stories":"0","y_coord":"1865997.64624433","unit_name":"","qc_date":"2003-06-16T07:00:00.000Z","edit_date":null,"non_standa":"","label_hous":"5816","st_name1":"WINCHESTER","t_add1":"5816","z_coord":"0","qc_userid":"DS06284","qc_source":"PARCELS","orig_bldg_":"505032","footprint_":"AERIALS98","st_type1":"AVE","bldg_statu":"ACTIVE","condition_":null,"bldg_name2":"","bldg_activ":"1998-04-01T08:00:00.000Z","edit_useri":"","bldg_sq_fo":"0.0","edit_sourc":"","f_add1":"5816","vacancy_st":"","bldg_creat":"1998-04-01T08:00:00.000Z","no_of_unit":"0","bldg_end_d":null,"bldg_id":"505032","create_use":"","demolished":null,"pre_dir1":"S","bldg_condi":"","bldg_name1":"","comments":"","shape_len":"147.550692615","harris_str":""}},{"type":"Feature","geometry":{"type":"MultiPolygon","coordinates":[[[[-87.67275495093403,41.78824203970656],[-87.67275610813314,41.788307909298645],[-87.67255623448985,41.78831087625395],[-87.67255324418184,41.78824499611632],[-87.67275495093403,41.78824203970656]]]]},"properties":{"no_stories":"0","suf_dir1":"","x_coord":"1164425.22952874","shape_area":"1315.125","year_built":"1911","cdb_city_i":"","stories":"1","y_coord":"1866132.36538013","unit_name":"","qc_date":"2003-06-16T07:00:00.000Z","edit_date":null,"non_standa":"","label_hous":"5803","st_name1":"WINCHESTER","t_add1":"5803","z_coord":"0","qc_userid":"DS06284","qc_source":"PARCELS","orig_bldg_":"503948","footprint_":"AERIALS98","st_type1":"AVE","bldg_statu":"ACTIVE","condition_":"2001-12-01T08:00:00.000Z","bldg_name2":"","bldg_activ":"1998-04-01T08:00:00.000Z","edit_useri":"","bldg_sq_fo":"0.0","edit_sourc":"","f_add1":"5803","vacancy_st":"","bldg_creat":"1998-04-01T08:00:00.000Z","no_of_unit":"1","bldg_end_d":null,"bldg_id":"503948","create_use":"","demolished":null,"pre_dir1":"S","bldg_condi":"NEEDS MINOR REPAIR","bldg_name1":"","comments":"","shape_len":"157.567121105","harris_str":"02018225002000"}},{"type":"Feature","geometry":{"type":"MultiPolygon","coordinates":[[[[-87.67206321440112,41.78882945428741],[-87.67206304519179,41.78884591904605],[-87.67208687848807,41.78884605623279],[-87.6720882465102,41.788891344871665],[-87.67189938513344,41.78889300192252],[-87.67189817239154,41.78883262058748],[-87.67206321440112,41.78882945428741]]]]},"properties":{"no_stories":"0","suf_dir1":"","x_coord":"1164604.15384423","shape_area":"1110.875","year_built":"1912","cdb_city_i":"","stories":"1","y_coord":"1866346.74192334","unit_name":"","qc_date":"2003-06-16T07:00:00.000Z","edit_date":null,"non_standa":"","label_hous":"5748","st_name1":"WOLCOTT","t_add1":"5748","z_coord":"0","qc_userid":"DS06284","qc_source":"PARCELS","orig_bldg_":"502041","footprint_":"AERIALS98","st_type1":"AVE","bldg_statu":"ACTIVE","condition_":"2001-12-01T08:00:00.000Z","bldg_name2":"","bldg_activ":"1998-04-01T08:00:00.000Z","edit_useri":"","bldg_sq_fo":"880.0","edit_sourc":"","f_add1":"5748","vacancy_st":"","bldg_creat":"1998-04-01T08:00:00.000Z","no_of_unit":"1","bldg_end_d":null,"bldg_id":"502041","create_use":"","demolished":null,"pre_dir1":"S","bldg_condi":"NEEDS MINOR REPAIR","bldg_name1":"","comments":"","shape_len":"147.547955986","harris_str":"02018217037000"}},{"type":"Feature","geometry":{"type":"MultiPolygon","coordinates":[[[[-87.67473215832374,41.789061585074215],[-87.67473335968312,41.78912333846002],[-87.67465634538495,41.789124269058746],[-87.67465514409949,41.789062515672676],[-87.67473215832374,41.789061585074215]]]]},"properties":{"no_stories":"0","suf_dir1":"","x_coord":"1163866.86435599","shape_area":"472.75","year_built":"0","cdb_city_i":"","stories":"0","y_coord":"1866425.46105914","unit_name":"","qc_date":null,"edit_date":null,"non_standa":"","label_hous":"0","st_name1":"","t_add1":"0","z_coord":"0","qc_userid":"","qc_source":"","orig_bldg_":"501219","footprint_":"AERIALS98","st_type1":"","bldg_statu":"ACTIVE","condition_":null,"bldg_name2":"","bldg_activ":"1998-04-01T08:00:00.000Z","edit_useri":"","bldg_sq_fo":"0.0","edit_sourc":"","f_add1":"0","vacancy_st":"","bldg_creat":"1998-04-01T08:00:00.000Z","no_of_unit":"0","bldg_end_d":null,"bldg_id":"501219","create_use":"","demolished":null,"pre_dir1":"","bldg_condi":"","bldg_name1":"","comments":"","shape_len":"87.0230128149","harris_str":""}},{"type":"Feature","geometry":{"type":"MultiPolygon","coordinates":[[[[-87.67206600529573,41.78784427059749],[-87.6720672181885,41.78790465194212],[-87.67188751212225,41.78790773382153],[-87.67188631350218,41.78784598041284],[-87.67206600529573,41.78784427059749]]]]},"properties":{"no_stories":"0","suf_dir1":"","x_coord":"1164611.36033662","shape_area":"1090.875","year_built":"1909","cdb_city_i":"","stories":"1","y_coord":"1865987.74192333","unit_name":"","qc_date":"2003-06-16T07:00:00.000Z","edit_date":null,"non_standa":"","label_hous":"5818","st_name1":"WOLCOTT","t_add1":"5818","z_coord":"0","qc_userid":"DS06284","qc_source":"PARCELS","orig_bldg_":"505136","footprint_":"AERIALS98","st_type1":"AVE","bldg_statu":"ACTIVE","condition_":"2001-12-01T08:00:00.000Z","bldg_name2":"","bldg_activ":"1998-04-01T08:00:00.000Z","edit_useri":"","bldg_sq_fo":"1050.0","edit_sourc":"","f_add1":"5818","vacancy_st":"","bldg_creat":"1998-04-01T08:00:00.000Z","no_of_unit":"1","bldg_end_d":null,"bldg_id":"505136","create_use":"","demolished":null,"pre_dir1":"S","bldg_condi":"NEEDS MINOR REPAIR","bldg_name1":"","comments":"","shape_len":"142.544392781","harris_str":"02018225016000"}},{"type":"Feature","geometry":{"type":"MultiPolygon","coordinates":[[[[-87.67572892646322,41.78876405125929],[-87.6757301428001,41.78882443258048],[-87.67554676760372,41.788827499177465],[-87.67554556546543,41.78876574579141],[-87.67572892646322,41.78876405125929]]]]},"properties":{"no_stories":"0","suf_dir1":"","x_coord":"1163610.36033662","shape_area":"1113.125","year_built":"1910","cdb_city_i":"","stories":"1","y_coord":"1866315.24192333","unit_name":"","qc_date":"2003-06-16T07:00:00.000Z","edit_date":null,"non_standa":"","label_hous":"5750","st_name1":"SEELEY","t_add1":"5750","z_coord":"0","qc_userid":"DS06284","qc_source":"PARCELS","orig_bldg_":"502376","footprint_":"AERIALS98","st_type1":"AVE","bldg_statu":"ACTIVE","condition_":"2003-03-01T08:00:00.000Z","bldg_name2":"","bldg_activ":"1998-04-01T08:00:00.000Z","edit_useri":"","bldg_sq_fo":"792.0","edit_sourc":"","f_add1":"5750","vacancy_st":"","bldg_creat":"1998-04-01T08:00:00.000Z","no_of_unit":"1","bldg_end_d":null,"bldg_id":"502376","create_use":"","demolished":null,"pre_dir1":"S","bldg_condi":"SOUND","bldg_name1":"","comments":"","shape_len":"144.543729894","harris_str":"02018117035000"}},{"type":"Feature","geometry":{"type":"MultiPolygon","coordinates":[[[[-87.67400872957195,41.78880633297194],[-87.6740099302353,41.788868086363024],[-87.67381555487678,41.78887108706273],[-87.67381422782915,41.78882168224439],[-87.67383807518779,41.78882044700406],[-87.67383820175405,41.788808098430614],[-87.67400872957195,41.78880633297194]]]]},"properties":{"no_stories":"0","suf_dir1":"","x_coord":"1164080.89220235","shape_area":"1173.5","year_built":"1913","cdb_city_i":"","stories":"1","y_coord":"1866334.52278753","unit_name":"","qc_date":"2003-06-16T07:00:00.000Z","edit_date":null,"non_standa":"","label_hous":"5749","st_name1":"DAMEN","t_add1":"5749","z_coord":"0","qc_userid":"DS06284","qc_source":"PARCELS","orig_bldg_":"502182","footprint_":"AERIALS98","st_type1":"AVE","bldg_statu":"ACTIVE","condition_":"2001-12-01T08:00:00.000Z","bldg_name2":"","bldg_activ":"1998-04-01T08:00:00.000Z","edit_useri":"","bldg_sq_fo":"1363.0","edit_sourc":"","f_add1":"5749","vacancy_st":"","bldg_creat":"1998-04-01T08:00:00.000Z","no_of_unit":"1","bldg_end_d":null,"bldg_id":"502182","create_use":"","demolished":null,"pre_dir1":"S","bldg_condi":"NEEDS MINOR REPAIR","bldg_name1":"","comments":"","shape_len":"151.063673992","harris_str":"02018216017000"}},{"type":"Feature","geometry":{"type":"MultiPolygon","coordinates":[[[[-87.67456989031577,41.78897283743911],[-87.67457103532925,41.78904007908189],[-87.6743399927262,41.789042870398795],[-87.6743388479542,41.78897562875548],[-87.67456989031577,41.78897283743911]]]]},"properties":{"no_stories":"0","suf_dir1":"","x_coord":"1163932.36315221","shape_area":"1544.25","year_built":"1922","cdb_city_i":"","stories":"1","y_coord":"1866395.14624432","unit_name":"","qc_date":"2003-06-16T07:00:00.000Z","edit_date":null,"non_standa":"","label_hous":"5742","st_name1":"DAMEN","t_add1":"5742","z_coord":"0","qc_userid":"DS06284","qc_source":"PARCELS","orig_bldg_":"501515","footprint_":"AERIALS98","st_type1":"AVE","bldg_statu":"ACTIVE","condition_":"2003-03-01T08:00:00.000Z","bldg_name2":"","bldg_activ":"1998-04-01T08:00:00.000Z","edit_useri":"","bldg_sq_fo":"1056.0","edit_sourc":"","f_add1":"5742","vacancy_st":"","bldg_creat":"1998-04-01T08:00:00.000Z","no_of_unit":"1","bldg_end_d":null,"bldg_id":"501515","create_use":"","demolished":null,"pre_dir1":"S","bldg_condi":"SOUND","bldg_name1":"","comments":"","shape_len":"175.045912245","harris_str":"02018118035000"}},{"type":"Feature","geometry":{"type":"MultiPolygon","coordinates":[[[[-87.67206692208346,41.787933465274385],[-87.67206810677718,41.78799659074494],[-87.67188840045412,41.78799967262384],[-87.6718872159367,41.78793654715274],[-87.67206692208346,41.787933465274385]]]]},"properties":{"no_stories":"0","suf_dir1":"","x_coord":"1164610.86302897","shape_area":"1127.75","year_built":"1910","cdb_city_i":"","stories":"2","y_coord":"1866020.80365172","unit_name":"","qc_date":"2003-06-16T07:00:00.000Z","edit_date":null,"non_standa":"","label_hous":"5814","st_name1":"WOLCOTT","t_add1":"5814","z_coord":"0","qc_userid":"DS06284","qc_source":"PARCELS","orig_bldg_":"504855","footprint_":"AERIALS98","st_type1":"AVE","bldg_statu":"ACTIVE","condition_":"2001-12-01T08:00:00.000Z","bldg_name2":"","bldg_activ":"1998-04-01T08:00:00.000Z","edit_useri":"","bldg_sq_fo":"1840.0","edit_sourc":"","f_add1":"5814","vacancy_st":"","bldg_creat":"1998-04-01T08:00:00.000Z","no_of_unit":"2","bldg_end_d":null,"bldg_id":"504855","create_use":"","demolished":null,"pre_dir1":"S","bldg_condi":"NEEDS MINOR REPAIR","bldg_name1":"","comments":"","shape_len":"144.056775896","harris_str":"02018225015000"}},{"type":"Feature","geometry":{"type":"MultiPolygon","coordinates":[[[[-87.67522542045363,41.78869667715196],[-87.67522839948035,41.78876392929883],[-87.67502669114958,41.788766890040385],[-87.6750255596986,41.78869827633148],[-87.67522542045363,41.78869667715196]]]]},"properties":{"no_stories":"0","suf_dir1":"","x_coord":"1163749.9617967","shape_area":"1356.0","year_built":"1922","cdb_city_i":"","stories":"1","y_coord":"1866293.14624432","unit_name":"","qc_date":"2003-06-16T07:00:00.000Z","edit_date":null,"non_standa":"","label_hous":"5753","st_name1":"SEELEY","t_add1":"5753","z_coord":"0","qc_userid":"DS06284","qc_source":"PARCELS","orig_bldg_":"502607","footprint_":"AERIALS98","st_type1":"AVE","bldg_statu":"ACTIVE","condition_":"2003-03-01T08:00:00.000Z","bldg_name2":"","bldg_activ":"1998-04-01T08:00:00.000Z","edit_useri":"","bldg_sq_fo":"899.0","edit_sourc":"","f_add1":"5753","vacancy_st":"","bldg_creat":"1998-04-01T08:00:00.000Z","no_of_unit":"1","bldg_end_d":null,"bldg_id":"502607","create_use":"","demolished":null,"pre_dir1":"S","bldg_condi":"NEEDS MINOR REPAIR","bldg_name1":"","comments":"","shape_len":"159.055023454","harris_str":"02018118023000"}},{"type":"Feature","geometry":{"type":"MultiPolygon","coordinates":[[[[-87.6748897109506,41.78871533566119],[-87.67489092649947,41.78877571698609],[-87.67480474597079,41.788776595147624],[-87.6748035164605,41.78871758588642],[-87.6748897109506,41.78871533566119]]]]},"properties":{"no_stories":"0","suf_dir1":"","x_coord":"1163826.1169464","shape_area":"511.5","year_built":"0","cdb_city_i":"","stories":"0","y_coord":"1866298.68019494","unit_name":"","qc_date":null,"edit_date":null,"non_standa":"","label_hous":"0","st_name1":"","t_add1":"0","z_coord":"0","qc_userid":"","qc_source":"","orig_bldg_":"502553","footprint_":"AERIALS98","st_type1":"","bldg_statu":"ACTIVE","condition_":null,"bldg_name2":"","bldg_activ":"1998-04-01T08:00:00.000Z","edit_useri":"","bldg_sq_fo":"0.0","edit_sourc":"","f_add1":"0","vacancy_st":"","bldg_creat":"1998-04-01T08:00:00.000Z","no_of_unit":"0","bldg_end_d":null,"bldg_id":"502553","create_use":"","demolished":null,"pre_dir1":"","bldg_condi":"","bldg_name1":"","comments":"","shape_len":"90.538079772","harris_str":""}},{"type":"Feature","geometry":{"type":"MultiPolygon","coordinates":[[[[-87.67642764583123,41.78910559635],[-87.6764288208027,41.789170093858004],[-87.676282125478,41.78917199921992],[-87.67628095065358,41.789107501711484],[-87.67642764583123,41.78910559635]]]]},"properties":{"no_stories":"0","suf_dir1":"","x_coord":"1163413.86372848","shape_area":"940.5","year_built":"1910","cdb_city_i":"","stories":"1","y_coord":"1866438.80365174","unit_name":"","qc_date":"2003-06-16T07:00:00.000Z","edit_date":null,"non_standa":"","label_hous":"5737","st_name1":"HOYNE","t_add1":"5737","z_coord":"0","qc_userid":"DS06284","qc_source":"PARCELS","orig_bldg_":"501096","footprint_":"AERIALS98","st_type1":"AVE","bldg_statu":"ACTIVE","condition_":"2003-03-01T08:00:00.000Z","bldg_name2":"","bldg_activ":"1998-04-01T08:00:00.000Z","edit_useri":"","bldg_sq_fo":"957.0","edit_sourc":"","f_add1":"5737","vacancy_st":"","bldg_creat":"1998-04-01T08:00:00.000Z","no_of_unit":"1","bldg_end_d":null,"bldg_id":"501096","create_use":"","demolished":null,"pre_dir1":"S","bldg_condi":"NEEDS MINOR REPAIR","bldg_name1":"","comments":"","shape_len":"127.035633189","harris_str":"02018117016000"}},{"type":"Feature","geometry":{"type":"MultiPolygon","coordinates":[[[[-87.67369613461291,41.78782208297606],[-87.67369737716639,41.78787972018695],[-87.67357635099793,41.78788176948617],[-87.6735751226209,41.787822760210894],[-87.67369613461291,41.78782208297606]]]]},"properties":{"no_stories":"0","suf_dir1":"","x_coord":"1164158.8609027","shape_area":"701.625","year_built":"0","cdb_city_i":"","stories":"0","y_coord":"1865975.39933074","unit_name":"","qc_date":null,"edit_date":null,"non_standa":"","label_hous":"0","st_name1":"","t_add1":"0","z_coord":"0","qc_userid":"","qc_source":"","orig_bldg_":"505220","footprint_":"AERIALS98","st_type1":"","bldg_statu":"ACTIVE","condition_":null,"bldg_name2":"","bldg_activ":"1998-04-01T08:00:00.000Z","edit_useri":"","bldg_sq_fo":"0.0","edit_sourc":"","f_add1":"0","vacancy_st":"","bldg_creat":"1998-04-01T08:00:00.000Z","no_of_unit":"0","bldg_end_d":null,"bldg_id":"505220","create_use":"","demolished":null,"pre_dir1":"","bldg_condi":"","bldg_name1":"","comments":"","shape_len":"108.530700405","harris_str":""}},{"type":"Feature","geometry":{"type":"MultiPolygon","coordinates":[[[[-87.67214355526175,41.78832633970381],[-87.67214479642819,41.78838397691647],[-87.67189357554433,41.7883880193234],[-87.67189210893612,41.788352335122354],[-87.6719141087324,41.78835246178798],[-87.67191251517973,41.78832912615661],[-87.67214355526175,41.78832633970381]]]]},"properties":{"no_stories":"0","suf_dir1":"","x_coord":"1164598.68595037","shape_area":"1405.625","year_built":"1926","cdb_city_i":"","stories":"2","y_coord":"1866162.96105915","unit_name":"","qc_date":"2003-06-16T07:00:00.000Z","edit_date":null,"non_standa":"","label_hous":"5800","st_name1":"WOLCOTT","t_add1":"5800","z_coord":"0","qc_userid":"DS06284","qc_source":"PARCELS","orig_bldg_":"503722","footprint_":"AERIALS98","st_type1":"AVE","bldg_statu":"ACTIVE","condition_":"2001-12-01T08:00:00.000Z","bldg_name2":"","bldg_activ":"1998-04-01T08:00:00.000Z","edit_useri":"","bldg_sq_fo":"2555.0","edit_sourc":"","f_add1":"5800","vacancy_st":"","bldg_creat":"1998-04-01T08:00:00.000Z","no_of_unit":"2","bldg_end_d":null,"bldg_id":"503722","create_use":"","demolished":null,"pre_dir1":"S","bldg_condi":"NEEDS MINOR REPAIR","bldg_name1":"","comments":"","shape_len":"180.077302025","harris_str":"02018225010000"}},{"type":"Feature","geometry":{"type":"MultiPolygon","coordinates":[[[[-87.67456606195765,41.7888095302959],[-87.67456722101379,41.78887539987669],[-87.67433067900541,41.78887815963988],[-87.67432952019144,41.78881229005849],[-87.67456606195765,41.7888095302959]]]]},"properties":{"no_stories":"0","suf_dir1":"","x_coord":"1163934.61311284","shape_area":"1548.75","year_built":"1922","cdb_city_i":"","stories":"1","y_coord":"1866335.36538013","unit_name":"","qc_date":"2003-06-16T07:00:00.000Z","edit_date":null,"non_standa":"","label_hous":"5748","st_name1":"DAMEN","t_add1":"5748","z_coord":"0","qc_userid":"DS06284","qc_source":"PARCELS","orig_bldg_":"502164","footprint_":"AERIALS98","st_type1":"AVE","bldg_statu":"ACTIVE","condition_":"2003-03-01T08:00:00.000Z","bldg_name2":"","bldg_activ":"1998-04-01T08:00:00.000Z","edit_useri":"","bldg_sq_fo":"1175.0","edit_sourc":"","f_add1":"5748","vacancy_st":"","bldg_creat":"1998-04-01T08:00:00.000Z","no_of_unit":"1","bldg_end_d":null,"bldg_id":"502164","create_use":"","demolished":null,"pre_dir1":"S","bldg_condi":"SOUND","bldg_name1":"","comments":"","shape_len":"177.045294542","harris_str":"02018118037000"}},{"type":"Feature","geometry":{"type":"MultiPolygon","coordinates":[[[[-87.6736712655665,41.788638366202015],[-87.67367249403766,41.78869737546866],[-87.67359364691639,41.78869829483125],[-87.67359241851754,41.788639285564294],[-87.6736712655665,41.788638366202015]]]]},"properties":{"no_stories":"0","suf_dir1":"","x_coord":"1164157.61432408","shape_area":"462.5","year_built":"0","cdb_city_i":"","stories":"0","y_coord":"1866272.89933074","unit_name":"","qc_date":null,"edit_date":null,"non_standa":"","label_hous":"0","st_name1":"","t_add1":"0","z_coord":"0","qc_userid":"","qc_source":"","orig_bldg_":"502817","footprint_":"AERIALS98","st_type1":"","bldg_statu":"ACTIVE","condition_":null,"bldg_name2":"","bldg_activ":"1998-04-01T08:00:00.000Z","edit_useri":"","bldg_sq_fo":"0.0","edit_sourc":"","f_add1":"0","vacancy_st":"","bldg_creat":"1998-04-01T08:00:00.000Z","no_of_unit":"0","bldg_end_d":null,"bldg_id":"502817","create_use":"","demolished":null,"pre_dir1":"","bldg_condi":"","bldg_name1":"","comments":"","shape_len":"86.0232526704","harris_str":""}},{"type":"Feature","geometry":{"type":"MultiPolygon","coordinates":[[[[-87.6722835920488,41.78825853837234],[-87.67228487562755,41.78831205939483],[-87.672206028971,41.78831297780836],[-87.67220474545783,41.788259456785454],[-87.6722835920488,41.78825853837234]]]]},"properties":{"no_stories":"0","suf_dir1":"","x_coord":"1164537.11425047","shape_area":"419.5","year_built":"0","cdb_city_i":"","stories":"0","y_coord":"1866136.27587395","unit_name":"","qc_date":null,"edit_date":null,"non_standa":"","label_hous":"0","st_name1":"","t_add1":"0","z_coord":"0","qc_userid":"","qc_source":"","orig_bldg_":"503938","footprint_":"AERIALS98","st_type1":"","bldg_statu":"ACTIVE","condition_":null,"bldg_name2":"","bldg_activ":"1998-04-01T08:00:00.000Z","edit_useri":"","bldg_sq_fo":"0.0","edit_sourc":"","f_add1":"0","vacancy_st":"","bldg_creat":"1998-04-01T08:00:00.000Z","no_of_unit":"0","bldg_end_d":null,"bldg_id":"503938","create_use":"","demolished":null,"pre_dir1":"","bldg_condi":"","bldg_name1":"","comments":"","shape_len":"82.0244447415","harris_str":""}},{"type":"Feature","geometry":{"type":"MultiPolygon","coordinates":[[[[-87.67603141182734,41.788767154517934],[-87.67610652228761,41.78877307282738],[-87.67609865640925,41.7888251693183],[-87.67602724058386,41.788816527854245],[-87.67603141182734,41.788767154517934]]]]},"properties":{"no_stories":"0","suf_dir1":"","x_coord":"1163493.73917549","shape_area":"373.75","year_built":"0","cdb_city_i":"","stories":"0","y_coord":"1866314.33760235","unit_name":"","qc_date":null,"edit_date":null,"non_standa":"","label_hous":"0","st_name1":"","t_add1":"0","z_coord":"0","qc_userid":"","qc_source":"","orig_bldg_":"502389","footprint_":"AERIALS98","st_type1":"","bldg_statu":"ACTIVE","condition_":null,"bldg_name2":"","bldg_activ":"1998-04-01T08:00:00.000Z","edit_useri":"","bldg_sq_fo":"0.0","edit_sourc":"","f_add1":"0","vacancy_st":"","bldg_creat":"1998-04-01T08:00:00.000Z","no_of_unit":"0","bldg_end_d":null,"bldg_id":"502389","create_use":"","demolished":null,"pre_dir1":"","bldg_condi":"","bldg_name1":"","comments":"","shape_len":"77.4594791329","harris_str":""}},{"type":"Feature","geometry":{"type":"MultiPolygon","coordinates":[[[[-87.67693436168199,41.78885876243988],[-87.67693553716013,41.78892325994909],[-87.67677050906028,41.78892506118464],[-87.67676933374757,41.78886056367496],[-87.67693436168199,41.78885876243988]]]]},"properties":{"no_stories":"0","suf_dir1":"","x_coord":"1163278.86372849","shape_area":"1058.0","year_built":"1911","cdb_city_i":"","stories":"2","y_coord":"1866347.80365174","unit_name":"","qc_date":"2003-06-16T07:00:00.000Z","edit_date":null,"non_standa":"","label_hous":"5746","st_name1":"HOYNE","t_add1":"5746","z_coord":"0","qc_userid":"DS06284","qc_source":"PARCELS","orig_bldg_":"502018","footprint_":"AERIALS98","st_type1":"AVE","bldg_statu":"ACTIVE","condition_":"2003-03-01T08:00:00.000Z","bldg_name2":"","bldg_activ":"1998-04-01T08:00:00.000Z","edit_useri":"","bldg_sq_fo":"814.0","edit_sourc":"","f_add1":"5746","vacancy_st":"","bldg_creat":"1998-04-01T08:00:00.000Z","no_of_unit":"1","bldg_end_d":null,"bldg_id":"502018","create_use":"","demolished":null,"pre_dir1":"S","bldg_condi":"NEEDS MINOR REPAIR","bldg_name1":"","comments":"","shape_len":"137.032856574","harris_str":"02018116032000"}},{"type":"Feature","geometry":{"type":"MultiPolygon","coordinates":[[[[-87.67693448738788,41.78902616478894],[-87.67693569086107,41.78908791816728],[-87.67675049560815,41.78908960414084],[-87.67674927831176,41.78902922282632],[-87.67693448738788,41.78902616478894]]]]},"properties":{"no_stories":"0","suf_dir1":"","x_coord":"1163281.11627097","shape_area":"1124.25","year_built":"1911","cdb_city_i":"","stories":"1","y_coord":"1866408.24192334","unit_name":"","qc_date":"2003-06-16T07:00:00.000Z","edit_date":null,"non_standa":"","label_hous":"5740","st_name1":"HOYNE","t_add1":"5740","z_coord":"0","qc_userid":"DS06284","qc_source":"PARCELS","orig_bldg_":"501400","footprint_":"AERIALS98","st_type1":"AVE","bldg_statu":"ACTIVE","condition_":"2003-03-01T08:00:00.000Z","bldg_name2":"","bldg_activ":"1998-04-01T08:00:00.000Z","edit_useri":"","bldg_sq_fo":"1254.0","edit_sourc":"","f_add1":"5740","vacancy_st":"","bldg_creat":"1998-04-01T08:00:00.000Z","no_of_unit":"1","bldg_end_d":null,"bldg_id":"501400","create_use":"","demolished":null,"pre_dir1":"S","bldg_condi":"NEEDS MINOR REPAIR","bldg_name1":"","comments":"","shape_len":"145.54340829","harris_str":"02018116030000"}},{"type":"Feature","geometry":{"type":"MultiPolygon","coordinates":[[[[-87.67202832458925,41.788656363254006],[-87.67202946694493,41.788723604906586],[-87.67186627263781,41.78872540965313],[-87.67186513045269,41.7886581680002],[-87.67202832458925,41.788656363254006]]]]},"properties":{"no_stories":"0","suf_dir1":"","x_coord":"1164617.11378209","shape_area":"1090.75","year_built":"1914","cdb_city_i":"","stories":"2","y_coord":"1866284.86538013","unit_name":"","qc_date":null,"edit_date":"2008-07-22T07:00:00.000Z","non_standa":"","label_hous":"5754","st_name1":"WOLCOTT","t_add1":"5754","z_coord":"0","qc_userid":"","qc_source":"","orig_bldg_":"502686","footprint_":"AERIALS98","st_type1":"AVE","bldg_statu":"ACTIVE","condition_":"2001-12-01T08:00:00.000Z","bldg_name2":"","bldg_activ":"1998-04-01T08:00:00.000Z","edit_useri":"DS06183","bldg_sq_fo":"0.0","edit_sourc":"","f_add1":"5754","vacancy_st":"","bldg_creat":"1998-04-01T08:00:00.000Z","no_of_unit":"1","bldg_end_d":null,"bldg_id":"502686","create_use":"","demolished":null,"pre_dir1":"S","bldg_condi":"SOUND","bldg_name1":"","comments":"","shape_len":"138.032672093","harris_str":"02018217039000"}},{"type":"Feature","geometry":{"type":"MultiPolygon","coordinates":[[[[-87.67249155275366,41.78907478864326],[-87.67249280832941,41.78913105378376],[-87.67238461315617,41.78913317563252],[-87.67238337176909,41.789075538428285],[-87.67249155275366,41.78907478864326]]]]},"properties":{"no_stories":"0","suf_dir1":"","x_coord":"1164482.11080027","shape_area":"612.5","year_built":"0","cdb_city_i":"","stories":"0","y_coord":"1866434.11846655","unit_name":"","qc_date":null,"edit_date":null,"non_standa":"","label_hous":"0","st_name1":"","t_add1":"0","z_coord":"0","qc_userid":"","qc_source":"","orig_bldg_":"501144","footprint_":"AERIALS98","st_type1":"","bldg_statu":"ACTIVE","condition_":null,"bldg_name2":"","bldg_activ":"1998-04-01T08:00:00.000Z","edit_useri":"","bldg_sq_fo":"0.0","edit_sourc":"","f_add1":"0","vacancy_st":"","bldg_creat":"1998-04-01T08:00:00.000Z","no_of_unit":"0","bldg_end_d":null,"bldg_id":"501144","create_use":"","demolished":null,"pre_dir1":"","bldg_condi":"","bldg_name1":"","comments":"","shape_len":"100.533229462","harris_str":""}},{"type":"Feature","geometry":{"type":"MultiPolygon","coordinates":[[[[-87.67201087944146,41.78803468137051],[-87.67201072432496,41.788049774067865],[-87.67203089071053,41.78804989015668],[-87.6720304535767,41.78809242412191],[-87.67201210638528,41.78809369065001],[-87.67201196537025,41.788107411283825],[-87.67186893902958,41.78810933213438],[-87.67186601995513,41.78803659166493],[-87.67201087944146,41.78803468137051]]]]},"properties":{"no_stories":"0","suf_dir1":"","x_coord":"1164618.37331113","shape_area":"1123.5","year_built":"1910","cdb_city_i":"","stories":"2","y_coord":"1866059.48883691","unit_name":"","qc_date":"2003-06-16T07:00:00.000Z","edit_date":null,"non_standa":"","label_hous":"5812","st_name1":"WOLCOTT","t_add1":"5812","z_coord":"0","qc_userid":"DS06284","qc_source":"PARCELS","orig_bldg_":"504547","footprint_":"AERIALS98","st_type1":"AVE","bldg_statu":"ACTIVE","condition_":"2001-12-01T08:00:00.000Z","bldg_name2":"","bldg_activ":"1998-04-01T08:00:00.000Z","edit_useri":"","bldg_sq_fo":"1500.0","edit_sourc":"","f_add1":"5812","vacancy_st":"","bldg_creat":"1998-04-01T08:00:00.000Z","no_of_unit":"1","bldg_end_d":null,"bldg_id":"504547","create_use":"","demolished":null,"pre_dir1":"S","bldg_condi":"NEEDS MINOR REPAIR","bldg_name1":"","comments":"","shape_len":"141.569273629","harris_str":"02018225014000"}},{"type":"Feature","geometry":{"type":"MultiPolygon","coordinates":[[[[-87.67455859505714,41.788643457993935],[-87.67455975410483,41.788709327576605],[-87.6742883654314,41.788713259565974],[-87.67428720666153,41.788647389982586],[-87.67455859505714,41.788643457993935]]]]},"properties":{"no_stories":"0","suf_dir1":"","x_coord":"1163941.86246984","shape_area":"1777.0","year_built":"1922","cdb_city_i":"","stories":"1","y_coord":"1866275.14624433","unit_name":"","qc_date":"2003-06-16T07:00:00.000Z","edit_date":null,"non_standa":"","label_hous":"5754","st_name1":"DAMEN","t_add1":"5754","z_coord":"0","qc_userid":"DS06284","qc_source":"PARCELS","orig_bldg_":"502785","footprint_":"AERIALS98","st_type1":"AVE","bldg_statu":"ACTIVE","condition_":"2003-03-01T08:00:00.000Z","bldg_name2":"","bldg_activ":"1998-04-01T08:00:00.000Z","edit_useri":"","bldg_sq_fo":"2020.0","edit_sourc":"","f_add1":"5754","vacancy_st":"B","bldg_creat":"1998-04-01T08:00:00.000Z","no_of_unit":"2","bldg_end_d":null,"bldg_id":"502785","create_use":"","demolished":null,"pre_dir1":"S","bldg_condi":"NEEDS MAJOR REPAIR","bldg_name1":"","comments":"","shape_len":"196.064459723","harris_str":"02018118039000"}},{"type":"Feature","geometry":{"type":"MultiPolygon","coordinates":[[[[-87.67245122686656,41.78818129062648],[-87.67245263741361,41.78822246307756],[-87.67239763802831,41.78822214666422],[-87.67239621342311,41.788182346276194],[-87.67245122686656,41.78818129062648]]]]},"properties":{"no_stories":"0","suf_dir1":"","x_coord":"1164488.36882006","shape_area":"221.375","year_built":"0","cdb_city_i":"","stories":"0","y_coord":"1866104.96723198","unit_name":"","qc_date":null,"edit_date":null,"non_standa":"","label_hous":"0","st_name1":"","t_add1":"0","z_coord":"0","qc_userid":"","qc_source":"","orig_bldg_":"504202","footprint_":"AERIALS98","st_type1":"","bldg_statu":"ACTIVE","condition_":null,"bldg_name2":"","bldg_activ":"1998-04-01T08:00:00.000Z","edit_useri":"","bldg_sq_fo":"0.0","edit_sourc":"","f_add1":"0","vacancy_st":"","bldg_creat":"1998-04-01T08:00:00.000Z","no_of_unit":"0","bldg_end_d":null,"bldg_id":"504202","create_use":"","demolished":null,"pre_dir1":"","bldg_condi":"","bldg_name1":"","comments":"","shape_len":"59.5252801682","harris_str":""}},{"type":"Feature","geometry":{"type":"MultiPolygon","coordinates":[[[[-87.67367897401029,41.788959492265676],[-87.67368041348655,41.78899792057466],[-87.67360155192893,41.78900021200359],[-87.6736001265678,41.78896041163037],[-87.67367897401029,41.788959492265676]]]]},"properties":{"no_stories":"0","suf_dir1":"","x_coord":"1164154.60878919","shape_area":"306.75","year_built":"0","cdb_city_i":"","stories":"0","y_coord":"1866385.96723198","unit_name":"","qc_date":null,"edit_date":null,"non_standa":"","label_hous":"0","st_name1":"","t_add1":"0","z_coord":"0","qc_userid":"","qc_source":"","orig_bldg_":"501669","footprint_":"AERIALS98","st_type1":"","bldg_statu":"ACTIVE","condition_":null,"bldg_name2":"","bldg_activ":"1998-04-01T08:00:00.000Z","edit_useri":"","bldg_sq_fo":"0.0","edit_sourc":"","f_add1":"0","vacancy_st":"","bldg_creat":"1998-04-01T08:00:00.000Z","no_of_unit":"0","bldg_end_d":null,"bldg_id":"501669","create_use":"","demolished":null,"pre_dir1":"","bldg_condi":"","bldg_name1":"","comments":"","shape_len":"71.5466002723","harris_str":""}},{"type":"Feature","geometry":{"type":"MultiPolygon","coordinates":[[[[-87.67570600467833,41.78867473065179],[-87.67570734720027,41.788722763395725],[-87.67568351393228,41.78872262696038],[-87.67568517897868,41.788739102226536],[-87.67554765127082,41.78874105913317],[-87.67554647718505,41.78867656161776],[-87.67570600467833,41.78867473065179]]]]},"properties":{"no_stories":"0","suf_dir1":"","x_coord":"1163613.56353148","shape_area":"983.75","year_built":"1910","cdb_city_i":"","stories":"1","y_coord":"1866283.30365173","unit_name":"","qc_date":"2003-06-16T07:00:00.000Z","edit_date":null,"non_standa":"","label_hous":"5752","st_name1":"SEELEY","t_add1":"5752","z_coord":"0","qc_userid":"DS06284","qc_source":"PARCELS","orig_bldg_":"502707","footprint_":"AERIALS98","st_type1":"AVE","bldg_statu":"ACTIVE","condition_":"2003-03-01T08:00:00.000Z","bldg_name2":"","bldg_activ":"1998-04-01T08:00:00.000Z","edit_useri":"","bldg_sq_fo":"792.0","edit_sourc":"","f_add1":"5752","vacancy_st":"","bldg_creat":"1998-04-01T08:00:00.000Z","no_of_unit":"1","bldg_end_d":null,"bldg_id":"502707","create_use":"","demolished":null,"pre_dir1":"S","bldg_condi":"SOUND","bldg_name1":"","comments":"","shape_len":"134.558080935","harris_str":"02018117036000"}},{"type":"Feature","geometry":{"type":"MultiPolygon","coordinates":[[[[-87.67280234453524,41.78898327022789],[-87.67280350178642,41.78904913981147],[-87.67261463994969,41.789050798034985],[-87.67261322928762,41.789009625590936],[-87.67264989599471,41.7890098364705],[-87.67264831625023,41.7889851287866],[-87.67280234453524,41.78898327022789]]]]},"properties":{"no_stories":"0","suf_dir1":"","x_coord":"1164408.68223578","shape_area":"1146.25","year_built":"1914","cdb_city_i":"","stories":"2","y_coord":"1866402.08451593","unit_name":"","qc_date":"2003-06-16T07:00:00.000Z","edit_date":null,"non_standa":"","label_hous":"5743","st_name1":"WINCHESTER","t_add1":"5743","z_coord":"0","qc_userid":"DS06284","qc_source":"PARCELS","orig_bldg_":"501451","footprint_":"AERIALS98","st_type1":"AVE","bldg_statu":"ACTIVE","condition_":"2001-12-01T08:00:00.000Z","bldg_name2":"","bldg_activ":"1998-04-01T08:00:00.000Z","edit_useri":"","bldg_sq_fo":"704.0","edit_sourc":"","f_add1":"5743","vacancy_st":"","bldg_creat":"1998-04-01T08:00:00.000Z","no_of_unit":"1","bldg_end_d":null,"bldg_id":"501451","create_use":"","demolished":null,"pre_dir1":"S","bldg_condi":"NEEDS MINOR REPAIR","bldg_name1":"","comments":"","shape_len":"151.549027875","harris_str":"02018217015000"}},{"type":"Feature","geometry":{"type":"MultiPolygon","coordinates":[[[[-87.67488622083859,41.788877228706504],[-87.67488740830409,41.7889403541577],[-87.67480854684936,41.78894264641607],[-87.67480735946123,41.788879520964635],[-87.67488622083859,41.788877228706504]]]]},"properties":{"no_stories":"0","suf_dir1":"","x_coord":"1163825.61369993","shape_area":"495.0","year_built":"0","cdb_city_i":"","stories":"0","y_coord":"1866358.52278753","unit_name":"","qc_date":null,"edit_date":null,"non_standa":"","label_hous":"0","st_name1":"","t_add1":"0","z_coord":"0","qc_userid":"","qc_source":"","orig_bldg_":"501902","footprint_":"AERIALS98","st_type1":"","bldg_statu":"ACTIVE","condition_":null,"bldg_name2":"","bldg_activ":"1998-04-01T08:00:00.000Z","edit_useri":"","bldg_sq_fo":"0.0","edit_sourc":"","f_add1":"0","vacancy_st":"","bldg_creat":"1998-04-01T08:00:00.000Z","no_of_unit":"0","bldg_end_d":null,"bldg_id":"501902","create_use":"","demolished":null,"pre_dir1":"","bldg_condi":"","bldg_name1":"","comments":"","shape_len":"89.0573547814","harris_str":""}},{"type":"Feature","geometry":{"type":"MultiPolygon","coordinates":[[[[-87.67204892788746,41.78825718781237],[-87.67204878687946,41.7882709084459],[-87.67207996731925,41.78826971578148],[-87.67208134942963,41.78831363236148],[-87.67186682333471,41.78831514163175],[-87.67186555420845,41.78826024854381],[-87.67204892788746,41.78825718781237]]]]},"properties":{"no_stories":"0","suf_dir1":"","x_coord":"1164611.14529841","shape_area":"1150.125","year_built":"1911","cdb_city_i":"","stories":"1","y_coord":"1866137.11846654","unit_name":"","qc_date":"2003-06-16T07:00:00.000Z","edit_date":null,"non_standa":"","label_hous":"5802","st_name1":"WOLCOTT","t_add1":"5802","z_coord":"0","qc_userid":"DS06284","qc_source":"PARCELS","orig_bldg_":"503926","footprint_":"AERIALS98","st_type1":"AVE","bldg_statu":"ACTIVE","condition_":"2001-12-01T08:00:00.000Z","bldg_name2":"","bldg_activ":"1998-04-01T08:00:00.000Z","edit_useri":"","bldg_sq_fo":"480.0","edit_sourc":"","f_add1":"5802","vacancy_st":"","bldg_creat":"1998-04-01T08:00:00.000Z","no_of_unit":"1","bldg_end_d":null,"bldg_id":"503926","create_use":"","demolished":null,"pre_dir1":"S","bldg_condi":"NEEDS MINOR REPAIR","bldg_name1":"","comments":"","shape_len":"158.059794124","harris_str":"02018225011000"}},{"type":"Feature","geometry":{"type":"MultiPolygon","coordinates":[[[[-87.67329555327983,41.788267101299304],[-87.67329517327558,41.788304147019026],[-87.6732658261529,41.78830535054705],[-87.67326548835571,41.78833828007528],[-87.67311329493678,41.788340149802615],[-87.67311206698115,41.788281140530074],[-87.67312673349936,41.78828122481843],[-87.67312686019974,41.788268876245596],[-87.67329555327983,41.788267101299304]]]]},"properties":{"no_stories":"0","suf_dir1":"","x_coord":"1164279.53350294","shape_area":"1172.875","year_built":"1956","cdb_city_i":"","stories":"1","y_coord":"1866141.20797272","unit_name":"","qc_date":"2003-06-16T07:00:00.000Z","edit_date":null,"non_standa":"","label_hous":"5800","st_name1":"WINCHESTER","t_add1":"5800","z_coord":"0","qc_userid":"DS06284","qc_source":"PARCELS","orig_bldg_":"503877","footprint_":"AERIALS98","st_type1":"AVE","bldg_statu":"ACTIVE","condition_":"2001-12-01T08:00:00.000Z","bldg_name2":"","bldg_activ":"1998-04-01T08:00:00.000Z","edit_useri":"","bldg_sq_fo":"0.0","edit_sourc":"","f_add1":"5800","vacancy_st":"","bldg_creat":"1998-04-01T08:00:00.000Z","no_of_unit":"1","bldg_end_d":null,"bldg_id":"503877","create_use":"","demolished":null,"pre_dir1":"S","bldg_condi":"NEEDS MAJOR REPAIR","bldg_name1":"","comments":"","shape_len":"151.044337664","harris_str":"02018224009000"}},{"type":"Feature","geometry":{"type":"MultiPolygon","coordinates":[[[[-87.67456507147158,41.78872719594714],[-87.6745662445737,41.78879169346493],[-87.67433336953277,41.788794474261984],[-87.6743321966641,41.788729976743525],[-87.67456507147158,41.78872719594714]]]]},"properties":{"no_stories":"0","suf_dir1":"","x_coord":"1163934.6130718","shape_area":"1493.0","year_built":"1922","cdb_city_i":"","stories":"1","y_coord":"1866305.08451593","unit_name":"","qc_date":"2003-06-16T07:00:00.000Z","edit_date":null,"non_standa":"","label_hous":"5750","st_name1":"DAMEN","t_add1":"5750","z_coord":"0","qc_userid":"DS06284","qc_source":"PARCELS","orig_bldg_":"502474","footprint_":"AERIALS98","st_type1":"AVE","bldg_statu":"ACTIVE","condition_":"2003-03-01T08:00:00.000Z","bldg_name2":"","bldg_activ":"1998-04-01T08:00:00.000Z","edit_useri":"","bldg_sq_fo":"1056.0","edit_sourc":"","f_add1":"5750","vacancy_st":"","bldg_creat":"1998-04-01T08:00:00.000Z","no_of_unit":"1","bldg_end_d":null,"bldg_id":"502474","create_use":"","demolished":null,"pre_dir1":"S","bldg_condi":"SOUND","bldg_name1":"","comments":"","shape_len":"174.046065223","harris_str":"02018118038000"}},{"type":"Feature","geometry":{"type":"MultiPolygon","coordinates":[[[[-87.67715209308949,41.788183539007505],[-87.6771543465328,41.78832213849205],[-87.6767032664648,41.788327793965344],[-87.67670099999162,41.78819056654372],[-87.67715209308949,41.788183539007505]]]]},"properties":{"no_stories":"0","suf_dir1":"","x_coord":"1163260.08283216","shape_area":"6184.0","year_built":"1952","cdb_city_i":"","stories":"1","y_coord":"1866117.59377518","unit_name":"","qc_date":"2005-01-20T08:00:00.000Z","edit_date":null,"non_standa":"","label_hous":"5800","st_name1":"HOYNE","t_add1":"5800","z_coord":"0","qc_userid":"DS01228","qc_source":"ASSESS2002","orig_bldg_":"503970","footprint_":"AERIALS98","st_type1":"AVE","bldg_statu":"ACTIVE","condition_":"2003-03-01T08:00:00.000Z","bldg_name2":"","bldg_activ":"1998-04-01T08:00:00.000Z","edit_useri":"","bldg_sq_fo":"6700.0","edit_sourc":"","f_add1":"5800","vacancy_st":"","bldg_creat":"1998-04-01T08:00:00.000Z","no_of_unit":"0","bldg_end_d":null,"bldg_id":"503970","create_use":"","demolished":null,"pre_dir1":"S","bldg_condi":"NEEDS MINOR REPAIR","bldg_name1":"","comments":"","shape_len":"346.606265618","harris_str":"02018123001000"}},{"type":"Feature","geometry":{"type":"MultiPolygon","coordinates":[[[[-87.67366368377652,41.78830489154638],[-87.6736649263047,41.78836252875265],[-87.67357874632462,41.788363405998375],[-87.67357750387366,41.78830576879175],[-87.67366368377652,41.78830489154638]]]]},"properties":{"no_stories":"0","suf_dir1":"","x_coord":"1164161.61430699","shape_area":"493.75","year_built":"0","cdb_city_i":"","stories":"0","y_coord":"1866151.11846655","unit_name":"","qc_date":null,"edit_date":null,"non_standa":"","label_hous":"0","st_name1":"","t_add1":"0","z_coord":"0","qc_userid":"","qc_source":"","orig_bldg_":"503815","footprint_":"AERIALS98","st_type1":"","bldg_statu":"ACTIVE","condition_":null,"bldg_name2":"","bldg_activ":"1998-04-01T08:00:00.000Z","edit_useri":"","bldg_sq_fo":"0.0","edit_sourc":"","f_add1":"0","vacancy_st":"","bldg_creat":"1998-04-01T08:00:00.000Z","no_of_unit":"0","bldg_end_d":null,"bldg_id":"503815","create_use":"","demolished":null,"pre_dir1":"","bldg_condi":"","bldg_name1":"","comments":"","shape_len":"89.0225401694","harris_str":""}},{"type":"Feature","geometry":{"type":"MultiPolygon","coordinates":[[[[-87.67206981345551,41.788187328663106],[-87.67207102635416,41.788247710004185],[-87.67199951302905,41.788248670487356],[-87.67199962584377,41.78823769398059],[-87.67196844541829,41.788238886623326],[-87.67196834670077,41.788248491066675],[-87.67187115288169,41.78825067576869],[-87.6718699542752,41.78818892236355],[-87.67206981345551,41.788187328663106]]]]},"properties":{"no_stories":"0","suf_dir1":"","x_coord":"1164612.11033662","shape_area":"1176.125","year_built":"1912","cdb_city_i":"","stories":"2","y_coord":"1866112.74192334","unit_name":"","qc_date":"2003-06-16T07:00:00.000Z","edit_date":null,"non_standa":"","label_hous":"5804","st_name1":"WOLCOTT","t_add1":"5804","z_coord":"0","qc_userid":"DS06284","qc_source":"PARCELS","orig_bldg_":"504101","footprint_":"AERIALS98","st_type1":"AVE","bldg_statu":"ACTIVE","condition_":"2001-12-01T08:00:00.000Z","bldg_name2":"","bldg_activ":"1998-04-01T08:00:00.000Z","edit_useri":"","bldg_sq_fo":"1778.0","edit_sourc":"","f_add1":"5804","vacancy_st":"","bldg_creat":"1998-04-01T08:00:00.000Z","no_of_unit":"2","bldg_end_d":null,"bldg_id":"504101","create_use":"","demolished":null,"pre_dir1":"S","bldg_condi":"NEEDS MINOR REPAIR","bldg_name1":"","comments":"","shape_len":"161.060373093","harris_str":"02018225012000"}},{"type":"Feature","geometry":{"type":"MultiPolygon","coordinates":[[[[-87.67245352919893,41.78867115945655],[-87.67245479883047,41.78872605253776],[-87.67237228501305,41.78872694996812],[-87.6723710154519,41.788672056886526],[-87.67245352919893,41.78867115945655]]]]},"properties":{"no_stories":"0","suf_dir1":"","x_coord":"1164490.11427025","shape_area":"450.25","year_built":"0","cdb_city_i":"","stories":"0","y_coord":"1866286.55673815","unit_name":"","qc_date":null,"edit_date":null,"non_standa":"","label_hous":"0","st_name1":"","t_add1":"0","z_coord":"0","qc_userid":"","qc_source":"","orig_bldg_":"502692","footprint_":"AERIALS98","st_type1":"","bldg_statu":"ACTIVE","condition_":null,"bldg_name2":"","bldg_activ":"1998-04-01T08:00:00.000Z","edit_useri":"","bldg_sq_fo":"0.0","edit_sourc":"","f_add1":"0","vacancy_st":"","bldg_creat":"1998-04-01T08:00:00.000Z","no_of_unit":"0","bldg_end_d":null,"bldg_id":"502692","create_use":"","demolished":null,"pre_dir1":"","bldg_condi":"","bldg_name1":"","comments":"","shape_len":"85.0236077872","harris_str":""}},{"type":"Feature","geometry":{"type":"MultiPolygon","coordinates":[[[[-87.67400253221201,41.789053283400186],[-87.67400373287097,41.78911503678867],[-87.67384237092901,41.78911685485769],[-87.67384255374763,41.789099018030264],[-87.67382055368756,41.78909889173211],[-87.67382086308287,41.78906870633187],[-87.67384104385812,41.78906745004157],[-87.67384117042492,41.789055101468655],[-87.67400253221201,41.789053283400186]]]]},"properties":{"no_stories":"0","suf_dir1":"","x_coord":"1164080.24923253","shape_area":"1054.75","year_built":"1916","cdb_city_i":"","stories":"1","y_coord":"1866424.24192333","unit_name":"","qc_date":"2003-06-16T07:00:00.000Z","edit_date":null,"non_standa":"","label_hous":"5739","st_name1":"DAMEN","t_add1":"5739","z_coord":"0","qc_userid":"DS06284","qc_source":"PARCELS","orig_bldg_":"501232","footprint_":"AERIALS98","st_type1":"AVE","bldg_statu":"ACTIVE","condition_":"2001-12-01T08:00:00.000Z","bldg_name2":"","bldg_activ":"1998-04-01T08:00:00.000Z","edit_useri":"","bldg_sq_fo":"920.0","edit_sourc":"","f_add1":"5739","vacancy_st":"","bldg_creat":"1998-04-01T08:00:00.000Z","no_of_unit":"1","bldg_end_d":null,"bldg_id":"501232","create_use":"","demolished":null,"pre_dir1":"S","bldg_condi":"NEEDS MINOR REPAIR","bldg_name1":"","comments":"","shape_len":"144.050959717","harris_str":"02018216014000"}},{"type":"Feature","geometry":{"type":"MultiPolygon","coordinates":[[[[-87.67522149220584,41.788542974460064],[-87.67522267999836,41.78860609991378],[-87.67503013878644,41.788609113177394],[-87.67502895118282,41.788545987723076],[-87.67522149220584,41.788542974460064]]]]},"properties":{"no_stories":"0","suf_dir1":"","x_coord":"1163750.61302897","shape_area":"1208.25","year_built":"1922","cdb_city_i":"","stories":"1","y_coord":"1866236.30365173","unit_name":"","qc_date":"2003-06-16T07:00:00.000Z","edit_date":null,"non_standa":"","label_hous":"5759","st_name1":"SEELEY","t_add1":"5759","z_coord":"0","qc_userid":"DS06284","qc_source":"PARCELS","orig_bldg_":"503113","footprint_":"AERIALS98","st_type1":"AVE","bldg_statu":"ACTIVE","condition_":"2003-03-01T08:00:00.000Z","bldg_name2":"","bldg_activ":"1998-04-01T08:00:00.000Z","edit_useri":"","bldg_sq_fo":"899.0","edit_sourc":"","f_add1":"5759","vacancy_st":"","bldg_creat":"1998-04-01T08:00:00.000Z","no_of_unit":"1","bldg_end_d":null,"bldg_id":"503113","create_use":"","demolished":null,"pre_dir1":"S","bldg_condi":"NEEDS MINOR REPAIR","bldg_name1":"","comments":"","shape_len":"151.053716681","harris_str":"02018118025000"}},{"type":"Feature","geometry":{"type":"MultiPolygon","coordinates":[[[[-87.67454506650033,41.78889036642069],[-87.67454622553538,41.78895623600063],[-87.67434086396882,41.78895780244254],[-87.67433970514402,41.78889193286208],[-87.67454506650033,41.78889036642069]]]]},"properties":{"no_stories":"0","suf_dir1":"","x_coord":"1163935.86375585","shape_area":"1344.5","year_built":"1922","cdb_city_i":"","stories":"1","y_coord":"1866364.58451594","unit_name":"","qc_date":"2003-06-16T07:00:00.000Z","edit_date":null,"non_standa":"","label_hous":"5744","st_name1":"DAMEN","t_add1":"5744","z_coord":"0","qc_userid":"DS06284","qc_source":"PARCELS","orig_bldg_":"501830","footprint_":"AERIALS98","st_type1":"AVE","bldg_statu":"ACTIVE","condition_":"2003-03-01T08:00:00.000Z","bldg_name2":"","bldg_activ":"1998-04-01T08:00:00.000Z","edit_useri":"","bldg_sq_fo":"1584.0","edit_sourc":"","f_add1":"5744","vacancy_st":"","bldg_creat":"1998-04-01T08:00:00.000Z","no_of_unit":"1","bldg_end_d":null,"bldg_id":"501830","create_use":"","demolished":null,"pre_dir1":"S","bldg_condi":"NEEDS MINOR REPAIR","bldg_name1":"","comments":"","shape_len":"160.028271256","harris_str":"02018118036000"}},{"type":"Feature","geometry":{"type":"MultiPolygon","coordinates":[[[[-87.67399023603951,41.78864294163883],[-87.6739914226245,41.78870606709548],[-87.67380439512755,41.78870773780479],[-87.67380301183584,41.78866382123998],[-87.67383419243976,41.788662628100624],[-87.67383437525773,41.78864479127182],[-87.67399023603951,41.78864294163883]]]]},"properties":{"no_stories":"0","suf_dir1":"","x_coord":"1164085.41372006","shape_area":"1113.625","year_built":"1911","cdb_city_i":"","stories":"1","y_coord":"1866275.02278754","unit_name":"","qc_date":"2003-06-16T07:00:00.000Z","edit_date":null,"non_standa":"","label_hous":"5755","st_name1":"DAMEN","t_add1":"5755","z_coord":"0","qc_userid":"DS06284","qc_source":"PARCELS","orig_bldg_":"502794","footprint_":"AERIALS98","st_type1":"AVE","bldg_statu":"ACTIVE","condition_":"2001-12-01T08:00:00.000Z","bldg_name2":"","bldg_activ":"1998-04-01T08:00:00.000Z","edit_useri":"","bldg_sq_fo":"920.0","edit_sourc":"","f_add1":"5755","vacancy_st":"","bldg_creat":"1998-04-01T08:00:00.000Z","no_of_unit":"1","bldg_end_d":null,"bldg_id":"502794","create_use":"","demolished":null,"pre_dir1":"S","bldg_condi":"SOUND","bldg_name1":"","comments":"","shape_len":"147.549503975","harris_str":"02018216019000"}},{"type":"Feature","geometry":{"type":"MultiPolygon","coordinates":[[[[-87.67274829380149,41.78817613848803],[-87.67274953550856,41.78823377569955],[-87.67253499558906,41.788236658283175],[-87.67253375407418,41.78817902107075],[-87.67274829380149,41.78817613848803]]]]},"properties":{"no_stories":"0","suf_dir1":"","x_coord":"1164429.11283727","shape_area":"1229.25","year_built":"1966","cdb_city_i":"","stories":"1","y_coord":"1866106.68019495","unit_name":"","qc_date":null,"edit_date":null,"non_standa":"","label_hous":"5805","st_name1":"WINCHESTER","t_add1":"5805","z_coord":"0","qc_userid":"","qc_source":"","orig_bldg_":"504157","footprint_":"AERIALS98","st_type1":"AVE","bldg_statu":"ACTIVE","condition_":"2001-12-01T08:00:00.000Z","bldg_name2":"","bldg_activ":"1998-04-01T08:00:00.000Z","edit_useri":"","bldg_sq_fo":"1080.0","edit_sourc":"","f_add1":"5805","vacancy_st":"","bldg_creat":"1998-04-01T08:00:00.000Z","no_of_unit":"1","bldg_end_d":null,"bldg_id":"504157","create_use":"","demolished":null,"pre_dir1":"S","bldg_condi":"NEEDS MAJOR REPAIR","bldg_name1":"","comments":"","shape_len":"159.050358294","harris_str":"02018225003000"}},{"type":"Feature","geometry":{"type":"MultiPolygon","coordinates":[[[[-87.67323764371245,41.788729181265616],[-87.67323922367832,41.78875388894408],[-87.67327223766266,41.788752706491884],[-87.67327366281795,41.78879250686912],[-87.67309213505428,41.78879420801778],[-87.67309094935116,41.788731082559146],[-87.67323764371245,41.788729181265616]]]]},"properties":{"no_stories":"0","suf_dir1":"","x_coord":"1164280.17435016","shape_area":"1060.625","year_built":"1912","cdb_city_i":"","stories":"2","y_coord":"1866308.02278754","unit_name":"","qc_date":"2003-06-16T07:00:00.000Z","edit_date":null,"non_standa":"","label_hous":"5752","st_name1":"WINCHESTER","t_add1":"5752","z_coord":"0","qc_userid":"DS06284","qc_source":"PARCELS","orig_bldg_":"502441","footprint_":"AERIALS98","st_type1":"AVE","bldg_statu":"ACTIVE","condition_":"2001-12-01T08:00:00.000Z","bldg_name2":"","bldg_activ":"1998-04-01T08:00:00.000Z","edit_useri":"","bldg_sq_fo":"736.0","edit_sourc":"","f_add1":"5752","vacancy_st":"","bldg_creat":"1998-04-01T08:00:00.000Z","no_of_unit":"1","bldg_end_d":null,"bldg_id":"502441","create_use":"","demolished":null,"pre_dir1":"S","bldg_condi":"NEEDS MINOR REPAIR","bldg_name1":"","comments":"","shape_len":"145.064406674","harris_str":"02018216038000"}},{"type":"Feature","geometry":{"type":"MultiPolygon","coordinates":[[[[-87.67487587273138,41.788634299819044],[-87.67487711634814,41.78869193701678],[-87.67480193589437,41.78869287822498],[-87.67480069234496,41.788635241026924],[-87.67487587273138,41.788634299819044]]]]},"properties":{"no_stories":"0","suf_dir1":"","x_coord":"1163828.61430699","shape_area":"430.75","year_built":"0","cdb_city_i":"","stories":"0","y_coord":"1866268.61846655","unit_name":"","qc_date":null,"edit_date":null,"non_standa":"","label_hous":"0","st_name1":"","t_add1":"0","z_coord":"0","qc_userid":"","qc_source":"","orig_bldg_":"502855","footprint_":"AERIALS98","st_type1":"","bldg_statu":"ACTIVE","condition_":null,"bldg_name2":"","bldg_activ":"1998-04-01T08:00:00.000Z","edit_useri":"","bldg_sq_fo":"0.0","edit_sourc":"","f_add1":"0","vacancy_st":"","bldg_creat":"1998-04-01T08:00:00.000Z","no_of_unit":"0","bldg_end_d":null,"bldg_id":"502855","create_use":"","demolished":null,"pre_dir1":"","bldg_condi":"","bldg_name1":"","comments":"","shape_len":"83.024096384","harris_str":""}},{"type":"Feature","geometry":{"type":"MultiPolygon","coordinates":[[[[-87.67207068897486,41.78899415463663],[-87.67207054796786,41.78900787526847],[-87.67209989542957,41.78900667204842],[-87.67210119296246,41.78905882100184],[-87.6718811502684,41.78906167068636],[-87.67187999396154,41.78899580110046],[-87.67207068897486,41.78899415463663]]]]},"properties":{"no_stories":"0","suf_dir1":"","x_coord":"1164604.38447073","shape_area":"1390.5","year_built":"1912","cdb_city_i":"","stories":"2","y_coord":"1866407.58451593","unit_name":"","qc_date":"2003-06-16T07:00:00.000Z","edit_date":null,"non_standa":"","label_hous":"5742","st_name1":"WOLCOTT","t_add1":"5742","z_coord":"0","qc_userid":"DS06284","qc_source":"PARCELS","orig_bldg_":"501405","footprint_":"AERIALS98","st_type1":"AVE","bldg_statu":"ACTIVE","condition_":"2001-12-01T08:00:00.000Z","bldg_name2":"","bldg_activ":"1998-04-01T08:00:00.000Z","edit_useri":"","bldg_sq_fo":"880.0","edit_sourc":"","f_add1":"5742","vacancy_st":"","bldg_creat":"1998-04-01T08:00:00.000Z","no_of_unit":"1","bldg_end_d":null,"bldg_id":"501405","create_use":"","demolished":null,"pre_dir1":"S","bldg_condi":"NEEDS MINOR REPAIR","bldg_name1":"","comments":"","shape_len":"168.055756915","harris_str":"02018217035000"}},{"type":"Feature","geometry":{"type":"MultiPolygon","coordinates":[[[[-87.6732558642534,41.78802537581336],[-87.67325703603929,41.78808987334281],[-87.6730608437832,41.788091490185124],[-87.67305965811487,41.7880283647188],[-87.6732558642534,41.78802537581336]]]]},"properties":{"no_stories":"0","suf_dir1":"","x_coord":"1164288.61621175","shape_area":"1244.5","year_built":"1910","cdb_city_i":"","stories":"1","y_coord":"1866051.80365173","unit_name":"","qc_date":"2003-06-16T07:00:00.000Z","edit_date":null,"non_standa":"","label_hous":"5810","st_name1":"WINCHESTER","t_add1":"5810","z_coord":"0","qc_userid":"DS06284","qc_source":"PARCELS","orig_bldg_":"504609","footprint_":"AERIALS98","st_type1":"AVE","bldg_statu":"ACTIVE","condition_":"2001-12-01T08:00:00.000Z","bldg_name2":"","bldg_activ":"1998-04-01T08:00:00.000Z","edit_useri":"","bldg_sq_fo":"792.0","edit_sourc":"","f_add1":"5810","vacancy_st":"","bldg_creat":"1998-04-01T08:00:00.000Z","no_of_unit":"1","bldg_end_d":null,"bldg_id":"504609","create_use":"","demolished":null,"pre_dir1":"S","bldg_condi":"NEEDS MINOR REPAIR","bldg_name1":"","comments":"","shape_len":"153.541121572","harris_str":"02018224013000"}},{"type":"Feature","geometry":{"type":"MultiPolygon","coordinates":[[[[-87.67693423597116,41.78869136008597],[-87.67693560740405,41.788736648692804],[-87.67690260747932,41.78873646013378],[-87.6769042588409,41.78875430744904],[-87.67674473116308,41.788756140077815],[-87.67674354187622,41.78869301463074],[-87.67693423597116,41.78869136008597]]]]},"properties":{"no_stories":"0","suf_dir1":"","x_coord":"1163282.8059729","shape_area":"1137.0","year_built":"1915","cdb_city_i":"","stories":"1","y_coord":"1866286.52278753","unit_name":"","qc_date":"2003-06-16T07:00:00.000Z","edit_date":null,"non_standa":"","label_hous":"5752","st_name1":"HOYNE","t_add1":"5752","z_coord":"0","qc_userid":"DS06284","qc_source":"PARCELS","orig_bldg_":"502672","footprint_":"AERIALS98","st_type1":"AVE","bldg_statu":"ACTIVE","condition_":"2003-03-01T08:00:00.000Z","bldg_name2":"","bldg_activ":"1998-04-01T08:00:00.000Z","edit_useri":"","bldg_sq_fo":"1221.0","edit_sourc":"","f_add1":"5752","vacancy_st":"","bldg_creat":"1998-04-01T08:00:00.000Z","no_of_unit":"1","bldg_end_d":null,"bldg_id":"502672","create_use":"","demolished":null,"pre_dir1":"S","bldg_condi":"NEEDS MINOR REPAIR","bldg_name1":"","comments":"","shape_len":"150.553317796","harris_str":"02018116034000"}},{"type":"Feature","geometry":{"type":"MultiPolygon","coordinates":[[[[-87.66357882016632,41.7884043355987],[-87.66358177272491,41.788472960022844],[-87.66337638411838,41.788477250995115],[-87.66337526509355,41.788408637258925],[-87.66357882016632,41.7884043355987]]]]},"properties":{"no_stories":"0","suf_dir1":"","x_coord":"1166927.46090605","shape_area":"1395.25","year_built":"1903","cdb_city_i":"","stories":"2","y_coord":"1866211.70797271","unit_name":"","qc_date":"2003-06-16T07:00:00.000Z","edit_date":null,"non_standa":"","label_hous":"5800","st_name1":"JUSTINE","t_add1":"5800","z_coord":"0","qc_userid":"DS06284","qc_source":"PARCELS","orig_bldg_":"503305","footprint_":"AERIALS98","st_type1":"ST","bldg_statu":"ACTIVE","condition_":"2001-12-01T08:00:00.000Z","bldg_name2":"","bldg_activ":"1998-04-01T08:00:00.000Z","edit_useri":"","bldg_sq_fo":"1304.0","edit_sourc":"","f_add1":"5800","vacancy_st":"","bldg_creat":"1998-04-01T08:00:00.000Z","no_of_unit":"1","bldg_end_d":null,"bldg_id":"503305","create_use":"","demolished":null,"pre_dir1":"S","bldg_condi":"NEEDS MINOR REPAIR","bldg_name1":"","comments":"","shape_len":"161.596718756","harris_str":"02017124017000"}},{"type":"Feature","geometry":{"type":"MultiPolygon","coordinates":[[[[-87.66416931091915,41.78892095859418],[-87.66417093021222,41.78894155018814],[-87.66411223510357,41.7889439525678],[-87.66411063009964,41.788921988912165],[-87.66416931091915,41.78892095859418]]]]},"properties":{"no_stories":"0","suf_dir1":"","x_coord":"1166745.35316557","shape_area":"124.375","year_built":"0","cdb_city_i":"","stories":"0","y_coord":"1866388.31599741","unit_name":"","qc_date":null,"edit_date":null,"non_standa":"","label_hous":"0","st_name1":"","t_add1":"0","z_coord":"0","qc_userid":"","qc_source":"","orig_bldg_":"501674","footprint_":"AERIALS98","st_type1":"","bldg_statu":"ACTIVE","condition_":null,"bldg_name2":"","bldg_activ":"1998-04-01T08:00:00.000Z","edit_useri":"","bldg_sq_fo":"0.0","edit_sourc":"","f_add1":"0","vacancy_st":"","bldg_creat":"1998-04-01T08:00:00.000Z","no_of_unit":"0","bldg_end_d":null,"bldg_id":"501674","create_use":"","demolished":null,"pre_dir1":"","bldg_condi":"","bldg_name1":"","comments":"","shape_len":"47.5712880956","harris_str":""}},{"type":"Feature","geometry":{"type":"MultiPolygon","coordinates":[[[[-87.66265951998317,41.78882845347037],[-87.66271817213082,41.7888301680144],[-87.66271585260117,41.78887680737295],[-87.6626553813847,41.788873710063726],[-87.66265951998317,41.78882845347037]]]]},"properties":{"no_stories":"0","suf_dir1":"","x_coord":"1167142.08100183","shape_area":"272.75","year_built":"0","cdb_city_i":"","stories":"0","y_coord":"1866362.87155297","unit_name":"","qc_date":null,"edit_date":null,"non_standa":"","label_hous":"0","st_name1":"","t_add1":"0","z_coord":"0","qc_userid":"","qc_source":"","orig_bldg_":"501888","footprint_":"AERIALS98","st_type1":"","bldg_statu":"ACTIVE","condition_":null,"bldg_name2":"","bldg_activ":"1998-04-01T08:00:00.000Z","edit_useri":"","bldg_sq_fo":"0.0","edit_sourc":"","f_add1":"0","vacancy_st":"","bldg_creat":"1998-04-01T08:00:00.000Z","no_of_unit":"0","bldg_end_d":null,"bldg_id":"501888","create_use":"","demolished":null,"pre_dir1":"","bldg_condi":"","bldg_name1":"","comments":"","shape_len":"66.0757124549","harris_str":""}},{"type":"Feature","geometry":{"type":"MultiPolygon","coordinates":[[[[-87.66360334050097,41.78886689113499],[-87.6636045740201,41.788924528378644],[-87.6635183932486,41.78892539807052],[-87.66349811235588,41.78893625697194],[-87.66339911254487,41.78893567968469],[-87.66339972682341,41.7888766810708],[-87.66351340745223,41.78887597181264],[-87.6635226597904,41.78886779289458],[-87.66360334050097,41.78886689113499]]]]},"properties":{"no_stories":"0","suf_dir1":"","x_coord":"1166919.72538136","shape_area":"1185.125","year_built":"1912","cdb_city_i":"","stories":"2","y_coord":"1866379.36538013","unit_name":"","qc_date":"2003-06-16T07:00:00.000Z","edit_date":null,"non_standa":"","label_hous":"5750","st_name1":"JUSTINE","t_add1":"5750","z_coord":"0","qc_userid":"DS06284","qc_source":"PARCELS","orig_bldg_":"501691","footprint_":"AERIALS98","st_type1":"ST","bldg_statu":"ACTIVE","condition_":"2001-12-01T08:00:00.000Z","bldg_name2":"","bldg_activ":"1998-04-01T08:00:00.000Z","edit_useri":"","bldg_sq_fo":"2142.0","edit_sourc":"","f_add1":"5750","vacancy_st":"","bldg_creat":"1998-04-01T08:00:00.000Z","no_of_unit":"2","bldg_end_d":null,"bldg_id":"501691","create_use":"","demolished":null,"pre_dir1":"S","bldg_condi":"NEEDS MINOR REPAIR","bldg_name1":"","comments":"","shape_len":"156.726843258","harris_str":"02017116040000"}},{"type":"Feature","geometry":{"type":"MultiPolygon","coordinates":[[[[-87.66303336429756,41.788317453471585],[-87.66303464018114,41.78837097454058],[-87.66282012820133,41.78837109485283],[-87.66282067151062,41.78831895654395],[-87.66303336429756,41.788317453471585]]]]},"properties":{"no_stories":"0","suf_dir1":"","x_coord":"1167078.00187313","shape_area":"1121.5","year_built":"1889","cdb_city_i":"","stories":"2","y_coord":"1866177.27587396","unit_name":"","qc_date":"2003-06-16T07:00:00.000Z","edit_date":null,"non_standa":"","label_hous":"5805","st_name1":"JUSTINE","t_add1":"5805","z_coord":"0","qc_userid":"DS06284","qc_source":"PARCELS","orig_bldg_":"503605","footprint_":"AERIALS98","st_type1":"ST","bldg_statu":"ACTIVE","condition_":"2001-12-01T08:00:00.000Z","bldg_name2":"","bldg_activ":"1998-04-01T08:00:00.000Z","edit_useri":"","bldg_sq_fo":"1578.0","edit_sourc":"","f_add1":"5805","vacancy_st":"","bldg_creat":"1998-04-01T08:00:00.000Z","no_of_unit":"1","bldg_end_d":null,"bldg_id":"503605","create_use":"","demolished":null,"pre_dir1":"S","bldg_condi":"NEEDS MAJOR REPAIR","bldg_name1":"","comments":"","shape_len":"155.017165965","harris_str":"02017125002000"}},{"type":"Feature","geometry":{"type":"MultiPolygon","coordinates":[[[[-87.66271782600667,41.78868746300652],[-87.66272050595663,41.78878215659478],[-87.66264899197395,41.78878311125155],[-87.66264631212924,41.78868841766242],[-87.66271782600667,41.78868746300652]]]]},"properties":{"no_stories":"0","suf_dir1":"","x_coord":"1167143.33328304","shape_area":"673.25","year_built":"0","cdb_city_i":"","stories":"0","y_coord":"1866321.20179988","unit_name":"","qc_date":null,"edit_date":null,"non_standa":"","label_hous":"0","st_name1":"","t_add1":"0","z_coord":"0","qc_userid":"","qc_source":"","orig_bldg_":"502261","footprint_":"AERIALS98","st_type1":"","bldg_statu":"ACTIVE","condition_":null,"bldg_name2":"","bldg_activ":"1998-04-01T08:00:00.000Z","edit_useri":"","bldg_sq_fo":"0.0","edit_sourc":"","f_add1":"0","vacancy_st":"","bldg_creat":"1998-04-01T08:00:00.000Z","no_of_unit":"0","bldg_end_d":null,"bldg_id":"502261","create_use":"","demolished":null,"pre_dir1":"","bldg_condi":"","bldg_name1":"","comments":"","shape_len":"108.041797828","harris_str":""}},{"type":"Feature","geometry":{"type":"MultiPolygon","coordinates":[[[[-87.66349219310942,41.78880038019136],[-87.66350313593222,41.78880593257289],[-87.66360951169358,41.788802436338315],[-87.66361256426453,41.788861456331304],[-87.66352452168404,41.78886505946221],[-87.66350812171596,41.78885535883172],[-87.66339624587994,41.78885882289784],[-87.66339499826235,41.7888025577135],[-87.66349219310942,41.78880038019136]]]]},"properties":{"no_stories":"0","suf_dir1":"","x_coord":"1166919.45175484","shape_area":"1218.625","year_built":"1912","cdb_city_i":"","stories":"2","y_coord":"1866354.24192333","unit_name":"","qc_date":"2003-06-16T07:00:00.000Z","edit_date":null,"non_standa":"","label_hous":"5754","st_name1":"JUSTINE","t_add1":"5754","z_coord":"0","qc_userid":"DS06284","qc_source":"PARCELS","orig_bldg_":"501958","footprint_":"AERIALS98","st_type1":"ST","bldg_statu":"ACTIVE","condition_":"2001-12-01T08:00:00.000Z","bldg_name2":"","bldg_activ":"1998-04-01T08:00:00.000Z","edit_useri":"","bldg_sq_fo":"2226.0","edit_sourc":"","f_add1":"5754","vacancy_st":"","bldg_creat":"1998-04-01T08:00:00.000Z","no_of_unit":"2","bldg_end_d":null,"bldg_id":"501958","create_use":"","demolished":null,"pre_dir1":"S","bldg_condi":"SOUND","bldg_name1":"","comments":"","shape_len":"161.477088991","harris_str":"02017116041000"}},{"type":"Feature","geometry":{"type":"MultiPolygon","coordinates":[[[[-87.6637122779079,41.788793430389056],[-87.66379111092127,41.78879388987151],[-87.66379049700336,41.78885288849098],[-87.66371166391772,41.78885242900757],[-87.6637122779079,41.788793430389056]]]]},"properties":{"no_stories":"0","suf_dir1":"","x_coord":"1166851.89590605","shape_area":"462.25","year_built":"0","cdb_city_i":"","stories":"0","y_coord":"1866350.11846655","unit_name":"","qc_date":null,"edit_date":null,"non_standa":"","label_hous":"0","st_name1":"","t_add1":"0","z_coord":"0","qc_userid":"","qc_source":"","orig_bldg_":"502011","footprint_":"AERIALS98","st_type1":"","bldg_statu":"ACTIVE","condition_":null,"bldg_name2":"","bldg_activ":"1998-04-01T08:00:00.000Z","edit_useri":"","bldg_sq_fo":"0.0","edit_sourc":"","f_add1":"0","vacancy_st":"","bldg_creat":"1998-04-01T08:00:00.000Z","no_of_unit":"0","bldg_end_d":null,"bldg_id":"502011","create_use":"","demolished":null,"pre_dir1":"","bldg_condi":"","bldg_name1":"","comments":"","shape_len":"86.0","harris_str":""}},{"type":"Feature","geometry":{"type":"MultiPolygon","coordinates":[[[[-87.6637518598801,41.78816110262124],[-87.66375491255893,41.78822012261775],[-87.66367420410151,41.78822376861189],[-87.66367116577598,41.78816337655278],[-87.6637518598801,41.78816110262124]]]]},"properties":{"no_stories":"0","suf_dir1":"","x_coord":"1166864.0745432","shape_area":"479.75","year_built":"0","cdb_city_i":"","stories":"0","y_coord":"1866120.46105914","unit_name":"","qc_date":null,"edit_date":null,"non_standa":"","label_hous":"0","st_name1":"","t_add1":"0","z_coord":"0","qc_userid":"","qc_source":"","orig_bldg_":"504045","footprint_":"AERIALS98","st_type1":"","bldg_statu":"ACTIVE","condition_":null,"bldg_name2":"","bldg_activ":"1998-04-01T08:00:00.000Z","edit_useri":"","bldg_sq_fo":"0.0","edit_sourc":"","f_add1":"0","vacancy_st":"","bldg_creat":"1998-04-01T08:00:00.000Z","no_of_unit":"0","bldg_end_d":null,"bldg_id":"504045","create_use":"","demolished":null,"pre_dir1":"","bldg_condi":"","bldg_name1":"","comments":"","shape_len":"87.6197514123","harris_str":""}},{"type":"Feature","geometry":{"type":"MultiPolygon","coordinates":[[[[-87.6625797311825,41.78909555572174],[-87.6625829115466,41.78914222718776],[-87.66251139716272,41.78914318175587],[-87.66250821685048,41.78909651028826],[-87.6625797311825,41.78909555572174]]]]},"properties":{"no_stories":"0","suf_dir1":"","x_coord":"1167179.83236212","shape_area":"332.0","year_built":"0","cdb_city_i":"","stories":"0","y_coord":"1866460.37155296","unit_name":"","qc_date":null,"edit_date":null,"non_standa":"","label_hous":"0","st_name1":"","t_add1":"0","z_coord":"0","qc_userid":"","qc_source":"","orig_bldg_":"500925","footprint_":"AERIALS98","st_type1":"","bldg_statu":"ACTIVE","condition_":null,"bldg_name2":"","bldg_activ":"1998-04-01T08:00:00.000Z","edit_useri":"","bldg_sq_fo":"0.0","edit_sourc":"","f_add1":"0","vacancy_st":"","bldg_creat":"1998-04-01T08:00:00.000Z","no_of_unit":"0","bldg_end_d":null,"bldg_id":"500925","create_use":"","demolished":null,"pre_dir1":"","bldg_condi":"","bldg_name1":"","comments":"","shape_len":"73.0715911381","harris_str":""}},{"type":"Feature","geometry":{"type":"MultiPolygon","coordinates":[[[[-87.66242087491598,41.78903288160654],[-87.66242402654942,41.78908229719755],[-87.66218745496356,41.789087776067966],[-87.66218428920016,41.78903973253226],[-87.66242087491598,41.78903288160654]]]]},"properties":{"no_stories":"0","suf_dir1":"","x_coord":"1167245.83273488","shape_area":"1147.625","year_built":"1905","cdb_city_i":"","stories":"2","y_coord":"1866439.55673815","unit_name":"","qc_date":"2003-06-16T07:00:00.000Z","edit_date":null,"non_standa":"","label_hous":"5746","st_name1":"LAFLIN","t_add1":"5746","z_coord":"0","qc_userid":"DS06284","qc_source":"PARCELS","orig_bldg_":"501105","footprint_":"AERIALS98","st_type1":"ST","bldg_statu":"ACTIVE","condition_":"2001-12-01T08:00:00.000Z","bldg_name2":"","bldg_activ":"1998-04-01T08:00:00.000Z","edit_useri":"","bldg_sq_fo":"993.0","edit_sourc":"","f_add1":"5746","vacancy_st":"","bldg_creat":"1998-04-01T08:00:00.000Z","no_of_unit":"1","bldg_end_d":null,"bldg_id":"501105","create_use":"","demolished":null,"pre_dir1":"S","bldg_condi":"NEEDS MINOR REPAIR","bldg_name1":"","comments":"","shape_len":"164.6744657","harris_str":"02017117040000"}},{"type":"Feature","geometry":{"type":"MultiPolygon","coordinates":[[[[-87.66354468181498,41.7881612670334],[-87.66354588671214,41.78822164840623],[-87.66336802712179,41.78822335557644],[-87.66336682239154,41.788162974203],[-87.66354468181498,41.7881612670334]]]]},"properties":{"no_stories":"0","suf_dir1":"","x_coord":"1166934.11363894","shape_area":"1067.5","year_built":"1904","cdb_city_i":"","stories":"2","y_coord":"1866120.96105915","unit_name":"","qc_date":"2003-06-16T07:00:00.000Z","edit_date":null,"non_standa":"","label_hous":"5810","st_name1":"JUSTINE","t_add1":"5810","z_coord":"0","qc_userid":"DS06284","qc_source":"PARCELS","orig_bldg_":"504038","footprint_":"AERIALS98","st_type1":"ST","bldg_statu":"ACTIVE","condition_":"2001-12-01T08:00:00.000Z","bldg_name2":"","bldg_activ":"1998-04-01T08:00:00.000Z","edit_useri":"","bldg_sq_fo":"907.0","edit_sourc":"","f_add1":"5810","vacancy_st":"","bldg_creat":"1998-04-01T08:00:00.000Z","no_of_unit":"1","bldg_end_d":null,"bldg_id":"504038","create_use":"","demolished":null,"pre_dir1":"S","bldg_condi":"NEEDS MAJOR REPAIR","bldg_name1":"","comments":"","shape_len":"141.031978535","harris_str":"02017124021000"}},{"type":"Feature","geometry":{"type":"MultiPolygon","coordinates":[[[[-87.66368745694935,41.788359688145654],[-87.663690495297,41.78842008020246],[-87.66360796755114,41.78842234340056],[-87.66360676259441,41.78836196203004],[-87.66368745694935,41.788359688145654]]]]},"properties":{"no_stories":"0","suf_dir1":"","x_coord":"1166881.21682356","shape_area":"490.25","year_built":"0","cdb_city_i":"","stories":"0","y_coord":"1866192.96105914","unit_name":"","qc_date":null,"edit_date":null,"non_standa":"","label_hous":"0","st_name1":"","t_add1":"0","z_coord":"0","qc_userid":"","qc_source":"","orig_bldg_":"503475","footprint_":"AERIALS98","st_type1":"","bldg_statu":"ACTIVE","condition_":null,"bldg_name2":"","bldg_activ":"1998-04-01T08:00:00.000Z","edit_useri":"","bldg_sq_fo":"0.0","edit_sourc":"","f_add1":"0","vacancy_st":"","bldg_creat":"1998-04-01T08:00:00.000Z","no_of_unit":"0","bldg_end_d":null,"bldg_id":"503475","create_use":"","demolished":null,"pre_dir1":"","bldg_condi":"","bldg_name1":"","comments":"","shape_len":"88.5733234349","harris_str":""}},{"type":"Feature","geometry":{"type":"MultiPolygon","coordinates":[[[[-87.66242015959092,41.78910148463028],[-87.66242144927786,41.78915363363472],[-87.6622014060734,41.78915646477233],[-87.6622000450087,41.789111176068765],[-87.66221294990396,41.789104390739276],[-87.66242015959092,41.78910148463028]]]]},"properties":{"no_stories":"0","suf_dir1":"","x_coord":"1167243.88051703","shape_area":"1134.375","year_built":"1905","cdb_city_i":"","stories":"2","y_coord":"1866464.55673814","unit_name":"","qc_date":"2003-06-16T07:00:00.000Z","edit_date":null,"non_standa":"","label_hous":"5742","st_name1":"LAFLIN","t_add1":"5742","z_coord":"0","qc_userid":"DS06284","qc_source":"PARCELS","orig_bldg_":"500878","footprint_":"AERIALS98","st_type1":"ST","bldg_statu":"ACTIVE","condition_":"2001-12-01T08:00:00.000Z","bldg_name2":"","bldg_activ":"1998-04-01T08:00:00.000Z","edit_useri":"","bldg_sq_fo":"1489.0","edit_sourc":"","f_add1":"5742","vacancy_st":"","bldg_creat":"1998-04-01T08:00:00.000Z","no_of_unit":"1","bldg_end_d":null,"bldg_id":"500878","create_use":"","demolished":null,"pre_dir1":"S","bldg_condi":"NEEDS MINOR REPAIR","bldg_name1":"","comments":"","shape_len":"156.35396953","harris_str":"02017117039000"}},{"type":"Feature","geometry":{"type":"MultiPolygon","coordinates":[[[[-87.66255621438683,41.788185686850795],[-87.66255565656262,41.788239197218786],[-87.66248232417753,41.78823876901098],[-87.66248103444987,41.788186619998726],[-87.66255621438683,41.788185686850795]]]]},"properties":{"no_stories":"0","suf_dir1":"","x_coord":"1167189.75835732","shape_area":"389.875","year_built":"0","cdb_city_i":"","stories":"0","y_coord":"1866129.99500975","unit_name":"","qc_date":null,"edit_date":null,"non_standa":"","label_hous":"0","st_name1":"","t_add1":"0","z_coord":"0","qc_userid":"","qc_source":"","orig_bldg_":"503986","footprint_":"AERIALS98","st_type1":"","bldg_statu":"ACTIVE","condition_":null,"bldg_name2":"","bldg_activ":"1998-04-01T08:00:00.000Z","edit_useri":"","bldg_sq_fo":"0.0","edit_sourc":"","f_add1":"0","vacancy_st":"","bldg_creat":"1998-04-01T08:00:00.000Z","no_of_unit":"0","bldg_end_d":null,"bldg_id":"503986","create_use":"","demolished":null,"pre_dir1":"","bldg_condi":"","bldg_name1":"","comments":"","shape_len":"79.0126744632","harris_str":""}},{"type":"Feature","geometry":{"type":"MultiPolygon","coordinates":[[[[-87.66239928778168,41.788817328915144],[-87.6624005631422,41.78887084998274],[-87.66230153483617,41.7888730158714],[-87.66228861568763,41.78888117327202],[-87.66217858739608,41.78888327479999],[-87.66217715479281,41.78884484639648],[-87.66219548806048,41.788844953502775],[-87.66219558823876,41.788835349079505],[-87.66221035502683,41.78882583033909],[-87.66230385466588,41.78882637652339],[-87.66231494047537,41.78881820841234],[-87.66239928778168,41.788817328915144]]]]},"properties":{"no_stories":"0","suf_dir1":"","x_coord":"1167250.66120955","shape_area":"1166.375","year_built":"1907","cdb_city_i":"","stories":"2","y_coord":"1866363.30365173","unit_name":"","qc_date":"2003-06-16T07:00:00.000Z","edit_date":null,"non_standa":"","label_hous":"5752","st_name1":"LAFLIN","t_add1":"5752","z_coord":"0","qc_userid":"DS06284","qc_source":"PARCELS","orig_bldg_":"501852","footprint_":"AERIALS98","st_type1":"ST","bldg_statu":"ACTIVE","condition_":"2001-12-01T08:00:00.000Z","bldg_name2":"","bldg_activ":"1998-04-01T08:00:00.000Z","edit_useri":"","bldg_sq_fo":"1956.0","edit_sourc":"","f_add1":"5752","vacancy_st":"","bldg_creat":"1998-04-01T08:00:00.000Z","no_of_unit":"2","bldg_end_d":null,"bldg_id":"501852","create_use":"","demolished":null,"pre_dir1":"S","bldg_condi":"NEEDS MINOR REPAIR","bldg_name1":"","comments":"","shape_len":"161.723429104","harris_str":"02017117043000"}},{"type":"Feature","geometry":{"type":"MultiPolygon","coordinates":[[[[-87.66352483877463,41.787953957550556],[-87.66352601508703,41.78801708304768],[-87.66334633704466,41.78801740743842],[-87.66334480375255,41.78798858346568],[-87.66336130347781,41.78798867969218],[-87.66335981303727,41.78795573953644],[-87.66352483877463,41.787953957550556]]]]},"properties":{"no_stories":"0","suf_dir1":"","x_coord":"1166940.49764448","shape_area":"1065.125","year_built":"1899","cdb_city_i":"","stories":"1","y_coord":"1866045.74192333","unit_name":"","qc_date":"2003-06-16T07:00:00.000Z","edit_date":null,"non_standa":"","label_hous":"5818","st_name1":"JUSTINE","t_add1":"5818","z_coord":"0","qc_userid":"DS06284","qc_source":"PARCELS","orig_bldg_":"504664","footprint_":"AERIALS98","st_type1":"ST","bldg_statu":"ACTIVE","condition_":"2001-12-01T08:00:00.000Z","bldg_name2":"","bldg_activ":"1998-04-01T08:00:00.000Z","edit_useri":"","bldg_sq_fo":"748.0","edit_sourc":"","f_add1":"5818","vacancy_st":"","bldg_creat":"1998-04-01T08:00:00.000Z","no_of_unit":"1","bldg_end_d":null,"bldg_id":"504664","create_use":"","demolished":null,"pre_dir1":"S","bldg_condi":"NEEDS MINOR REPAIR","bldg_name1":"","comments":"","shape_len":"144.041405005","harris_str":"02017124024000"}},{"type":"Feature","geometry":{"type":"MultiPolygon","coordinates":[[[[-87.66307144676456,41.788885743349994],[-87.6630727226849,41.78893926441359],[-87.66288020876617,41.78893951318008],[-87.66287871855634,41.78890657302517],[-87.6629043851594,41.78890672281661],[-87.66290459960082,41.78888614190684],[-87.66307144676456,41.788885743349994]]]]},"properties":{"no_stories":"0","suf_dir1":"","x_coord":"1167063.1844863","shape_area":"971.625","year_built":"1904","cdb_city_i":"","stories":"2","y_coord":"1866384.27587396","unit_name":"","qc_date":"2003-06-16T07:00:00.000Z","edit_date":null,"non_standa":"","label_hous":"5751","st_name1":"JUSTINE","t_add1":"5751","z_coord":"0","qc_userid":"DS06284","qc_source":"PARCELS","orig_bldg_":"501659","footprint_":"AERIALS98","st_type1":"ST","bldg_statu":"ACTIVE","condition_":"2001-12-01T08:00:00.000Z","bldg_name2":"","bldg_activ":"1998-04-01T08:00:00.000Z","edit_useri":"","bldg_sq_fo":"1360.0","edit_sourc":"","f_add1":"5751","vacancy_st":"","bldg_creat":"1998-04-01T08:00:00.000Z","no_of_unit":"1","bldg_end_d":null,"bldg_id":"501659","create_use":"","demolished":null,"pre_dir1":"S","bldg_condi":"NEEDS MINOR REPAIR","bldg_name1":"","comments":"","shape_len":"144.021949421","harris_str":"02017117020000"}},{"type":"Feature","geometry":{"type":"MultiPolygon","coordinates":[[[[-87.66257667448171,41.78868526679633],[-87.662579654586,41.78875114711397],[-87.6625136406096,41.78875213379959],[-87.66251064626849,41.78868762554135],[-87.66257667448171,41.78868526679633]]]]},"properties":{"no_stories":"0","suf_dir1":"","x_coord":"1167181.08765125","shape_area":"428.25","year_built":"0","cdb_city_i":"","stories":"0","y_coord":"1866314.80365173","unit_name":"","qc_date":null,"edit_date":null,"non_standa":"","label_hous":"0","st_name1":"","t_add1":"0","z_coord":"0","qc_userid":"","qc_source":"","orig_bldg_":"502372","footprint_":"AERIALS98","st_type1":"","bldg_statu":"ACTIVE","condition_":null,"bldg_name2":"","bldg_activ":"1998-04-01T08:00:00.000Z","edit_useri":"","bldg_sq_fo":"0.0","edit_sourc":"","f_add1":"0","vacancy_st":"","bldg_creat":"1998-04-01T08:00:00.000Z","no_of_unit":"0","bldg_end_d":null,"bldg_id":"502372","create_use":"","demolished":null,"pre_dir1":"","bldg_condi":"","bldg_name1":"","comments":"","shape_len":"83.5767907543","harris_str":""}},{"type":"Feature","geometry":{"type":"MultiPolygon","coordinates":[[[[-87.6630569076361,41.78816939926164],[-87.66305994538509,41.78822979133272],[-87.6628582241516,41.788234102777245],[-87.6628551722951,41.788175082763075],[-87.6630569076361,41.78816939926164]]]]},"properties":{"no_stories":"0","suf_dir1":"","x_coord":"1167070.08412546","shape_area":"1198.5","year_built":"1889","cdb_city_i":"","stories":"2","y_coord":"1866125.52278754","unit_name":"","qc_date":"2003-06-16T07:00:00.000Z","edit_date":null,"non_standa":"","label_hous":"5811","st_name1":"JUSTINE","t_add1":"5811","z_coord":"0","qc_userid":"DS06284","qc_source":"PARCELS","orig_bldg_":"504001","footprint_":"AERIALS98","st_type1":"ST","bldg_statu":"ACTIVE","condition_":"2001-12-01T08:00:00.000Z","bldg_name2":"","bldg_activ":"1998-04-01T08:00:00.000Z","edit_useri":"","bldg_sq_fo":"798.0","edit_sourc":"","f_add1":"5811","vacancy_st":"","bldg_creat":"1998-04-01T08:00:00.000Z","no_of_unit":"1","bldg_end_d":null,"bldg_id":"504001","create_use":"","demolished":null,"pre_dir1":"S","bldg_condi":"NEEDS MAJOR REPAIR","bldg_name1":"","comments":"","shape_len":"153.639099283","harris_str":"02017125004000"}},{"type":"Feature","geometry":{"type":"MultiPolygon","coordinates":[[[[-87.66295341330571,41.78824837973451],[-87.66295470341687,41.788300528743726],[-87.66280069095268,41.78830100204788],[-87.66280123427637,41.78824886373856],[-87.66295341330571,41.78824837973451]]]]},"properties":{"no_stories":"0","suf_dir1":"","x_coord":"1167091.75177837","shape_area":"793.375","year_built":"1884","cdb_city_i":"","stories":"2","y_coord":"1866151.99500976","unit_name":"","qc_date":"2003-06-16T07:00:00.000Z","edit_date":null,"non_standa":"","label_hous":"5807","st_name1":"JUSTINE","t_add1":"5807","z_coord":"0","qc_userid":"DS06284","qc_source":"PARCELS","orig_bldg_":"503816","footprint_":"AERIALS98","st_type1":"ST","bldg_statu":"ACTIVE","condition_":"2001-12-01T08:00:00.000Z","bldg_name2":"","bldg_activ":"1998-04-01T08:00:00.000Z","edit_useri":"","bldg_sq_fo":"2016.0","edit_sourc":"","f_add1":"5807","vacancy_st":"","bldg_creat":"1998-04-01T08:00:00.000Z","no_of_unit":"2","bldg_end_d":null,"bldg_id":"503816","create_use":"","demolished":null,"pre_dir1":"S","bldg_condi":"NEEDS MINOR REPAIR","bldg_name1":"","comments":"","shape_len":"121.512565833","harris_str":"02017125003000"}},{"type":"Feature","geometry":{"type":"MultiPolygon","coordinates":[[[[-87.66237432858897,41.788046038115866],[-87.6623756182288,41.78809818712995],[-87.66218124491148,41.78810116815741],[-87.66217812212508,41.78804900843176],[-87.66237432858897,41.788046038115866]]]]},"properties":{"no_stories":"0","suf_dir1":"","x_coord":"1167255.98082321","shape_area":"1012.875","year_built":"1973","cdb_city_i":"","stories":"1","y_coord":"1866080.05673814","unit_name":"","qc_date":"2003-06-16T07:00:00.000Z","edit_date":null,"non_standa":"","label_hous":"5814","st_name1":"LAFLIN","t_add1":"5814","z_coord":"0","qc_userid":"DS06284","qc_source":"PARCELS","orig_bldg_":"504403","footprint_":"AERIALS98","st_type1":"ST","bldg_statu":"ACTIVE","condition_":"2001-12-01T08:00:00.000Z","bldg_name2":"","bldg_activ":"1998-04-01T08:00:00.000Z","edit_useri":"","bldg_sq_fo":"977.0","edit_sourc":"","f_add1":"5814","vacancy_st":"","bldg_creat":"1998-04-01T08:00:00.000Z","no_of_unit":"1","bldg_end_d":null,"bldg_id":"504403","create_use":"","demolished":null,"pre_dir1":"S","bldg_condi":"NEEDS MINOR REPAIR","bldg_name1":"","comments":"","shape_len":"144.575121472","harris_str":"02017125020000"}},{"type":"Feature","geometry":{"type":"MultiPolygon","coordinates":[[[[-87.66232596159064,41.78811299068549],[-87.66232758027648,41.78813358230384],[-87.66235509418232,41.788132370863295],[-87.662356541189,41.78816942720933],[-87.66219513857114,41.78817534511517],[-87.66219207301427,41.78811769714791],[-87.66232596159064,41.78811299068549]]]]},"properties":{"no_stories":"0","suf_dir1":"","x_coord":"1167256.52628687","shape_area":"869.875","year_built":"1894","cdb_city_i":"","stories":"1","y_coord":"1866105.96105914","unit_name":"","qc_date":"2003-06-16T07:00:00.000Z","edit_date":null,"non_standa":"","label_hous":"5812","st_name1":"LAFLIN","t_add1":"5812","z_coord":"0","qc_userid":"DS06284","qc_source":"PARCELS","orig_bldg_":"504162","footprint_":"AERIALS98","st_type1":"ST","bldg_statu":"ACTIVE","condition_":"2001-12-01T08:00:00.000Z","bldg_name2":"","bldg_activ":"1998-04-01T08:00:00.000Z","edit_useri":"","bldg_sq_fo":"1368.0","edit_sourc":"","f_add1":"5812","vacancy_st":"","bldg_creat":"1998-04-01T08:00:00.000Z","no_of_unit":"1","bldg_end_d":null,"bldg_id":"504162","create_use":"","demolished":null,"pre_dir1":"S","bldg_condi":"NEEDS MINOR REPAIR","bldg_name1":"","comments":"","shape_len":"130.192067458","harris_str":"02017125019000"}},{"type":"Feature","geometry":{"type":"MultiPolygon","coordinates":[[[[-87.66250370154107,41.788826171542794],[-87.66256970129034,41.78882655692402],[-87.66256934371003,41.78886085843827],[-87.66250516294834,41.788861855822695],[-87.66250370154107,41.788826171542794]]]]},"properties":{"no_stories":"0","suf_dir1":"","x_coord":"1167183.00547395","shape_area":"226.375","year_built":"0","cdb_city_i":"","stories":"0","y_coord":"1866359.84377519","unit_name":"","qc_date":null,"edit_date":null,"non_standa":"","label_hous":"0","st_name1":"","t_add1":"0","z_coord":"0","qc_userid":"","qc_source":"","orig_bldg_":"501951","footprint_":"AERIALS98","st_type1":"","bldg_statu":"ACTIVE","condition_":null,"bldg_name2":"","bldg_activ":"1998-04-01T08:00:00.000Z","edit_useri":"","bldg_sq_fo":"0.0","edit_sourc":"","f_add1":"0","vacancy_st":"","bldg_creat":"1998-04-01T08:00:00.000Z","no_of_unit":"0","bldg_end_d":null,"bldg_id":"501951","create_use":"","demolished":null,"pre_dir1":"","bldg_condi":"","bldg_name1":"","comments":"","shape_len":"61.0167532313","harris_str":""}},{"type":"Feature","geometry":{"type":"MultiPolygon","coordinates":[[[[-87.66357176878188,41.78872949265965],[-87.66357487844259,41.78878302441065],[-87.66350518350696,41.78878536234983],[-87.66348673598236,41.78879623193937],[-87.66340052681133,41.788799845665736],[-87.66339561254179,41.78874355909828],[-87.66344697419237,41.78874111432183],[-87.66345805984335,41.78873294609918],[-87.66357176878188,41.78872949265965]]]]},"properties":{"no_stories":"0","suf_dir1":"","x_coord":"1166924.43831296","shape_area":"997.5","year_built":"1912","cdb_city_i":"","stories":"2","y_coord":"1866329.64624431","unit_name":"","qc_date":"2003-06-16T07:00:00.000Z","edit_date":null,"non_standa":"","label_hous":"5756","st_name1":"JUSTINE","t_add1":"5756","z_coord":"0","qc_userid":"DS06284","qc_source":"PARCELS","orig_bldg_":"502214","footprint_":"AERIALS98","st_type1":"ST","bldg_statu":"ACTIVE","condition_":"2001-12-01T08:00:00.000Z","bldg_name2":"","bldg_activ":"1998-04-01T08:00:00.000Z","edit_useri":"","bldg_sq_fo":"1892.0","edit_sourc":"","f_add1":"5756","vacancy_st":"","bldg_creat":"1998-04-01T08:00:00.000Z","no_of_unit":"2","bldg_end_d":null,"bldg_id":"502214","create_use":"","demolished":null,"pre_dir1":"S","bldg_condi":"NEEDS MINOR REPAIR","bldg_name1":"","comments":"","shape_len":"138.372253128","harris_str":"02017116042000"}},{"type":"Feature","geometry":{"type":"MultiPolygon","coordinates":[[[[-87.66239596653601,41.788960012501036],[-87.6623972132811,41.7890162776883],[-87.66221017051721,41.789019301572864],[-87.66219742306244,41.7890109942376],[-87.66219586164488,41.788984914378965],[-87.66220878082605,41.78897675698917],[-87.6622089239357,41.788963036384786],[-87.66239596653601,41.788960012501036]]]]},"properties":{"no_stories":"0","suf_dir1":"","x_coord":"1167248.16998726","shape_area":"1091.25","year_built":"1927","cdb_city_i":"","stories":"1","y_coord":"1866413.89933074","unit_name":"","qc_date":"2003-06-16T07:00:00.000Z","edit_date":null,"non_standa":"","label_hous":"5748","st_name1":"LAFLIN","t_add1":"5748","z_coord":"0","qc_userid":"DS06284","qc_source":"PARCELS","orig_bldg_":"501359","footprint_":"AERIALS98","st_type1":"ST","bldg_statu":"ACTIVE","condition_":"2001-12-01T08:00:00.000Z","bldg_name2":"","bldg_activ":"1998-04-01T08:00:00.000Z","edit_useri":"","bldg_sq_fo":"945.0","edit_sourc":"","f_add1":"5748","vacancy_st":"","bldg_creat":"1998-04-01T08:00:00.000Z","no_of_unit":"1","bldg_end_d":null,"bldg_id":"501359","create_use":"","demolished":null,"pre_dir1":"S","bldg_condi":"NEEDS MINOR REPAIR","bldg_name1":"","comments":"","shape_len":"146.282898017","harris_str":"02017117041000"}},{"type":"Feature","geometry":{"type":"MultiPolygon","coordinates":[[[[-87.66305462190785,41.7890928389384],[-87.66305407877338,41.78914497724273],[-87.66288539760204,41.78914536506988],[-87.6628841075391,41.789093216067826],[-87.66305462190785,41.7890928389384]]]]},"properties":{"no_stories":"0","suf_dir1":"","x_coord":"1167064.25835732","shape_area":"878.875","year_built":"1906","cdb_city_i":"","stories":"2","y_coord":"1866459.49500976","unit_name":"","qc_date":"2003-06-16T07:00:00.000Z","edit_date":null,"non_standa":"","label_hous":"5743","st_name1":"JUSTINE","t_add1":"5743","z_coord":"0","qc_userid":"DS06284","qc_source":"PARCELS","orig_bldg_":"500924","footprint_":"AERIALS98","st_type1":"ST","bldg_statu":"ACTIVE","condition_":"2001-12-01T08:00:00.000Z","bldg_name2":"","bldg_activ":"1998-04-01T08:00:00.000Z","edit_useri":"","bldg_sq_fo":"1176.0","edit_sourc":"","f_add1":"5743","vacancy_st":"","bldg_creat":"1998-04-01T08:00:00.000Z","no_of_unit":"2","bldg_end_d":null,"bldg_id":"500924","create_use":"","demolished":null,"pre_dir1":"S","bldg_condi":"NEEDS MAJOR REPAIR","bldg_name1":"","comments":"","shape_len":"130.511983214","harris_str":"02017117017000"}},{"type":"Feature","geometry":{"type":"MultiPolygon","coordinates":[[[[-87.6638487051016,41.788016219750304],[-87.66390370421541,41.788016540255036],[-87.66390592911658,41.78815513979492],[-87.66385091560873,41.78815619135148],[-87.6638487051016,41.788016219750304]]]]},"properties":{"no_stories":"0","suf_dir1":"","x_coord":"1166819.58139683","shape_area":"761.5","year_built":"0","cdb_city_i":"","stories":"0","y_coord":"1866083.1894542","unit_name":"","qc_date":null,"edit_date":null,"non_standa":"","label_hous":"0","st_name1":"","t_add1":"0","z_coord":"0","qc_userid":"","qc_source":"","orig_bldg_":"504260","footprint_":"AERIALS98","st_type1":"","bldg_statu":"ACTIVE","condition_":null,"bldg_name2":"","bldg_activ":"1998-04-01T08:00:00.000Z","edit_useri":"","bldg_sq_fo":"0.0","edit_sourc":"","f_add1":"0","vacancy_st":"","bldg_creat":"1998-04-01T08:00:00.000Z","no_of_unit":"0","bldg_end_d":null,"bldg_id":"504260","create_use":"","demolished":null,"pre_dir1":"","bldg_condi":"","bldg_name1":"","comments":"","shape_len":"131.528034019","harris_str":""}},{"type":"Feature","geometry":{"type":"MultiPolygon","coordinates":[[[[-87.66305159076428,41.78867980588175],[-87.66306067162027,41.788688091729796],[-87.66306233343137,41.78870456715535],[-87.6630512334427,41.78871410740027],[-87.66305252363756,41.78876625640482],[-87.66306345212347,41.78877318088866],[-87.66306509964457,41.78879102837468],[-87.66305399964124,41.788800568619614],[-87.66297698566284,41.788801491390004],[-87.66295872387909,41.78879452410506],[-87.66287254327932,41.78879539331365],[-87.6628712532301,41.7887432443084],[-87.662818072533,41.7887443060661],[-87.66281967709183,41.7887662697372],[-87.66275549642654,41.78876726726221],[-87.66275453535401,41.788683560860996],[-87.66305159076428,41.78867980588175]]]]},"properties":{"no_stories":"0","suf_dir1":"","x_coord":"1167083.53054379","shape_area":"3001.625","year_built":"0","cdb_city_i":"","stories":"0","y_coord":"1866311.91321962","unit_name":"","qc_date":"2005-01-20T08:00:00.000Z","edit_date":null,"non_standa":"","label_hous":"5757","st_name1":"JUSTINE","t_add1":"5757","z_coord":"0","qc_userid":"DS01228","qc_source":"ASSESS2002","orig_bldg_":"502205","footprint_":"AERIALS98","st_type1":"ST","bldg_statu":"ACTIVE","condition_":null,"bldg_name2":"","bldg_activ":"1998-04-01T08:00:00.000Z","edit_useri":"","bldg_sq_fo":"0.0","edit_sourc":"","f_add1":"5757","vacancy_st":"","bldg_creat":"1998-04-01T08:00:00.000Z","no_of_unit":"0","bldg_end_d":null,"bldg_id":"502205","create_use":"","demolished":null,"pre_dir1":"S","bldg_condi":"","bldg_name1":"","comments":"","shape_len":"269.244544454","harris_str":""}},{"type":"Feature","geometry":{"type":"MultiPolygon","coordinates":[[[[-87.66237246892273,41.788751858222305],[-87.66236798803494,41.78868926228004],[-87.66249964633407,41.78868756130829],[-87.66250063568425,41.78876852358802],[-87.66244196929414,41.78876818099391],[-87.6624403219465,41.78875033350016],[-87.66237246892273,41.788751858222305]]]]},"properties":{"no_stories":"0","suf_dir1":"","x_coord":"1167211.34311212","shape_area":"910.79","year_built":"0","cdb_city_i":"","stories":"0","y_coord":"1866313.83851212","unit_name":"","qc_date":"2007-09-19T07:00:00.000Z","edit_date":"2007-09-19T07:00:00.000Z","non_standa":"","label_hous":"1506","st_name1":"58TH","t_add1":"1506","z_coord":"0","qc_userid":"DT00211","qc_source":"","orig_bldg_":"502146","footprint_":"AERIALS","st_type1":"ST","bldg_statu":"ACTIVE","condition_":null,"bldg_name2":"","bldg_activ":"2007-09-19T07:00:00.000Z","edit_useri":"DT00211","bldg_sq_fo":"0.0","edit_sourc":"PARCELS","f_add1":"1506","vacancy_st":"","bldg_creat":"2007-09-19T07:00:00.000Z","no_of_unit":"0","bldg_end_d":null,"bldg_id":"864931","create_use":"DT00211","demolished":null,"pre_dir1":"W","bldg_condi":"","bldg_name1":"","comments":"","shape_len":"129.290899478","harris_str":""}},{"type":"Feature","geometry":{"type":"MultiPolygon","coordinates":[[[[-87.66288148116278,41.788817399782296],[-87.66306664711833,41.78881848028565],[-87.66306611829148,41.78886924653191],[-87.66288095218987,41.788868166026646],[-87.66288148116278,41.788817399782296]]]]},"properties":{"no_stories":"0","suf_dir1":"","x_coord":"1167063.89590605","shape_area":"934.25","year_built":"1894","cdb_city_i":"","stories":"2","y_coord":"1866358.93328137","unit_name":"","qc_date":"2003-06-16T07:00:00.000Z","edit_date":null,"non_standa":"","label_hous":"5753","st_name1":"JUSTINE","t_add1":"5753","z_coord":"0","qc_userid":"DS06284","qc_source":"PARCELS","orig_bldg_":"501922","footprint_":"AERIALS98","st_type1":"ST","bldg_statu":"ACTIVE","condition_":"2001-12-01T08:00:00.000Z","bldg_name2":"","bldg_activ":"1998-04-01T08:00:00.000Z","edit_useri":"","bldg_sq_fo":"808.0","edit_sourc":"","f_add1":"5753","vacancy_st":"","bldg_creat":"1998-04-01T08:00:00.000Z","no_of_unit":"1","bldg_end_d":null,"bldg_id":"501922","create_use":"","demolished":null,"pre_dir1":"S","bldg_condi":"NEEDS MAJOR REPAIR","bldg_name1":"","comments":"","shape_len":"138.0","harris_str":"02017117021000"}},{"type":"Feature","geometry":{"type":"MultiPolygon","coordinates":[[[[-87.66301687125858,41.78796471616081],[-87.6630199804288,41.78801824793028],[-87.66281641225585,41.78802392067008],[-87.66281328895727,41.787971760957234],[-87.66301687125858,41.78796471616081]]]]},"properties":{"no_stories":"0","suf_dir1":"","x_coord":"1167081.83276982","shape_area":"1071.125","year_built":"1966","cdb_city_i":"","stories":"1","y_coord":"1866049.89933075","unit_name":"","qc_date":null,"edit_date":null,"non_standa":"","label_hous":"5819","st_name1":"JUSTINE","t_add1":"5819","z_coord":"0","qc_userid":"","qc_source":"","orig_bldg_":"504631","footprint_":"AERIALS98","st_type1":"ST","bldg_statu":"ACTIVE","condition_":"2001-12-01T08:00:00.000Z","bldg_name2":"","bldg_activ":"1998-04-01T08:00:00.000Z","edit_useri":"","bldg_sq_fo":"1040.0","edit_sourc":"","f_add1":"5819","vacancy_st":"","bldg_creat":"1998-04-01T08:00:00.000Z","no_of_unit":"1","bldg_end_d":null,"bldg_id":"504631","create_use":"","demolished":null,"pre_dir1":"S","bldg_condi":"SOUND","bldg_name1":"","comments":"","shape_len":"149.689221494","harris_str":"02017125007000"}},{"type":"Feature","geometry":{"type":"MultiPolygon","coordinates":[[[[-87.6639283918221,41.78828699653772],[-87.66393366963042,41.78848461606142],[-87.66384932276655,41.78848549668864],[-87.66384221190579,41.78828786647891],[-87.6639283918221,41.78828699653772]]]]},"properties":{"no_stories":"0","suf_dir1":"","x_coord":"1166815.63192072","shape_area":"1675.125","year_built":"0","cdb_city_i":"","stories":"1","y_coord":"1866193.76661469","unit_name":"","qc_date":"2003-06-16T07:00:00.000Z","edit_date":null,"non_standa":"","label_hous":"5801","st_name1":"ASHLAND","t_add1":"5801","z_coord":"0","qc_userid":"DS06284","qc_source":"PARCELS","orig_bldg_":"503292","footprint_":"AERIALS98","st_type1":"AVE","bldg_statu":"ACTIVE","condition_":"2001-12-01T08:00:00.000Z","bldg_name2":"","bldg_activ":"1998-04-01T08:00:00.000Z","edit_useri":"","bldg_sq_fo":"1400.0","edit_sourc":"","f_add1":"5801","vacancy_st":"","bldg_creat":"1998-04-01T08:00:00.000Z","no_of_unit":"0","bldg_end_d":null,"bldg_id":"503292","create_use":"","demolished":null,"pre_dir1":"S","bldg_condi":"UNINHABITABLE","bldg_name1":"","comments":"","shape_len":"190.581914813","harris_str":"02017124001000"}},{"type":"Feature","geometry":{"type":"MultiPolygon","coordinates":[[[[-87.66425634059497,41.788662130257755],[-87.66425873746601,41.788784265048335],[-87.66419823771467,41.78878391267341],[-87.66419832332537,41.788775680307154],[-87.66408280954694,41.78877637956413],[-87.66408120455648,41.78875441590757],[-87.66390884347126,41.78875615594526],[-87.66390922888537,41.788719110299034],[-87.66384871492373,41.78872012980146],[-87.66384745263564,41.78866523667878],[-87.66425634059497,41.788662130257755]]]]},"properties":{"no_stories":"0","suf_dir1":"","x_coord":"1166761.61504186","shape_area":"3921.0","year_built":"0","cdb_city_i":"","stories":"0","y_coord":"1866314.03821963","unit_name":"","qc_date":"2005-01-20T08:00:00.000Z","edit_date":null,"non_standa":"","label_hous":"5757","st_name1":"ASHLAND","t_add1":"5759","z_coord":"0","qc_userid":"DS01228","qc_source":"ASSESS2002","orig_bldg_":"502293","footprint_":"AERIALS98","st_type1":"AVE","bldg_statu":"ACTIVE","condition_":null,"bldg_name2":"","bldg_activ":"1998-04-01T08:00:00.000Z","edit_useri":"","bldg_sq_fo":"0.0","edit_sourc":"","f_add1":"5757","vacancy_st":"","bldg_creat":"1998-04-01T08:00:00.000Z","no_of_unit":"0","bldg_end_d":null,"bldg_id":"502293","create_use":"","demolished":null,"pre_dir1":"S","bldg_condi":"","bldg_name1":"","comments":"","shape_len":"312.073208226","harris_str":""}},{"type":"Feature","geometry":{"type":"MultiPolygon","coordinates":[[[[-87.66235452188442,41.788187253290246],[-87.66235584012446,41.78823665818185],[-87.66215227121712,41.78824232973904],[-87.66214913413704,41.78819154207461],[-87.66235452188442,41.788187253290246]]]]},"properties":{"no_stories":"0","suf_dir1":"","x_coord":"1167262.22879566","shape_area":"1019.125","year_built":"1894","cdb_city_i":"","stories":"1","y_coord":"1866131.55673814","unit_name":"","qc_date":"2003-06-16T07:00:00.000Z","edit_date":null,"non_standa":"","label_hous":"5810","st_name1":"LAFLIN","t_add1":"5810","z_coord":"0","qc_userid":"DS06284","qc_source":"PARCELS","orig_bldg_":"503977","footprint_":"AERIALS98","st_type1":"ST","bldg_statu":"ACTIVE","condition_":"2001-12-01T08:00:00.000Z","bldg_name2":"","bldg_activ":"1998-04-01T08:00:00.000Z","edit_useri":"","bldg_sq_fo":"912.0","edit_sourc":"","f_add1":"5810","vacancy_st":"","bldg_creat":"1998-04-01T08:00:00.000Z","no_of_unit":"1","bldg_end_d":null,"bldg_id":"503977","create_use":"","demolished":null,"pre_dir1":"S","bldg_condi":"NEEDS MINOR REPAIR","bldg_name1":"","comments":"","shape_len":"148.125931097","harris_str":"02017125018000"}},{"type":"Feature","geometry":{"type":"MultiPolygon","coordinates":[[[[-87.66404924537456,41.78900670423762],[-87.66405079327238,41.78903415613742],[-87.66398293141101,41.789036505045374],[-87.66398138354212,41.78900905314488],[-87.66404924537456,41.78900670423762]]]]},"properties":{"no_stories":"0","suf_dir1":"","x_coord":"1166779.11195543","shape_area":"185.5","year_built":"0","cdb_city_i":"","stories":"0","y_coord":"1866421.2203184","unit_name":"","qc_date":null,"edit_date":null,"non_standa":"","label_hous":"0","st_name1":"","t_add1":"0","z_coord":"0","qc_userid":"","qc_source":"","orig_bldg_":"501328","footprint_":"AERIALS98","st_type1":"","bldg_statu":"ACTIVE","condition_":null,"bldg_name2":"","bldg_activ":"1998-04-01T08:00:00.000Z","edit_useri":"","bldg_sq_fo":"0.0","edit_sourc":"","f_add1":"0","vacancy_st":"","bldg_creat":"1998-04-01T08:00:00.000Z","no_of_unit":"0","bldg_end_d":null,"bldg_id":"501328","create_use":"","demolished":null,"pre_dir1":"","bldg_condi":"","bldg_name1":"","comments":"","shape_len":"57.0789990218","harris_str":""}},{"type":"Feature","geometry":{"type":"MultiPolygon","coordinates":[[[[-87.66236957264414,41.78797465883624],[-87.66237268127598,41.78802819061919],[-87.66218376514772,41.788035319956876],[-87.6621788233707,41.78798177745948],[-87.66236957264414,41.78797465883624]]]]},"properties":{"no_stories":"0","suf_dir1":"","x_coord":"1167256.45110548","shape_area":"1012.875","year_built":"1973","cdb_city_i":"","stories":"1","y_coord":"1866055.18019494","unit_name":"","qc_date":"2003-06-16T07:00:00.000Z","edit_date":null,"non_standa":"","label_hous":"5816","st_name1":"LAFLIN","t_add1":"5816","z_coord":"0","qc_userid":"DS06284","qc_source":"PARCELS","orig_bldg_":"504587","footprint_":"AERIALS98","st_type1":"ST","bldg_statu":"ACTIVE","condition_":"2001-12-01T08:00:00.000Z","bldg_name2":"","bldg_activ":"1998-04-01T08:00:00.000Z","edit_useri":"","bldg_sq_fo":"977.0","edit_sourc":"","f_add1":"5816","vacancy_st":"","bldg_creat":"1998-04-01T08:00:00.000Z","no_of_unit":"1","bldg_end_d":null,"bldg_id":"504587","create_use":"","demolished":null,"pre_dir1":"S","bldg_condi":"UNINHABITABLE","bldg_name1":"","comments":"","shape_len":"142.757002618","harris_str":"02017125021000"}},{"type":"Feature","geometry":{"type":"MultiPolygon","coordinates":[[[[-87.66236798803494,41.78868926228004],[-87.66237246892273,41.788751858222305],[-87.66237377859802,41.78880208634537],[-87.66229861224862,41.788801647308],[-87.66228749782154,41.7888125595385],[-87.66220865049866,41.78881347108458],[-87.66219773641014,41.788805174459604],[-87.66219610344064,41.78878595490248],[-87.66220717494573,41.788779158862305],[-87.66220726081116,41.78877092649939],[-87.66218342759059,41.788770787263275],[-87.66218193774039,41.788737847101025],[-87.66220578525964,41.78873661427686],[-87.66220588543602,41.7887270098534],[-87.66219498567354,41.78871734116766],[-87.66219515740707,41.788700876441695],[-87.66220809084167,41.78869134699066],[-87.66236798803494,41.78868926228004]]]]},"properties":{"no_stories":"0","suf_dir1":"","x_coord":"1167253.94311211","shape_area":"2058.51","year_built":"0","cdb_city_i":"","stories":"0","y_coord":"1866325.93851212","unit_name":"","qc_date":"2007-09-19T07:00:00.000Z","edit_date":"2008-06-12T07:00:00.000Z","non_standa":"","label_hous":"5756","st_name1":"LAFLIN","t_add1":"5758","z_coord":"0","qc_userid":"DT00211","qc_source":"","orig_bldg_":"502146","footprint_":"AERIALS","st_type1":"ST","bldg_statu":"ACTIVE","condition_":null,"bldg_name2":"","bldg_activ":"2007-09-19T07:00:00.000Z","edit_useri":"DS06183","bldg_sq_fo":"0.0","edit_sourc":"","f_add1":"5756","vacancy_st":"","bldg_creat":"2007-09-19T07:00:00.000Z","no_of_unit":"0","bldg_end_d":null,"bldg_id":"864933","create_use":"DT00211","demolished":null,"pre_dir1":"S","bldg_condi":"","bldg_name1":"","comments":"","shape_len":"194.024192651","harris_str":""}},{"type":"Feature","geometry":{"type":"MultiPolygon","coordinates":[[[[-87.66958931026537,41.78639884072513],[-87.66959143418521,41.78654841678704],[-87.66951442293966,41.786549343960814],[-87.66951229919886,41.7863997678988],[-87.66958931026537,41.78639884072513]]]]},"properties":{"no_stories":"0","suf_dir1":"","x_coord":"1165276.58361134","shape_area":"1145.0","year_built":"1974","cdb_city_i":"","stories":"1","y_coord":"1865483.93636778","unit_name":"","qc_date":null,"edit_date":"2005-03-03T08:00:00.000Z","non_standa":"","label_hous":"1803","st_name1":"59TH","t_add1":"1803","z_coord":"0","qc_userid":"","qc_source":"","orig_bldg_":"509321","footprint_":"AERIALS98","st_type1":"ST","bldg_statu":"ACTIVE","condition_":"2001-12-01T08:00:00.000Z","bldg_name2":"","bldg_activ":"1998-04-01T08:00:00.000Z","edit_useri":"DS01228","bldg_sq_fo":"969.0","edit_sourc":"PARCELS","f_add1":"1803","vacancy_st":"","bldg_creat":"1998-04-01T08:00:00.000Z","no_of_unit":"1","bldg_end_d":null,"bldg_id":"509321","create_use":"","demolished":null,"pre_dir1":"W","bldg_condi":"SOUND","bldg_name1":"","comments":"","shape_len":"151.030250155","harris_str":"02018403009000"}},{"type":"Feature","geometry":{"type":"MultiPolygon","coordinates":[[[[-87.66996585540409,41.786152657434144],[-87.6699671511795,41.786204806424536],[-87.66988097407516,41.78620568091713],[-87.66987967836958,41.786153531926274],[-87.66996585540409,41.786152657434144]]]]},"properties":{"no_stories":"0","suf_dir1":"","x_coord":"1165176.11422964","shape_area":"446.75","year_built":"0","cdb_city_i":"","stories":"0","y_coord":"1865373.49500976","unit_name":"","qc_date":null,"edit_date":null,"non_standa":"","label_hous":"0","st_name1":"","t_add1":"0","z_coord":"0","qc_userid":"","qc_source":"","orig_bldg_":"510302","footprint_":"AERIALS98","st_type1":"","bldg_statu":"ACTIVE","condition_":null,"bldg_name2":"","bldg_activ":"1998-04-01T08:00:00.000Z","edit_useri":"","bldg_sq_fo":"0.0","edit_sourc":"","f_add1":"0","vacancy_st":"","bldg_creat":"1998-04-01T08:00:00.000Z","no_of_unit":"0","bldg_end_d":null,"bldg_id":"510302","create_use":"","demolished":null,"pre_dir1":"","bldg_condi":"","bldg_name1":"","comments":"","shape_len":"85.0237927117","harris_str":""}},{"type":"Feature","geometry":{"type":"MultiPolygon","coordinates":[[[[-87.67027713133369,41.786013123510344],[-87.67027837081025,41.78607076075386],[-87.67010785021226,41.7860725207277],[-87.67010661088847,41.786014883483475],[-87.67027713133369,41.786013123510344]]]]},"properties":{"no_stories":"0","suf_dir1":"","x_coord":"1165103.11357213","shape_area":"977.0","year_built":"1935","cdb_city_i":"","stories":"1","y_coord":"1865323.39933074","unit_name":"","qc_date":"2003-06-16T07:00:00.000Z","edit_date":null,"non_standa":"","label_hous":"5919","st_name1":"HONORE","t_add1":"5919","z_coord":"0","qc_userid":"DS06284","qc_source":"PARCELS","orig_bldg_":"510748","footprint_":"AERIALS98","st_type1":"ST","bldg_statu":"ACTIVE","condition_":"2001-12-01T08:00:00.000Z","bldg_name2":"","bldg_activ":"1998-04-01T08:00:00.000Z","edit_useri":"","bldg_sq_fo":"882.0","edit_sourc":"","f_add1":"5919","vacancy_st":"","bldg_creat":"1998-04-01T08:00:00.000Z","no_of_unit":"1","bldg_end_d":null,"bldg_id":"510748","create_use":"","demolished":null,"pre_dir1":"S","bldg_condi":"SOUND","bldg_name1":"","comments":"","shape_len":"135.033405966","harris_str":"02018403013000"}},{"type":"Feature","geometry":{"type":"MultiPolygon","coordinates":[[[[-87.67029391788778,41.78580739864232],[-87.67029515737777,41.785865035887795],[-87.67008429179641,41.785867935113394],[-87.67008305249529,41.78581029786705],[-87.67029391788778,41.78580739864232]]]]},"properties":{"no_stories":"0","suf_dir1":"","x_coord":"1165104.61283727","shape_area":"1208.25","year_built":"1909","cdb_city_i":"","stories":"2","y_coord":"1865248.68019494","unit_name":"","qc_date":"2003-06-16T07:00:00.000Z","edit_date":null,"non_standa":"","label_hous":"5927","st_name1":"HONORE","t_add1":"5927","z_coord":"0","qc_userid":"DS06284","qc_source":"PARCELS","orig_bldg_":"511373","footprint_":"AERIALS98","st_type1":"ST","bldg_statu":"ACTIVE","condition_":"2001-12-01T08:00:00.000Z","bldg_name2":"","bldg_activ":"1998-04-01T08:00:00.000Z","edit_useri":"","bldg_sq_fo":"1520.0","edit_sourc":"","f_add1":"5927","vacancy_st":"","bldg_creat":"1998-04-01T08:00:00.000Z","no_of_unit":"1","bldg_end_d":null,"bldg_id":"511373","create_use":"","demolished":null,"pre_dir1":"S","bldg_condi":"SOUND","bldg_name1":"","comments":"","shape_len":"157.051026855","harris_str":"02018403016000"}},{"type":"Feature","geometry":{"type":"MultiPolygon","coordinates":[[[[-87.66957332599256,41.78581558676654],[-87.66957453653235,41.78587596814149],[-87.66938385075075,41.785877610529226],[-87.66938262623347,41.785818601216775],[-87.66957332599256,41.78581558676654]]]]},"properties":{"no_stories":"0","suf_dir1":"","x_coord":"1165298.36630285","shape_area":"1131.625","year_built":"1911","cdb_city_i":"","stories":"1","y_coord":"1865253.46105914","unit_name":"","qc_date":"2003-06-16T07:00:00.000Z","edit_date":null,"non_standa":"","label_hous":"5926","st_name1":"WOOD","t_add1":"5926","z_coord":"0","qc_userid":"DS06284","qc_source":"PARCELS","orig_bldg_":"511331","footprint_":"AERIALS98","st_type1":"ST","bldg_statu":"ACTIVE","condition_":"2001-12-01T08:00:00.000Z","bldg_name2":"","bldg_activ":"1998-04-01T08:00:00.000Z","edit_useri":"","bldg_sq_fo":"834.0","edit_sourc":"","f_add1":"5926","vacancy_st":"","bldg_creat":"1998-04-01T08:00:00.000Z","no_of_unit":"1","bldg_end_d":null,"bldg_id":"511331","create_use":"","demolished":null,"pre_dir1":"S","bldg_condi":"NEEDS MAJOR REPAIR","bldg_name1":"","comments":"","shape_len":"147.542738865","harris_str":"02018403032000"}},{"type":"Feature","geometry":{"type":"MultiPolygon","coordinates":[[[[-87.66979146183198,41.78599659790242],[-87.66979243206475,41.78608030435],[-87.66971725463152,41.78608124225258],[-87.66971628449654,41.78599753580508],[-87.66979146183198,41.78599659790242]]]]},"properties":{"no_stories":"0","suf_dir1":"","x_coord":"1165222.61453588","shape_area":"625.5","year_built":"0","cdb_city_i":"","stories":"0","y_coord":"1865323.4548863","unit_name":"","qc_date":null,"edit_date":null,"non_standa":"","label_hous":"0","st_name1":"","t_add1":"0","z_coord":"0","qc_userid":"","qc_source":"","orig_bldg_":"510719","footprint_":"AERIALS98","st_type1":"","bldg_statu":"ACTIVE","condition_":null,"bldg_name2":"","bldg_activ":"1998-04-01T08:00:00.000Z","edit_useri":"","bldg_sq_fo":"0.0","edit_sourc":"","f_add1":"0","vacancy_st":"","bldg_creat":"1998-04-01T08:00:00.000Z","no_of_unit":"0","bldg_end_d":null,"bldg_id":"510719","create_use":"","demolished":null,"pre_dir1":"","bldg_condi":"","bldg_name1":"","comments":"","shape_len":"102.020389479","harris_str":""}},{"type":"Feature","geometry":{"type":"MultiPolygon","coordinates":[[[[-87.6684030506827,41.78587330999384],[-87.66840424594724,41.785935063435446],[-87.66816221491108,41.78593777874268],[-87.66816101987881,41.785876025300276],[-87.6684030506827,41.78587330999384]]]]},"properties":{"no_stories":"0","suf_dir1":"","x_coord":"1165624.36298424","shape_area":"1485.75","year_built":"1909","cdb_city_i":"","stories":"2","y_coord":"1865277.52278753","unit_name":"","qc_date":"2003-06-16T07:00:00.000Z","edit_date":null,"non_standa":"","label_hous":"5926","st_name1":"HERMITAGE","t_add1":"5926","z_coord":"0","qc_userid":"DS06284","qc_source":"PARCELS","orig_bldg_":"511130","footprint_":"AERIALS98","st_type1":"AVE","bldg_statu":"ACTIVE","condition_":"2001-12-01T08:00:00.000Z","bldg_name2":"","bldg_activ":"1998-04-01T08:00:00.000Z","edit_useri":"","bldg_sq_fo":"1008.0","edit_sourc":"","f_add1":"5926","vacancy_st":"","bldg_creat":"1998-04-01T08:00:00.000Z","no_of_unit":"1","bldg_end_d":null,"bldg_id":"511130","create_use":"","demolished":null,"pre_dir1":"S","bldg_condi":"NEEDS MINOR REPAIR","bldg_name1":"","comments":"","shape_len":"177.045196248","harris_str":"02018404033000"}},{"type":"Feature","geometry":{"type":"MultiPolygon","coordinates":[[[[-87.66890515023951,41.78642918945067],[-87.66890745673916,41.786560928695366],[-87.66882861221053,41.78656184480628],[-87.66882447261186,41.786430094957005],[-87.66890515023951,41.78642918945067]]]]},"properties":{"no_stories":"0","suf_dir1":"","x_coord":"1165463.44424389","shape_area":"1044.625","year_built":"1904","cdb_city_i":"","stories":"2","y_coord":"1865492.78513321","unit_name":"","qc_date":"2003-06-16T07:00:00.000Z","edit_date":null,"non_standa":"","label_hous":"1753","st_name1":"59TH","t_add1":"1753","z_coord":"0","qc_userid":"DS06284","qc_source":"PARCELS","orig_bldg_":"509266","footprint_":"AERIALS98","st_type1":"ST","bldg_statu":"ACTIVE","condition_":"2001-12-01T08:00:00.000Z","bldg_name2":"","bldg_activ":"1998-04-01T08:00:00.000Z","edit_useri":"","bldg_sq_fo":"864.0","edit_sourc":"","f_add1":"1753","vacancy_st":"","bldg_creat":"1998-04-01T08:00:00.000Z","no_of_unit":"1","bldg_end_d":null,"bldg_id":"509266","create_use":"","demolished":null,"pre_dir1":"W","bldg_condi":"NEEDS MINOR REPAIR","bldg_name1":"","comments":"","shape_len":"139.54534157","harris_str":"02018404003000"}},{"type":"Feature","geometry":{"type":"MultiPolygon","coordinates":[[[[-87.66985845160173,41.78625632020708],[-87.66986122688647,41.78634278136506],[-87.66978054937192,41.786343687543734],[-87.66977777419557,41.786257226384606],[-87.66985845160173,41.78625632020708]]]]},"properties":{"no_stories":"0","suf_dir1":"","x_coord":"1165204.08319784","shape_area":"693.5","year_built":"1919","cdb_city_i":"","stories":"2","y_coord":"1865418.51661469","unit_name":"","qc_date":"2003-06-16T07:00:00.000Z","edit_date":null,"non_standa":"","label_hous":"1813","st_name1":"59TH","t_add1":"1813","z_coord":"0","qc_userid":"DS06284","qc_source":"PARCELS","orig_bldg_":"509896","footprint_":"AERIALS98","st_type1":"ST","bldg_statu":"ACTIVE","condition_":"2001-12-01T08:00:00.000Z","bldg_name2":"","bldg_activ":"1998-04-01T08:00:00.000Z","edit_useri":"","bldg_sq_fo":"1144.0","edit_sourc":"","f_add1":"1813","vacancy_st":"","bldg_creat":"1998-04-01T08:00:00.000Z","no_of_unit":"1","bldg_end_d":null,"bldg_id":"509896","create_use":"","demolished":null,"pre_dir1":"W","bldg_condi":"NEEDS MINOR REPAIR","bldg_name1":"","comments":"","shape_len":"107.043100207","harris_str":"02018403006000"}},{"type":"Feature","geometry":{"type":"MultiPolygon","coordinates":[[[[-87.66826688807612,41.78627593241104],[-87.66826808321244,41.78633768584884],[-87.66814340751412,41.78633833615575],[-87.66814221249746,41.78627658271752],[-87.66826688807612,41.78627593241104]]]]},"properties":{"no_stories":"0","suf_dir1":"","x_coord":"1165644.36435598","shape_area":"765.25","year_built":"0","cdb_city_i":"","stories":"0","y_coord":"1865423.96105914","unit_name":"","qc_date":null,"edit_date":null,"non_standa":"","label_hous":"0","st_name1":"","t_add1":"0","z_coord":"0","qc_userid":"","qc_source":"","orig_bldg_":"509883","footprint_":"AERIALS98","st_type1":"","bldg_statu":"ACTIVE","condition_":null,"bldg_name2":"","bldg_activ":"1998-04-01T08:00:00.000Z","edit_useri":"","bldg_sq_fo":"0.0","edit_sourc":"","f_add1":"0","vacancy_st":"","bldg_creat":"1998-04-01T08:00:00.000Z","no_of_unit":"0","bldg_end_d":null,"bldg_id":"509883","create_use":"","demolished":null,"pre_dir1":"","bldg_condi":"","bldg_name1":"","comments":"","shape_len":"113.018462283","harris_str":""}},{"type":"Feature","geometry":{"type":"MultiPolygon","coordinates":[[[[-87.67142637534263,41.786752476237396],[-87.67142868700775,41.786884215461555],[-87.67135167537079,41.786885143864204],[-87.67134936386338,41.78675340463967],[-87.67142637534263,41.786752476237396]]]]},"properties":{"no_stories":"0","suf_dir1":"","x_coord":"1164774.58353465","shape_area":"1008.5","year_built":"0","cdb_city_i":"","stories":"0","y_coord":"1865605.28513321","unit_name":"","qc_date":"2003-06-16T07:00:00.000Z","edit_date":null,"non_standa":"","label_hous":"1854","st_name1":"59TH","t_add1":"1854","z_coord":"0","qc_userid":"DS06284","qc_source":"PARCELS","orig_bldg_":"508411","footprint_":"AERIALS98","st_type1":"ST","bldg_statu":"ACTIVE","condition_":null,"bldg_name2":"","bldg_activ":"1998-04-01T08:00:00.000Z","edit_useri":"","bldg_sq_fo":"0.0","edit_sourc":"","f_add1":"1854","vacancy_st":"","bldg_creat":"1998-04-01T08:00:00.000Z","no_of_unit":"0","bldg_end_d":null,"bldg_id":"508411","create_use":"","demolished":null,"pre_dir1":"W","bldg_condi":"","bldg_name1":"","comments":"","shape_len":"138.032734148","harris_str":""}},{"type":"Feature","geometry":{"type":"MultiPolygon","coordinates":[[[[-87.67153982987254,41.78623857552539],[-87.67154927614588,41.78656794472925],[-87.67140075342513,41.786569833339684],[-87.67139928711872,41.786534149123376],[-87.6714139532337,41.786534233627535],[-87.67141245869351,41.78650129353833],[-87.67139411194529,41.78650255997126],[-87.67139302671859,41.7864298300371],[-87.67143153932115,41.786428679794554],[-87.6714301294521,41.786387507323134],[-87.6714502953144,41.78638762351012],[-87.67144758845609,41.78629430205744],[-87.671460421259,41.786294375992945],[-87.67145730512865,41.78624084438562],[-87.67153982987254,41.78623857552539]]]]},"properties":{"no_stories":"0","suf_dir1":"","x_coord":"1164748.6802039","shape_area":"3833.5","year_built":"1930","cdb_city_i":"","stories":"2","y_coord":"1865458.51044185","unit_name":"","qc_date":null,"edit_date":"2005-03-03T08:00:00.000Z","non_standa":"","label_hous":"1857","st_name1":"59TH","t_add1":"1857","z_coord":"0","qc_userid":"","qc_source":"","orig_bldg_":"509287","footprint_":"AERIALS98","st_type1":"ST","bldg_statu":"ACTIVE","condition_":"2001-12-01T08:00:00.000Z","bldg_name2":"","bldg_activ":"1998-04-01T08:00:00.000Z","edit_useri":"DS01228","bldg_sq_fo":"2700.0","edit_sourc":"PARCELS","f_add1":"1857","vacancy_st":"","bldg_creat":"1998-04-01T08:00:00.000Z","no_of_unit":"2","bldg_end_d":null,"bldg_id":"509287","create_use":"","demolished":null,"pre_dir1":"W","bldg_condi":"NEEDS MINOR REPAIR","bldg_name1":"","comments":"","shape_len":"331.69582016","harris_str":"02018402001000"}},{"type":"Feature","geometry":{"type":"MultiPolygon","coordinates":[[[[-87.67121364946046,41.78640135343025],[-87.67121735630293,41.78657563719903],[-87.67113117870674,41.78657651262596],[-87.6711274720977,41.78640222885612],[-87.67121364946046,41.78640135343025]]]]},"properties":{"no_stories":"0","suf_dir1":"","x_coord":"1164834.55258439","shape_area":"1493.0","year_built":"1899","cdb_city_i":"","stories":"2","y_coord":"1865486.49192334","unit_name":"","qc_date":"2003-06-16T07:00:00.000Z","edit_date":null,"non_standa":"","label_hous":"1849","st_name1":"59TH","t_add1":"1849","z_coord":"0","qc_userid":"DS06284","qc_source":"PARCELS","orig_bldg_":"509261","footprint_":"AERIALS98","st_type1":"ST","bldg_statu":"ACTIVE","condition_":"2001-12-01T08:00:00.000Z","bldg_name2":"","bldg_activ":"1998-04-01T08:00:00.000Z","edit_useri":"","bldg_sq_fo":"1400.0","edit_sourc":"","f_add1":"1849","vacancy_st":"","bldg_creat":"1998-04-01T08:00:00.000Z","no_of_unit":"1","bldg_end_d":null,"bldg_id":"509261","create_use":"","demolished":null,"pre_dir1":"W","bldg_condi":"NEEDS MINOR REPAIR","bldg_name1":"","comments":"","shape_len":"174.046065223","harris_str":"02018402003000"}},{"type":"Feature","geometry":{"type":"MultiPolygon","coordinates":[[[[-87.66998523783896,41.78640661616574],[-87.6700273886811,41.78640823169177],[-87.67003057434239,41.786454903011624],[-87.67005062708,41.78646599595028],[-87.67005713986931,41.78654561795552],[-87.66997644795725,41.786547896333126],[-87.66997364422406,41.78646417930624],[-87.66998842346958,41.78645328748656],[-87.66998523783896,41.78640661616574]]]]},"properties":{"no_stories":"0","suf_dir1":"","x_coord":"1165150.75974941","shape_area":"899.625","year_built":"1899","cdb_city_i":"","stories":"1","y_coord":"1865483.9703184","unit_name":"","qc_date":"2003-06-16T07:00:00.000Z","edit_date":null,"non_standa":"","label_hous":"1817","st_name1":"59TH","t_add1":"1817","z_coord":"0","qc_userid":"DS06284","qc_source":"PARCELS","orig_bldg_":"509327","footprint_":"AERIALS98","st_type1":"ST","bldg_statu":"ACTIVE","condition_":"2001-12-01T08:00:00.000Z","bldg_name2":"","bldg_activ":"1998-04-01T08:00:00.000Z","edit_useri":"","bldg_sq_fo":"952.0","edit_sourc":"","f_add1":"1817","vacancy_st":"","bldg_creat":"1998-04-01T08:00:00.000Z","no_of_unit":"1","bldg_end_d":null,"bldg_id":"509327","create_use":"","demolished":null,"pre_dir1":"W","bldg_condi":"NEEDS MINOR REPAIR","bldg_name1":"","comments":"","shape_len":"139.635214961","harris_str":"02018403004000"}},{"type":"Feature","geometry":{"type":"MultiPolygon","coordinates":[[[[-87.67079897168459,41.78607788074848],[-87.67080023988186,41.786132773862086],[-87.670598553828,41.78613435482455],[-87.6705972858028,41.78607946170999],[-87.67079897168459,41.78607788074848]]]]},"properties":{"no_stories":"0","suf_dir1":"","x_coord":"1164964.86349864","shape_area":"1100.5","year_built":"1911","cdb_city_i":"","stories":"1","y_coord":"1865345.33760235","unit_name":"","qc_date":"2003-06-16T07:00:00.000Z","edit_date":null,"non_standa":"","label_hous":"5916","st_name1":"HONORE","t_add1":"5916","z_coord":"0","qc_userid":"DS06284","qc_source":"PARCELS","orig_bldg_":"510567","footprint_":"AERIALS98","st_type1":"ST","bldg_statu":"ACTIVE","condition_":"2001-12-01T08:00:00.000Z","bldg_name2":"","bldg_activ":"1998-04-01T08:00:00.000Z","edit_useri":"","bldg_sq_fo":"1380.0","edit_sourc":"","f_add1":"5916","vacancy_st":"","bldg_creat":"1998-04-01T08:00:00.000Z","no_of_unit":"1","bldg_end_d":null,"bldg_id":"510567","create_use":"","demolished":null,"pre_dir1":"S","bldg_condi":"SOUND","bldg_name1":"","comments":"","shape_len":"150.030678363","harris_str":"02018402029000"}},{"type":"Feature","geometry":{"type":"MultiPolygon","coordinates":[[[[-87.66845416819767,41.78642658024856],[-87.66845636036146,41.78656929599776],[-87.66837201602736,41.78657017996472],[-87.66836799079044,41.78642745360383],[-87.66845416819767,41.78642658024856]]]]},"properties":{"no_stories":"0","suf_dir1":"","x_coord":"1165587.19420555","shape_area":"1209.625","year_built":"1904","cdb_city_i":"","stories":"2","y_coord":"1865495.03204679","unit_name":"","qc_date":"2003-06-16T07:00:00.000Z","edit_date":null,"non_standa":"","label_hous":"1741","st_name1":"59TH","t_add1":"1741","z_coord":"0","qc_userid":"DS06284","qc_source":"PARCELS","orig_bldg_":"509221","footprint_":"AERIALS98","st_type1":"ST","bldg_statu":"ACTIVE","condition_":"2001-12-01T08:00:00.000Z","bldg_name2":"","bldg_activ":"1998-04-01T08:00:00.000Z","edit_useri":"","bldg_sq_fo":"882.0","edit_sourc":"","f_add1":"1741","vacancy_st":"","bldg_creat":"1998-04-01T08:00:00.000Z","no_of_unit":"1","bldg_end_d":null,"bldg_id":"509221","create_use":"","demolished":null,"pre_dir1":"W","bldg_condi":"SOUND","bldg_name1":"","comments":"","shape_len":"150.5419973","harris_str":"02018404008000"}},{"type":"Feature","geometry":{"type":"MultiPolygon","coordinates":[[[[-87.67150492867408,41.7860668563393],[-87.67150618336225,41.7861231215133],[-87.67130448322436,41.78612607577916],[-87.67130322871256,41.786069810604275],[-87.67150492867408,41.7860668563393]]]]},"properties":{"no_stories":"0","suf_dir1":"","x_coord":"1164772.3627835","shape_area":"1128.25","year_built":"1914","cdb_city_i":"","stories":"2","y_coord":"1865340.39933074","unit_name":"","qc_date":"2003-06-16T07:00:00.000Z","edit_date":null,"non_standa":"","label_hous":"5917","st_name1":"WOLCOTT","t_add1":"5917","z_coord":"0","qc_userid":"DS06284","qc_source":"PARCELS","orig_bldg_":"510607","footprint_":"AERIALS98","st_type1":"AVE","bldg_statu":"ACTIVE","condition_":"2001-12-01T08:00:00.000Z","bldg_name2":"","bldg_activ":"1998-04-01T08:00:00.000Z","edit_useri":"","bldg_sq_fo":"1641.0","edit_sourc":"","f_add1":"5917","vacancy_st":"","bldg_creat":"1998-04-01T08:00:00.000Z","no_of_unit":"1","bldg_end_d":null,"bldg_id":"510607","create_use":"","demolished":null,"pre_dir1":"S","bldg_condi":"NEEDS MINOR REPAIR","bldg_name1":"","comments":"","shape_len":"151.053094795","harris_str":"02018402011000"}},{"type":"Feature","geometry":{"type":"MultiPolygon","coordinates":[[[[-87.66881354389353,41.786423171016786],[-87.66881737175471,41.78658510624941],[-87.66873669393112,41.786586011692656],[-87.66873286627298,41.78642407645884],[-87.66881354389353,41.786423171016786]]]]},"properties":{"no_stories":"0","suf_dir1":"","x_coord":"1165488.30252877","shape_area":"1298.75","year_built":"1904","cdb_city_i":"","stories":"2","y_coord":"1865496.96414556","unit_name":"","qc_date":"2003-06-16T07:00:00.000Z","edit_date":null,"non_standa":"","label_hous":"1749","st_name1":"59TH","t_add1":"1749","z_coord":"0","qc_userid":"DS06284","qc_source":"PARCELS","orig_bldg_":"509180","footprint_":"AERIALS98","st_type1":"ST","bldg_statu":"ACTIVE","condition_":"2001-12-01T08:00:00.000Z","bldg_name2":"","bldg_activ":"1998-04-01T08:00:00.000Z","edit_useri":"","bldg_sq_fo":"882.0","edit_sourc":"","f_add1":"1749","vacancy_st":"","bldg_creat":"1998-04-01T08:00:00.000Z","no_of_unit":"1","bldg_end_d":null,"bldg_id":"509180","create_use":"","demolished":null,"pre_dir1":"W","bldg_condi":"NEEDS MINOR REPAIR","bldg_name1":"","comments":"","shape_len":"162.049491602","harris_str":"02018404004000"}},{"type":"Feature","geometry":{"type":"MultiPolygon","coordinates":[[[[-87.66961541337814,41.78600106950695],[-87.66961673717117,41.78605047437417],[-87.66958189127038,41.786051645193936],[-87.66958169313804,41.78607085407868],[-87.66939650653033,41.7860725282592],[-87.6693953952501,41.7860025424435],[-87.66961541337814,41.78600106950695]]]]},"properties":{"no_stories":"0","suf_dir1":"","x_coord":"1165290.30302348","shape_area":"1458.75","year_built":"1961","cdb_city_i":"","stories":"1","y_coord":"1865322.92710854","unit_name":"","qc_date":"2003-06-16T07:00:00.000Z","edit_date":null,"non_standa":"","label_hous":"5918","st_name1":"WOOD","t_add1":"5918","z_coord":"0","qc_userid":"DS06284","qc_source":"PARCELS","orig_bldg_":"510737","footprint_":"AERIALS98","st_type1":"ST","bldg_statu":"ACTIVE","condition_":"2001-12-01T08:00:00.000Z","bldg_name2":"","bldg_activ":"1998-04-01T08:00:00.000Z","edit_useri":"","bldg_sq_fo":"1152.0","edit_sourc":"","f_add1":"5918","vacancy_st":"","bldg_creat":"1998-04-01T08:00:00.000Z","no_of_unit":"1","bldg_end_d":null,"bldg_id":"510737","create_use":"","demolished":null,"pre_dir1":"S","bldg_condi":"SOUND","bldg_name1":"","comments":"","shape_len":"170.543226165","harris_str":"02018403046000"}},{"type":"Feature","geometry":{"type":"MultiPolygon","coordinates":[[[[-87.66889944640485,41.78627135980097],[-87.66890061381434,41.78633585736255],[-87.66882360281927,41.78633678407501],[-87.66882060223104,41.786272275909006],[-87.66889944640485,41.78627135980097]]]]},"properties":{"no_stories":"0","suf_dir1":"","x_coord":"1165465.4762843","shape_area":"499.75","year_built":"0","cdb_city_i":"","stories":"0","y_coord":"1865421.52278753","unit_name":"","qc_date":null,"edit_date":null,"non_standa":"","label_hous":"0","st_name1":"","t_add1":"0","z_coord":"0","qc_userid":"","qc_source":"","orig_bldg_":"509901","footprint_":"AERIALS98","st_type1":"","bldg_statu":"ACTIVE","condition_":null,"bldg_name2":"","bldg_activ":"1998-04-01T08:00:00.000Z","edit_useri":"","bldg_sq_fo":"0.0","edit_sourc":"","f_add1":"0","vacancy_st":"","bldg_creat":"1998-04-01T08:00:00.000Z","no_of_unit":"0","bldg_end_d":null,"bldg_id":"509901","create_use":"","demolished":null,"pre_dir1":"","bldg_condi":"","bldg_name1":"","comments":"","shape_len":"89.538350225","harris_str":""}},{"type":"Feature","geometry":{"type":"MultiPolygon","coordinates":[[[[-87.67082561497605,41.78580497753958],[-87.67082688319368,41.7858598706556],[-87.67058668572145,41.78586260164581],[-87.67058541770872,41.785807708528644],[-87.67082561497605,41.78580497753958]]]]},"properties":{"no_stories":"0","suf_dir1":"","x_coord":"1164963.61272704","shape_area":"1310.75","year_built":"1914","cdb_city_i":"","stories":"1","y_coord":"1865246.11846654","unit_name":"","qc_date":"2003-06-16T07:00:00.000Z","edit_date":null,"non_standa":"","label_hous":"5926","st_name1":"HONORE","t_add1":"5926","z_coord":"0","qc_userid":"DS06284","qc_source":"PARCELS","orig_bldg_":"511395","footprint_":"AERIALS98","st_type1":"ST","bldg_statu":"ACTIVE","condition_":"2001-12-01T08:00:00.000Z","bldg_name2":"","bldg_activ":"1998-04-01T08:00:00.000Z","edit_useri":"","bldg_sq_fo":"1000.0","edit_sourc":"","f_add1":"5926","vacancy_st":"","bldg_creat":"1998-04-01T08:00:00.000Z","no_of_unit":"1","bldg_end_d":null,"bldg_id":"511395","create_use":"","demolished":null,"pre_dir1":"S","bldg_condi":"SOUND","bldg_name1":"","comments":"","shape_len":"171.04684469","harris_str":"02018402033000"}},{"type":"Feature","geometry":{"type":"MultiPolygon","coordinates":[[[[-87.67028856449117,41.78614903185165],[-87.67028978984172,41.78620804115713],[-87.67012476864394,41.7862098328956],[-87.67012354344475,41.78615082358948],[-87.67028856449117,41.78614903185165]]]]},"properties":{"no_stories":"0","suf_dir1":"","x_coord":"1165098.86360631","shape_area":"968.0","year_built":"1911","cdb_city_i":"","stories":"1","y_coord":"1865373.18019494","unit_name":"","qc_date":"2003-06-16T07:00:00.000Z","edit_date":null,"non_standa":"","label_hous":"5915","st_name1":"HONORE","t_add1":"5915","z_coord":"0","qc_userid":"DS06284","qc_source":"PARCELS","orig_bldg_":"510294","footprint_":"AERIALS98","st_type1":"ST","bldg_statu":"ACTIVE","condition_":"2001-12-01T08:00:00.000Z","bldg_name2":"","bldg_activ":"1998-04-01T08:00:00.000Z","edit_useri":"","bldg_sq_fo":"760.0","edit_sourc":"","f_add1":"5915","vacancy_st":"","bldg_creat":"1998-04-01T08:00:00.000Z","no_of_unit":"1","bldg_end_d":null,"bldg_id":"510294","create_use":"","demolished":null,"pre_dir1":"S","bldg_condi":"SOUND","bldg_name1":"","comments":"","shape_len":"133.033845815","harris_str":"02018403011000"}},{"type":"Feature","geometry":{"type":"MultiPolygon","coordinates":[[[[-87.67029800392429,41.78594463672811],[-87.67029925755598,41.7860009019088],[-87.6700884056709,41.786002429075275],[-87.6700871380821,41.78594753595701],[-87.67029800392429,41.78594463672811]]]]},"properties":{"no_stories":"0","suf_dir1":"","x_coord":"1165103.1164091","shape_area":"1165.0","year_built":"1909","cdb_city_i":"","stories":"1","y_coord":"1865298.11846655","unit_name":"","qc_date":"2003-06-16T07:00:00.000Z","edit_date":null,"non_standa":"","label_hous":"5923","st_name1":"HONORE","t_add1":"5923","z_coord":"0","qc_userid":"DS06284","qc_source":"PARCELS","orig_bldg_":"510957","footprint_":"AERIALS98","st_type1":"ST","bldg_statu":"ACTIVE","condition_":"2001-12-01T08:00:00.000Z","bldg_name2":"","bldg_activ":"1998-04-01T08:00:00.000Z","edit_useri":"","bldg_sq_fo":"840.0","edit_sourc":"","f_add1":"5923","vacancy_st":"","bldg_creat":"1998-04-01T08:00:00.000Z","no_of_unit":"1","bldg_end_d":null,"bldg_id":"510957","create_use":"","demolished":null,"pre_dir1":"S","bldg_condi":"SOUND","bldg_name1":"","comments":"","shape_len":"155.540602563","harris_str":"02018403014000"}},{"type":"Feature","geometry":{"type":"MultiPolygon","coordinates":[[[[-87.67080407906322,41.78593795141169],[-87.67080530488505,41.78599696071724],[-87.67059261976405,41.78599847823684],[-87.67059138000654,41.785940840993966],[-87.67080407906322,41.78593795141169]]]]},"properties":{"no_stories":"0","suf_dir1":"","x_coord":"1164965.36633641","shape_area":"1233.125","year_built":"1914","cdb_city_i":"","stories":"1","y_coord":"1865295.18019494","unit_name":"","qc_date":"2003-06-16T07:00:00.000Z","edit_date":null,"non_standa":"","label_hous":"5922","st_name1":"HONORE","t_add1":"5922","z_coord":"0","qc_userid":"DS06284","qc_source":"PARCELS","orig_bldg_":"510977","footprint_":"AERIALS98","st_type1":"ST","bldg_statu":"ACTIVE","condition_":"2001-12-01T08:00:00.000Z","bldg_name2":"","bldg_activ":"1998-04-01T08:00:00.000Z","edit_useri":"","bldg_sq_fo":"840.0","edit_sourc":"","f_add1":"5922","vacancy_st":"","bldg_creat":"1998-04-01T08:00:00.000Z","no_of_unit":"1","bldg_end_d":null,"bldg_id":"510977","create_use":"","demolished":null,"pre_dir1":"S","bldg_condi":"NEEDS MAJOR REPAIR","bldg_name1":"","comments":"","shape_len":"158.539778064","harris_str":"02018402031000"}},{"type":"Feature","geometry":{"type":"MultiPolygon","coordinates":[[[[-87.67103198721529,41.786416772008],[-87.67103305791227,41.78649087400628],[-87.67102389159727,41.78649082116105],[-87.67102348206537,41.78653061100225],[-87.67103264838603,41.78653066384754],[-87.67103404388104,41.78657320838448],[-87.6709441997567,41.78657406253314],[-87.67094031004852,41.786417615586245],[-87.67103198721529,41.786416772008]]]]},"properties":{"no_stories":"0","suf_dir1":"","x_coord":"1164886.22749313","shape_area":"1372.25","year_built":"1928","cdb_city_i":"","stories":"2","y_coord":"1865488.84068877","unit_name":"","qc_date":null,"edit_date":"2005-03-03T08:00:00.000Z","non_standa":"","label_hous":"1843","st_name1":"59TH","t_add1":"1843","z_coord":"0","qc_userid":"","qc_source":"","orig_bldg_":"509263","footprint_":"AERIALS98","st_type1":"ST","bldg_statu":"ACTIVE","condition_":"2001-12-01T08:00:00.000Z","bldg_name2":"","bldg_activ":"1998-04-01T08:00:00.000Z","edit_useri":"DS01228","bldg_sq_fo":"2200.0","edit_sourc":"PARCELS","f_add1":"1843","vacancy_st":"","bldg_creat":"1998-04-01T08:00:00.000Z","no_of_unit":"2","bldg_end_d":null,"bldg_id":"509263","create_use":"","demolished":null,"pre_dir1":"W","bldg_condi":"NEEDS MINOR REPAIR","bldg_name1":"","comments":"","shape_len":"168.542526088","harris_str":"02018402005000"}},{"type":"Feature","geometry":{"type":"MultiPolygon","coordinates":[[[[-87.66947010591305,41.78640226837316],[-87.66947407697478,41.786550482966014],[-87.6693970657261,41.786551410061065],[-87.66939309484177,41.786403195466875],[-87.66947010591305,41.78640226837316]]]]},"properties":{"no_stories":"0","suf_dir1":"","x_coord":"1165308.80245612","shape_area":"1134.75","year_built":"1974","cdb_city_i":"","stories":"1","y_coord":"1865485.15550358","unit_name":"","qc_date":"2003-06-16T07:00:00.000Z","edit_date":null,"non_standa":"","label_hous":"1801","st_name1":"59TH","t_add1":"1801","z_coord":"0","qc_userid":"DS06284","qc_source":"PARCELS","orig_bldg_":"509310","footprint_":"AERIALS98","st_type1":"ST","bldg_statu":"ACTIVE","condition_":"2001-12-01T08:00:00.000Z","bldg_name2":"","bldg_activ":"1998-04-01T08:00:00.000Z","edit_useri":"","bldg_sq_fo":"969.0","edit_sourc":"","f_add1":"1801","vacancy_st":"","bldg_creat":"1998-04-01T08:00:00.000Z","no_of_unit":"1","bldg_end_d":null,"bldg_id":"509310","create_use":"","demolished":null,"pre_dir1":"W","bldg_condi":"SOUND","bldg_name1":"","comments":"","shape_len":"150.053561707","harris_str":"02018403010000"}},{"type":"Feature","geometry":{"type":"MultiPolygon","coordinates":[[[[-87.67134485041774,41.78683570732229],[-87.67135134904737,41.78709508013842],[-87.67116799278111,41.78709676771731],[-87.67116332816354,41.78683740546322],[-87.67134485041774,41.78683570732229]]]]},"properties":{"no_stories":"0","suf_dir1":"","x_coord":"1164810.12922469","shape_area":"4703.625","year_built":"1961","cdb_city_i":"","stories":"1","y_coord":"1865662.18636778","unit_name":"","qc_date":null,"edit_date":null,"non_standa":"","label_hous":"1852","st_name1":"59TH","t_add1":"1852","z_coord":"0","qc_userid":"","qc_source":"","orig_bldg_":"507598","footprint_":"AERIALS98","st_type1":"ST","bldg_statu":"ACTIVE","condition_":"2001-12-01T08:00:00.000Z","bldg_name2":"","bldg_activ":"1998-04-01T08:00:00.000Z","edit_useri":"","bldg_sq_fo":"4300.0","edit_sourc":"","f_add1":"1852","vacancy_st":"","bldg_creat":"1998-04-01T08:00:00.000Z","no_of_unit":"0","bldg_end_d":null,"bldg_id":"507598","create_use":"","demolished":null,"pre_dir1":"W","bldg_condi":"NEEDS MINOR REPAIR","bldg_name1":"","comments":"","shape_len":"288.574323631","harris_str":"02018226031000"}},{"type":"Feature","geometry":{"type":"MultiPolygon","coordinates":[[[[-87.66935402312566,41.786280848754224],[-87.66939252151018,41.78628107125792],[-87.66939553682867,41.78634420734997],[-87.66935702424912,41.78634535691008],[-87.66935402312566,41.786280848754224]]]]},"properties":{"no_stories":"0","suf_dir1":"","x_coord":"1165325.32807191","shape_area":"244.375","year_built":"0","cdb_city_i":"","stories":"0","y_coord":"1865423.74192334","unit_name":"","qc_date":null,"edit_date":null,"non_standa":"","label_hous":"0","st_name1":"","t_add1":"0","z_coord":"0","qc_userid":"","qc_source":"","orig_bldg_":"509887","footprint_":"AERIALS98","st_type1":"","bldg_statu":"ACTIVE","condition_":null,"bldg_name2":"","bldg_activ":"1998-04-01T08:00:00.000Z","edit_useri":"","bldg_sq_fo":"0.0","edit_sourc":"","f_add1":"0","vacancy_st":"","bldg_creat":"1998-04-01T08:00:00.000Z","no_of_unit":"0","bldg_end_d":null,"bldg_id":"509887","create_use":"","demolished":null,"pre_dir1":"","bldg_condi":"","bldg_name1":"","comments":"","shape_len":"67.5548938599","harris_str":""}},{"type":"Feature","geometry":{"type":"MultiPolygon","coordinates":[[[[-87.6697963874729,41.78587450544725],[-87.66979931828823,41.78594587391561],[-87.66970764178902,41.78594671651494],[-87.66970654432033,41.78587535863502],[-87.6697963874729,41.78587450544725]]]]},"properties":{"no_stories":"0","suf_dir1":"","x_coord":"1165223.4713156","shape_area":"643.875","year_built":"0","cdb_city_i":"","stories":"0","y_coord":"1865276.42710852","unit_name":"","qc_date":null,"edit_date":null,"non_standa":"","label_hous":"0","st_name1":"","t_add1":"0","z_coord":"0","qc_userid":"","qc_source":"","orig_bldg_":"511131","footprint_":"AERIALS98","st_type1":"","bldg_statu":"ACTIVE","condition_":null,"bldg_name2":"","bldg_activ":"1998-04-01T08:00:00.000Z","edit_useri":"","bldg_sq_fo":"0.0","edit_sourc":"","f_add1":"0","vacancy_st":"","bldg_creat":"1998-04-01T08:00:00.000Z","no_of_unit":"0","bldg_end_d":null,"bldg_id":"511131","create_use":"","demolished":null,"pre_dir1":"","bldg_condi":"","bldg_name1":"","comments":"","shape_len":"101.53413192","harris_str":""}},{"type":"Feature","geometry":{"type":"MultiPolygon","coordinates":[[[[-87.6683374550729,41.78601151694828],[-87.66833906146071,41.786033480565926],[-87.66836474112463,41.786032257066324],[-87.6683661915617,41.786069313375016],[-87.66817733845228,41.78607096436703],[-87.66817610085793,41.78601332711453],[-87.6683374550729,41.78601151694828]]]]},"properties":{"no_stories":"0","suf_dir1":"","x_coord":"1165627.17072805","shape_area":"1027.625","year_built":"1909","cdb_city_i":"","stories":"2","y_coord":"1865326.89933073","unit_name":"","qc_date":"2003-06-16T07:00:00.000Z","edit_date":null,"non_standa":"","label_hous":"5920","st_name1":"HERMITAGE","t_add1":"5920","z_coord":"0","qc_userid":"DS06284","qc_source":"PARCELS","orig_bldg_":"510722","footprint_":"AERIALS98","st_type1":"AVE","bldg_statu":"ACTIVE","condition_":"2001-12-01T08:00:00.000Z","bldg_name2":"","bldg_activ":"1998-04-01T08:00:00.000Z","edit_useri":"","bldg_sq_fo":"1260.0","edit_sourc":"","f_add1":"5920","vacancy_st":"","bldg_creat":"1998-04-01T08:00:00.000Z","no_of_unit":"1","bldg_end_d":null,"bldg_id":"510722","create_use":"","demolished":null,"pre_dir1":"S","bldg_condi":"NEEDS MINOR REPAIR","bldg_name1":"","comments":"","shape_len":"145.069721811","harris_str":"02018404031000"}},{"type":"Feature","geometry":{"type":"MultiPolygon","coordinates":[[[[-87.66959059812214,41.78627398298002],[-87.66959179452897,41.786335736413314],[-87.66951661679605,41.78633667418236],[-87.66951542046138,41.786274920748816],[-87.66959059812214,41.78627398298002]]]]},"properties":{"no_stories":"0","suf_dir1":"","x_coord":"1165276.61435598","shape_area":"461.5","year_built":"0","cdb_city_i":"","stories":"0","y_coord":"1865420.46105914","unit_name":"","qc_date":null,"edit_date":null,"non_standa":"","label_hous":"0","st_name1":"","t_add1":"0","z_coord":"0","qc_userid":"","qc_source":"","orig_bldg_":"509912","footprint_":"AERIALS98","st_type1":"","bldg_statu":"ACTIVE","condition_":null,"bldg_name2":"","bldg_activ":"1998-04-01T08:00:00.000Z","edit_useri":"","bldg_sq_fo":"0.0","edit_sourc":"","f_add1":"0","vacancy_st":"","bldg_creat":"1998-04-01T08:00:00.000Z","no_of_unit":"0","bldg_end_d":null,"bldg_id":"509912","create_use":"","demolished":null,"pre_dir1":"","bldg_condi":"","bldg_name1":"","comments":"","shape_len":"86.0233030485","harris_str":""}},{"type":"Feature","geometry":{"type":"MultiPolygon","coordinates":[[[[-87.66875879930926,41.785865763499956],[-87.66876002325473,41.78592477281441],[-87.66867566559526,41.785927029073584],[-87.6686744558987,41.78586664769581],[-87.66875879930926,41.785865763499956]]]]},"properties":{"no_stories":"0","suf_dir1":"","x_coord":"1165505.86100031","shape_area":"500.625","year_built":"0","cdb_city_i":"","stories":"0","y_coord":"1865273.18019494","unit_name":"","qc_date":null,"edit_date":null,"non_standa":"","label_hous":"0","st_name1":"","t_add1":"0","z_coord":"0","qc_userid":"","qc_source":"","orig_bldg_":"511171","footprint_":"AERIALS98","st_type1":"","bldg_statu":"ACTIVE","condition_":null,"bldg_name2":"","bldg_activ":"1998-04-01T08:00:00.000Z","edit_useri":"","bldg_sq_fo":"0.0","edit_sourc":"","f_add1":"0","vacancy_st":"","bldg_creat":"1998-04-01T08:00:00.000Z","no_of_unit":"0","bldg_end_d":null,"bldg_id":"511171","create_use":"","demolished":null,"pre_dir1":"","bldg_condi":"","bldg_name1":"","comments":"","shape_len":"89.5386572594","harris_str":""}},{"type":"Feature","geometry":{"type":"MultiPolygon","coordinates":[[[[-87.67080888662605,41.7860052142435],[-87.67081011245277,41.78606422354834],[-87.67059376060797,41.78606571992349],[-87.67059252084894,41.78600808268128],[-87.67080888662605,41.7860052142435]]]]},"properties":{"no_stories":"0","suf_dir1":"","x_coord":"1164964.36633641","shape_area":"1254.375","year_built":"1914","cdb_city_i":"","stories":"1","y_coord":"1865319.68019495","unit_name":"","qc_date":"2003-06-16T07:00:00.000Z","edit_date":null,"non_standa":"","label_hous":"5920","st_name1":"HONORE","t_add1":"5920","z_coord":"0","qc_userid":"DS06284","qc_source":"PARCELS","orig_bldg_":"510777","footprint_":"AERIALS98","st_type1":"ST","bldg_statu":"ACTIVE","condition_":"2001-12-01T08:00:00.000Z","bldg_name2":"","bldg_activ":"1998-04-01T08:00:00.000Z","edit_useri":"","bldg_sq_fo":"840.0","edit_sourc":"","f_add1":"5920","vacancy_st":"","bldg_creat":"1998-04-01T08:00:00.000Z","no_of_unit":"1","bldg_end_d":null,"bldg_id":"510777","create_use":"","demolished":null,"pre_dir1":"S","bldg_condi":"SOUND","bldg_name1":"","comments":"","shape_len":"160.539303389","harris_str":"02018402030000"}},{"type":"Feature","geometry":{"type":"MultiPolygon","coordinates":[[[[-87.67115294667323,41.78588644917801],[-87.67115438459545,41.78592487752771],[-87.67107920735216,41.78592581632306],[-87.67107776947482,41.78588738797275],[-87.67115294667323,41.78588644917801]]]]},"properties":{"no_stories":"0","suf_dir1":"","x_coord":"1164851.61393956","shape_area":"287.25","year_built":"0","cdb_city_i":"","stories":"0","y_coord":"1865271.18636778","unit_name":"","qc_date":null,"edit_date":null,"non_standa":"","label_hous":"0","st_name1":"","t_add1":"0","z_coord":"0","qc_userid":"","qc_source":"","orig_bldg_":"511210","footprint_":"AERIALS98","st_type1":"","bldg_statu":"ACTIVE","condition_":null,"bldg_name2":"","bldg_activ":"1998-04-01T08:00:00.000Z","edit_useri":"","bldg_sq_fo":"0.0","edit_sourc":"","f_add1":"0","vacancy_st":"","bldg_creat":"1998-04-01T08:00:00.000Z","no_of_unit":"0","bldg_end_d":null,"bldg_id":"511210","create_use":"","demolished":null,"pre_dir1":"","bldg_condi":"","bldg_name1":"","comments":"","shape_len":"69.0300447611","harris_str":""}},{"type":"Feature","geometry":{"type":"MultiPolygon","coordinates":[[[[-87.66839277427155,41.78580327111955],[-87.66839398370334,41.78586365249903],[-87.66818495133033,41.7858665588486],[-87.66818374209468,41.785806177468395],[-87.66839277427155,41.78580327111955]]]]},"properties":{"no_stories":"0","suf_dir1":"","x_coord":"1165622.86293748","shape_area":"1254.75","year_built":"1909","cdb_city_i":"","stories":"2","y_coord":"1865251.74192334","unit_name":"","qc_date":"2003-06-16T07:00:00.000Z","edit_date":null,"non_standa":"","label_hous":"5928","st_name1":"HERMITAGE","t_add1":"5928","z_coord":"0","qc_userid":"DS06284","qc_source":"PARCELS","orig_bldg_":"511340","footprint_":"AERIALS98","st_type1":"AVE","bldg_statu":"ACTIVE","condition_":"2001-12-01T08:00:00.000Z","bldg_name2":"","bldg_activ":"1998-04-01T08:00:00.000Z","edit_useri":"","bldg_sq_fo":"1008.0","edit_sourc":"","f_add1":"5928","vacancy_st":"","bldg_creat":"1998-04-01T08:00:00.000Z","no_of_unit":"1","bldg_end_d":null,"bldg_id":"511340","create_use":"","demolished":null,"pre_dir1":"S","bldg_condi":"NEEDS MINOR REPAIR","bldg_name1":"","comments":"","shape_len":"158.050829022","harris_str":"02018404034000"}},{"type":"Feature","geometry":{"type":"MultiPolygon","coordinates":[[[[-87.6685813054586,41.78601018394478],[-87.66858257176317,41.786065077069736],[-87.66850372784045,41.78606599296213],[-87.66850429485154,41.78601111044604],[-87.6685813054586,41.78601018394478]]]]},"properties":{"no_stories":"0","suf_dir1":"","x_coord":"1165553.00196315","shape_area":"425.125","year_built":"0","cdb_city_i":"","stories":"0","y_coord":"1865325.05673815","unit_name":"","qc_date":null,"edit_date":null,"non_standa":"","label_hous":"0","st_name1":"","t_add1":"0","z_coord":"0","qc_userid":"","qc_source":"","orig_bldg_":"510741","footprint_":"AERIALS98","st_type1":"","bldg_statu":"ACTIVE","condition_":null,"bldg_name2":"","bldg_activ":"1998-04-01T08:00:00.000Z","edit_useri":"","bldg_sq_fo":"0.0","edit_sourc":"","f_add1":"0","vacancy_st":"","bldg_creat":"1998-04-01T08:00:00.000Z","no_of_unit":"0","bldg_end_d":null,"bldg_id":"510741","create_use":"","demolished":null,"pre_dir1":"","bldg_condi":"","bldg_name1":"","comments":"","shape_len":"82.5180137289","harris_str":""}},{"type":"Feature","geometry":{"type":"MultiPolygon","coordinates":[[[[-87.66962188957112,41.78590642891819],[-87.66962307185432,41.785969554418486],[-87.66939937318273,41.78597237824385],[-87.66939819111897,41.78590925274287],[-87.66962188957112,41.78590642891819]]]]},"properties":{"no_stories":"0","suf_dir1":"","x_coord":"1165289.36302897","shape_area":"1403.75","year_built":"1911","cdb_city_i":"","stories":"2","y_coord":"1865287.30365174","unit_name":"","qc_date":"2003-06-16T07:00:00.000Z","edit_date":null,"non_standa":"","label_hous":"5920","st_name1":"WOOD","t_add1":"5920","z_coord":"0","qc_userid":"DS06284","qc_source":"PARCELS","orig_bldg_":"511042","footprint_":"AERIALS98","st_type1":"ST","bldg_statu":"ACTIVE","condition_":"2001-12-01T08:00:00.000Z","bldg_name2":"","bldg_activ":"1998-04-01T08:00:00.000Z","edit_useri":"","bldg_sq_fo":"2386.0","edit_sourc":"","f_add1":"5920","vacancy_st":"","bldg_creat":"1998-04-01T08:00:00.000Z","no_of_unit":"1","bldg_end_d":null,"bldg_id":"511042","create_use":"","demolished":null,"pre_dir1":"S","bldg_condi":"NEEDS MAJOR REPAIR","bldg_name1":"","comments":"","shape_len":"168.047747953","harris_str":"02018403047001"}},{"type":"Feature","geometry":{"type":"MultiPolygon","coordinates":[[[[-87.66825572231593,41.78646934019356],[-87.66825694580429,41.786528349503925],[-87.66826784611862,41.7865380176221],[-87.66827444178954,41.786609407335234],[-87.66817358383138,41.78661156770045],[-87.66815358810867,41.78659498618576],[-87.66814935060978,41.78647284076187],[-87.66825572231593,41.78646934019356]]]]},"properties":{"no_stories":"0","suf_dir1":"","x_coord":"1165642.26696733","shape_area":"1548.5","year_built":"1909","cdb_city_i":"","stories":"2","y_coord":"1865510.7511826","unit_name":"","qc_date":"2003-06-16T07:00:00.000Z","edit_date":null,"non_standa":"","label_hous":"1735","st_name1":"59TH","t_add1":"1735","z_coord":"0","qc_userid":"DS06284","qc_source":"PARCELS","orig_bldg_":"509112","footprint_":"AERIALS98","st_type1":"ST","bldg_statu":"ACTIVE","condition_":"2001-12-01T08:00:00.000Z","bldg_name2":"","bldg_activ":"1998-04-01T08:00:00.000Z","edit_useri":"","bldg_sq_fo":"1300.0","edit_sourc":"","f_add1":"1735","vacancy_st":"","bldg_creat":"1998-04-01T08:00:00.000Z","no_of_unit":"1","bldg_end_d":null,"bldg_id":"509112","create_use":"","demolished":null,"pre_dir1":"W","bldg_condi":"NEEDS MINOR REPAIR","bldg_name1":"","comments":"","shape_len":"161.41402204","harris_str":"02018404010000"}},{"type":"Feature","geometry":{"type":"MultiPolygon","coordinates":[[[[-87.66841660104613,41.78615879456979],[-87.66841771126218,41.786228780385336],[-87.66819034515773,41.78623158062794],[-87.668189235189,41.786161594812036],[-87.66841660104613,41.78615879456979]]]]},"properties":{"no_stories":"0","suf_dir1":"","x_coord":"1165617.86322631","shape_area":"1581.75","year_built":"1899","cdb_city_i":"","stories":"2","y_coord":"1865383.20797272","unit_name":"","qc_date":"2003-06-16T07:00:00.000Z","edit_date":null,"non_standa":"","label_hous":"5916","st_name1":"HERMITAGE","t_add1":"5916","z_coord":"0","qc_userid":"DS06284","qc_source":"PARCELS","orig_bldg_":"510197","footprint_":"AERIALS98","st_type1":"AVE","bldg_statu":"ACTIVE","condition_":"2001-12-01T08:00:00.000Z","bldg_name2":"","bldg_activ":"1998-04-01T08:00:00.000Z","edit_useri":"","bldg_sq_fo":"1315.0","edit_sourc":"","f_add1":"5916","vacancy_st":"","bldg_creat":"1998-04-01T08:00:00.000Z","no_of_unit":"1","bldg_end_d":null,"bldg_id":"510197","create_use":"","demolished":null,"pre_dir1":"S","bldg_condi":"NEEDS MINOR REPAIR","bldg_name1":"","comments":"","shape_len":"175.046087993","harris_str":"02018404029000"}},{"type":"Feature","geometry":{"type":"MultiPolygon","coordinates":[[[[-87.67029843760933,41.78608048158605],[-87.67029966296843,41.78613949089218],[-87.67007963022404,41.78614233719919],[-87.67007840506672,41.7860833278922],[-87.67029843760933,41.78608048158605]]]]},"properties":{"no_stories":"0","suf_dir1":"","x_coord":"1165103.86288854","shape_area":"1290.75","year_built":"1911","cdb_city_i":"","stories":"1","y_coord":"1865348.46105914","unit_name":"","qc_date":"2003-06-16T07:00:00.000Z","edit_date":null,"non_standa":"","label_hous":"5917","st_name1":"HONORE","t_add1":"5917","z_coord":"0","qc_userid":"DS06284","qc_source":"PARCELS","orig_bldg_":"510530","footprint_":"AERIALS98","st_type1":"ST","bldg_statu":"ACTIVE","condition_":"2001-12-01T08:00:00.000Z","bldg_name2":"","bldg_activ":"1998-04-01T08:00:00.000Z","edit_useri":"","bldg_sq_fo":"840.0","edit_sourc":"","f_add1":"5917","vacancy_st":"","bldg_creat":"1998-04-01T08:00:00.000Z","no_of_unit":"1","bldg_end_d":null,"bldg_id":"510530","create_use":"","demolished":null,"pre_dir1":"S","bldg_condi":"SOUND","bldg_name1":"","comments":"","shape_len":"163.049120478","harris_str":"02018403012000"}},{"type":"Feature","geometry":{"type":"MultiPolygon","coordinates":[[[[-87.67150818715851,41.78592828846224],[-87.67150942773723,41.7859859257013],[-87.67129674265244,41.785987444524906],[-87.67129548814854,41.78593117934865],[-87.67150818715851,41.78592828846224]]]]},"properties":{"no_stories":"0","suf_dir1":"","x_coord":"1164773.36637178","shape_area":"1204.125","year_built":"1913","cdb_city_i":"","stories":"1","y_coord":"1865289.89933074","unit_name":"","qc_date":"2003-06-16T07:00:00.000Z","edit_date":null,"non_standa":"","label_hous":"5923","st_name1":"WOLCOTT","t_add1":"5923","z_coord":"0","qc_userid":"DS06284","qc_source":"PARCELS","orig_bldg_":"511029","footprint_":"AERIALS98","st_type1":"AVE","bldg_statu":"ACTIVE","condition_":"2001-12-01T08:00:00.000Z","bldg_name2":"","bldg_activ":"1998-04-01T08:00:00.000Z","edit_useri":"","bldg_sq_fo":"1000.0","edit_sourc":"","f_add1":"5923","vacancy_st":"","bldg_creat":"1998-04-01T08:00:00.000Z","no_of_unit":"1","bldg_end_d":null,"bldg_id":"511029","create_use":"","demolished":null,"pre_dir1":"S","bldg_condi":"NEEDS MAJOR REPAIR","bldg_name1":"","comments":"","shape_len":"157.540061551","harris_str":"02018402013000"}},{"type":"Feature","geometry":{"type":"MultiPolygon","coordinates":[[[[-87.6683404409891,41.78607739718907],[-87.66834165037358,41.78613777856589],[-87.6681857955978,41.78613962057883],[-87.66818458635957,41.78607923920144],[-87.6683404409891,41.78607739718907]]]]},"properties":{"no_stories":"0","suf_dir1":"","x_coord":"1165629.11363894","shape_area":"935.5","year_built":"1909","cdb_city_i":"","stories":"2","y_coord":"1865351.46105913","unit_name":"","qc_date":"2003-06-16T07:00:00.000Z","edit_date":null,"non_standa":"","label_hous":"5918","st_name1":"HERMITAGE","t_add1":"5918","z_coord":"0","qc_userid":"DS06284","qc_source":"PARCELS","orig_bldg_":"510496","footprint_":"AERIALS98","st_type1":"AVE","bldg_statu":"ACTIVE","condition_":"2001-12-01T08:00:00.000Z","bldg_name2":"","bldg_activ":"1998-04-01T08:00:00.000Z","edit_useri":"","bldg_sq_fo":"1320.0","edit_sourc":"","f_add1":"5918","vacancy_st":"","bldg_creat":"1998-04-01T08:00:00.000Z","no_of_unit":"1","bldg_end_d":null,"bldg_id":"510496","create_use":"","demolished":null,"pre_dir1":"S","bldg_condi":"NEEDS MINOR REPAIR","bldg_name1":"","comments":"","shape_len":"129.034888325","harris_str":"02018404030000"}},{"type":"Feature","geometry":{"type":"MultiPolygon","coordinates":[[[[-87.66960167491897,41.78608880741099],[-87.66960289963907,41.78614781671984],[-87.6694012135359,41.786149395579606],[-87.66939998900075,41.78609038626997],[-87.66960167491897,41.78608880741099]]]]},"properties":{"no_stories":"0","suf_dir1":"","x_coord":"1165291.36360631","shape_area":"1183.0","year_built":"1909","cdb_city_i":"","stories":"2","y_coord":"1865352.68019493","unit_name":"","qc_date":"2003-06-16T07:00:00.000Z","edit_date":null,"non_standa":"","label_hous":"5916","st_name1":"WOOD","t_add1":"5916","z_coord":"0","qc_userid":"DS06284","qc_source":"PARCELS","orig_bldg_":"510488","footprint_":"AERIALS98","st_type1":"ST","bldg_statu":"ACTIVE","condition_":"2001-12-01T08:00:00.000Z","bldg_name2":"","bldg_activ":"1998-04-01T08:00:00.000Z","edit_useri":"","bldg_sq_fo":"1365.0","edit_sourc":"","f_add1":"5916","vacancy_st":"","bldg_creat":"1998-04-01T08:00:00.000Z","no_of_unit":"1","bldg_end_d":null,"bldg_id":"510488","create_use":"","demolished":null,"pre_dir1":"S","bldg_condi":"NEEDS MINOR REPAIR","bldg_name1":"","comments":"","shape_len":"153.029806651","harris_str":"02018403030000"}},{"type":"Feature","geometry":{"type":"MultiPolygon","coordinates":[[[[-87.66908258959396,41.78593487124226],[-87.66908382799977,41.78599250849166],[-87.66886929547873,41.78599538428354],[-87.66886805726507,41.78593774703326],[-87.66908258959396,41.78593487124226]]]]},"properties":{"no_stories":"0","suf_dir1":"","x_coord":"1165435.11283727","shape_area":"1229.25","year_built":"1904","cdb_city_i":"","stories":"2","y_coord":"1865297.68019495","unit_name":"","qc_date":"2003-06-16T07:00:00.000Z","edit_date":null,"non_standa":"","label_hous":"5923","st_name1":"WOOD","t_add1":"5923","z_coord":"0","qc_userid":"DS06284","qc_source":"PARCELS","orig_bldg_":"510958","footprint_":"AERIALS98","st_type1":"ST","bldg_statu":"ACTIVE","condition_":"2001-12-01T08:00:00.000Z","bldg_name2":"","bldg_activ":"1998-04-01T08:00:00.000Z","edit_useri":"","bldg_sq_fo":"882.0","edit_sourc":"","f_add1":"5923","vacancy_st":"","bldg_creat":"1998-04-01T08:00:00.000Z","no_of_unit":"1","bldg_end_d":null,"bldg_id":"510958","create_use":"","demolished":null,"pre_dir1":"S","bldg_condi":"NEEDS MAJOR REPAIR","bldg_name1":"","comments":"","shape_len":"159.050358294","harris_str":"02018404014000"}},{"type":"Feature","geometry":{"type":"MultiPolygon","coordinates":[[[[-87.66968141659406,41.785823071967506],[-87.66968488498107,41.785842302034176],[-87.66963899727682,41.78584752551929],[-87.6696355289033,41.785828295451346],[-87.66968141659406,41.785823071967506]]]]},"properties":{"no_stories":"0","suf_dir1":"","x_coord":"1165248.81654097","shape_area":"89.5","year_built":"0","cdb_city_i":"","stories":"0","y_coord":"1865248.09686161","unit_name":"","qc_date":null,"edit_date":null,"non_standa":"","label_hous":"0","st_name1":"","t_add1":"0","z_coord":"0","qc_userid":"","qc_source":"","orig_bldg_":"511435","footprint_":"AERIALS98","st_type1":"","bldg_statu":"ACTIVE","condition_":null,"bldg_name2":"","bldg_activ":"1998-04-01T08:00:00.000Z","edit_useri":"","bldg_sq_fo":"0.0","edit_sourc":"","f_add1":"0","vacancy_st":"","bldg_creat":"1998-04-01T08:00:00.000Z","no_of_unit":"0","bldg_end_d":null,"bldg_id":"511435","create_use":"","demolished":null,"pre_dir1":"","bldg_condi":"","bldg_name1":"","comments":"","shape_len":"39.4601134261","harris_str":""}},{"type":"Feature","geometry":{"type":"MultiPolygon","coordinates":[[[[-87.66899478988078,41.78627053905305],[-87.66899703990272,41.786407766552664],[-87.66890718183619,41.78640999117265],[-87.66890494617273,41.78627139160976],[-87.66899478988078,41.78627053905305]]]]},"properties":{"no_stories":"0","suf_dir1":"","x_coord":"1165440.83073003","shape_area":"1231.875","year_built":"0","cdb_city_i":"","stories":"0","y_coord":"1865436.1894542","unit_name":"","qc_date":null,"edit_date":"2002-12-20T08:00:00.000Z","non_standa":"","label_hous":"0","st_name1":"","t_add1":"0","z_coord":"0","qc_userid":"","qc_source":"","orig_bldg_":"509684","footprint_":"AERIALS98","st_type1":"","bldg_statu":"ACTIVE","condition_":null,"bldg_name2":"","bldg_activ":"1998-04-01T08:00:00.000Z","edit_useri":"MKS","bldg_sq_fo":"0.0","edit_sourc":"SANBORN_MAP","f_add1":"0","vacancy_st":"","bldg_creat":"1998-04-01T08:00:00.000Z","no_of_unit":"0","bldg_end_d":null,"bldg_id":"509684","create_use":"","demolished":null,"pre_dir1":"","bldg_condi":"","bldg_name1":"","comments":"","shape_len":"149.5454002","harris_str":""}},{"type":"Feature","geometry":{"type":"MultiPolygon","coordinates":[[[[-87.66968598405117,41.78626904546891],[-87.66968719469969,41.786329426838755],[-87.66961201697474,41.78633036467029],[-87.66961080639675,41.78626998330018],[-87.66968598405117,41.78626904546891]]]]},"properties":{"no_stories":"0","suf_dir1":"","x_coord":"1165250.6143404","shape_area":"451.25","year_built":"0","cdb_city_i":"","stories":"0","y_coord":"1865418.18019494","unit_name":"","qc_date":null,"edit_date":null,"non_standa":"","label_hous":"0","st_name1":"","t_add1":"0","z_coord":"0","qc_userid":"","qc_source":"","orig_bldg_":"509941","footprint_":"AERIALS98","st_type1":"","bldg_statu":"ACTIVE","condition_":null,"bldg_name2":"","bldg_activ":"1998-04-01T08:00:00.000Z","edit_useri":"","bldg_sq_fo":"0.0","edit_sourc":"","f_add1":"0","vacancy_st":"","bldg_creat":"1998-04-01T08:00:00.000Z","no_of_unit":"0","bldg_end_d":null,"bldg_id":"509941","create_use":"","demolished":null,"pre_dir1":"","bldg_condi":"","bldg_name1":"","comments":"","shape_len":"85.0235554782","harris_str":""}},{"type":"Feature","geometry":{"type":"MultiPolygon","coordinates":[[[[-87.66844651880093,41.786279716476905],[-87.66845065761991,41.786411466337526],[-87.66836448023292,41.7864123396903],[-87.66836217484641,41.78628060043945],[-87.66844651880093,41.786279716476905]]]]},"properties":{"no_stories":"0","suf_dir1":"","x_coord":"1165589.44163972","shape_area":"1116.625","year_built":"0","cdb_city_i":"","stories":"0","y_coord":"1865439.28513321","unit_name":"","qc_date":null,"edit_date":"2002-12-20T08:00:00.000Z","non_standa":"","label_hous":"0","st_name1":"","t_add1":"0","z_coord":"0","qc_userid":"","qc_source":"","orig_bldg_":"509666","footprint_":"AERIALS98","st_type1":"","bldg_statu":"ACTIVE","condition_":null,"bldg_name2":"","bldg_activ":"1998-04-01T08:00:00.000Z","edit_useri":"MKS","bldg_sq_fo":"0.0","edit_sourc":"SANBORN_MAP","f_add1":"0","vacancy_st":"","bldg_creat":"1998-04-01T08:00:00.000Z","no_of_unit":"0","bldg_end_d":null,"bldg_id":"509666","create_use":"","demolished":null,"pre_dir1":"","bldg_condi":"","bldg_name1":"","comments":"","shape_len":"142.544600005","harris_str":""}},{"type":"Feature","geometry":{"type":"MultiPolygon","coordinates":[[[[-87.66996601647433,41.785959185922245],[-87.66996743954456,41.78599898634451],[-87.66988309596448,41.7859998714266],[-87.6698816729464,41.78596007100367],[-87.66996601647433,41.785959185922245]]]]},"properties":{"no_stories":"0","suf_dir1":"","x_coord":"1165176.36397757","shape_area":"333.75","year_built":"0","cdb_city_i":"","stories":"0","y_coord":"1865300.46723198","unit_name":"","qc_date":null,"edit_date":null,"non_standa":"","label_hous":"0","st_name1":"","t_add1":"0","z_coord":"0","qc_userid":"","qc_source":"","orig_bldg_":"510962","footprint_":"AERIALS98","st_type1":"","bldg_statu":"ACTIVE","condition_":null,"bldg_name2":"","bldg_activ":"1998-04-01T08:00:00.000Z","edit_useri":"","bldg_sq_fo":"0.0","edit_sourc":"","f_add1":"0","vacancy_st":"","bldg_creat":"1998-04-01T08:00:00.000Z","no_of_unit":"0","bldg_end_d":null,"bldg_id":"510962","create_use":"","demolished":null,"pre_dir1":"","bldg_condi":"","bldg_name1":"","comments":"","shape_len":"75.0281045384","harris_str":""}},{"type":"Feature","geometry":{"type":"MultiPolygon","coordinates":[[[[-87.669588134552,41.78615733642735],[-87.66959115005827,41.78622047251699],[-87.66940596301995,41.78622214670956],[-87.66940478094834,41.786159021211304],[-87.669588134552,41.78615733642735]]]]},"properties":{"no_stories":"0","suf_dir1":"","x_coord":"1165292.21716209","shape_area":"1156.5","year_built":"1914","cdb_city_i":"","stories":"2","y_coord":"1865378.52278754","unit_name":"","qc_date":"2003-06-16T07:00:00.000Z","edit_date":null,"non_standa":"","label_hous":"5914","st_name1":"WOOD","t_add1":"5914","z_coord":"0","qc_userid":"DS06284","qc_source":"PARCELS","orig_bldg_":"510265","footprint_":"AERIALS98","st_type1":"ST","bldg_statu":"ACTIVE","condition_":"2001-12-01T08:00:00.000Z","bldg_name2":"","bldg_activ":"1998-04-01T08:00:00.000Z","edit_useri":"","bldg_sq_fo":"1309.0","edit_sourc":"","f_add1":"5914","vacancy_st":"","bldg_creat":"1998-04-01T08:00:00.000Z","no_of_unit":"1","bldg_end_d":null,"bldg_id":"510265","create_use":"","demolished":null,"pre_dir1":"S","bldg_condi":"NEEDS MINOR REPAIR","bldg_name1":"","comments":"","shape_len":"146.547062027","harris_str":"02018403029000"}},{"type":"Feature","geometry":{"type":"MultiPolygon","coordinates":[[[[-87.67084742114116,41.786358077726725],[-87.67085249411461,41.786577650166514],[-87.67075898345273,41.78657848302647],[-87.67075391079838,41.78635891058488],[-87.67084742114116,41.786358077726725]]]]},"properties":{"no_stories":"0","suf_dir1":"","x_coord":"1164935.27167765","shape_area":"2041.0","year_built":"1949","cdb_city_i":"","stories":"1","y_coord":"1865480.76044185","unit_name":"","qc_date":"2003-06-16T07:00:00.000Z","edit_date":null,"non_standa":"","label_hous":"1839","st_name1":"59TH","t_add1":"1839","z_coord":"0","qc_userid":"DS06284","qc_source":"PARCELS","orig_bldg_":"509247","footprint_":"AERIALS98","st_type1":"ST","bldg_statu":"ACTIVE","condition_":"2001-12-01T08:00:00.000Z","bldg_name2":"","bldg_activ":"1998-04-01T08:00:00.000Z","edit_useri":"","bldg_sq_fo":"0.0","edit_sourc":"","f_add1":"1839","vacancy_st":"","bldg_creat":"1998-04-01T08:00:00.000Z","no_of_unit":"0","bldg_end_d":null,"bldg_id":"509247","create_use":"","demolished":null,"pre_dir1":"W","bldg_condi":"NEEDS MINOR REPAIR","bldg_name1":"","comments":"","shape_len":"211.059795169","harris_str":"02018402007000"}},{"type":"Feature","geometry":{"type":"MultiPolygon","coordinates":[[[[-87.66899502249792,41.78642559276955],[-87.66899889331096,41.78658341181064],[-87.66892371528502,41.786584349189475],[-87.66891984465637,41.786426530147196],[-87.66899502249792,41.78642559276955]]]]},"properties":{"no_stories":"0","suf_dir1":"","x_coord":"1165438.0525083","shape_area":"1179.5","year_built":"1904","cdb_city_i":"","stories":"2","y_coord":"1865496.62155297","unit_name":"","qc_date":"2003-06-16T07:00:00.000Z","edit_date":null,"non_standa":"","label_hous":"1755","st_name1":"59TH","t_add1":"1755","z_coord":"0","qc_userid":"DS06284","qc_source":"PARCELS","orig_bldg_":"509188","footprint_":"AERIALS98","st_type1":"ST","bldg_statu":"ACTIVE","condition_":"2001-12-01T08:00:00.000Z","bldg_name2":"","bldg_activ":"1998-04-01T08:00:00.000Z","edit_useri":"","bldg_sq_fo":"840.0","edit_sourc":"","f_add1":"1755","vacancy_st":"","bldg_creat":"1998-04-01T08:00:00.000Z","no_of_unit":"1","bldg_end_d":null,"bldg_id":"509188","create_use":"","demolished":null,"pre_dir1":"W","bldg_condi":"NEEDS MINOR REPAIR","bldg_name1":"","comments":"","shape_len":"156.051317089","harris_str":"02018404002000"}},{"type":"Feature","geometry":{"type":"MultiPolygon","coordinates":[[[[-87.66859820644193,41.78614886837809],[-87.6685992885088,41.78622159831921],[-87.66852411090322,41.78622253543962],[-87.66852119566897,41.786149794889454],[-87.66859820644193,41.78614886837809]]]]},"properties":{"no_stories":"0","suf_dir1":"","x_coord":"1165547.72609473","shape_area":"550.25","year_built":"0","cdb_city_i":"","stories":"0","y_coord":"1865379.20797272","unit_name":"","qc_date":null,"edit_date":null,"non_standa":"","label_hous":"0","st_name1":"","t_add1":"0","z_coord":"0","qc_userid":"","qc_source":"","orig_bldg_":"510242","footprint_":"AERIALS98","st_type1":"","bldg_statu":"ACTIVE","condition_":null,"bldg_name2":"","bldg_activ":"1998-04-01T08:00:00.000Z","edit_useri":"","bldg_sq_fo":"0.0","edit_sourc":"","f_add1":"0","vacancy_st":"","bldg_creat":"1998-04-01T08:00:00.000Z","no_of_unit":"0","bldg_end_d":null,"bldg_id":"510242","create_use":"","demolished":null,"pre_dir1":"","bldg_condi":"","bldg_name1":"","comments":"","shape_len":"94.5356259658","harris_str":""}},{"type":"Feature","geometry":{"type":"MultiPolygon","coordinates":[[[[-87.66908513098171,41.785866278687365],[-87.66908636938929,41.78592391593744],[-87.6688700038509,41.78592678113241],[-87.66887037220344,41.78589110749349],[-87.66890703710588,41.78589131955483],[-87.66890727793813,41.785867994482935],[-87.66908513098171,41.785866278687365]]]]},"properties":{"no_stories":"0","suf_dir1":"","x_coord":"1165434.74544309","shape_area":"1158.75","year_built":"1904","cdb_city_i":"","stories":"1","y_coord":"1865272.68019495","unit_name":"","qc_date":"2003-06-16T07:00:00.000Z","edit_date":null,"non_standa":"","label_hous":"5927","st_name1":"WOOD","t_add1":"5927","z_coord":"0","qc_userid":"DS06284","qc_source":"PARCELS","orig_bldg_":"511174","footprint_":"AERIALS98","st_type1":"ST","bldg_statu":"ACTIVE","condition_":"2001-12-01T08:00:00.000Z","bldg_name2":"","bldg_activ":"1998-04-01T08:00:00.000Z","edit_useri":"","bldg_sq_fo":"825.0","edit_sourc":"","f_add1":"5927","vacancy_st":"","bldg_creat":"1998-04-01T08:00:00.000Z","no_of_unit":"1","bldg_end_d":null,"bldg_id":"511174","create_use":"","demolished":null,"pre_dir1":"S","bldg_condi":"NEEDS MINOR REPAIR","bldg_name1":"","comments":"","shape_len":"160.035324437","harris_str":"02018404015000"}},{"type":"Feature","geometry":{"type":"MultiPolygon","coordinates":[[[[-87.66988266014502,41.78639779094289],[-87.66996332358256,41.786398256756215],[-87.66996439304872,41.78647235875575],[-87.66994967037346,41.78647776231946],[-87.66994957136072,41.78648736676184],[-87.66996422331638,41.78648882351418],[-87.66996895931304,41.78656294668456],[-87.66993411313965,41.78656411760909],[-87.66992301453458,41.786573658531616],[-87.66990468188516,41.786573552663135],[-87.66988829566898,41.78656248087372],[-87.66988266014502,41.78639779094289]]]]},"properties":{"no_stories":"0","suf_dir1":"","x_coord":"1165174.7147675","shape_area":"1322.625","year_built":"1904","cdb_city_i":"","stories":"2","y_coord":"1865487.99192334","unit_name":"","qc_date":"2003-06-16T07:00:00.000Z","edit_date":null,"non_standa":"","label_hous":"1815","st_name1":"59TH","t_add1":"1815","z_coord":"0","qc_userid":"DS06284","qc_source":"PARCELS","orig_bldg_":"509250","footprint_":"AERIALS98","st_type1":"ST","bldg_statu":"ACTIVE","condition_":"2001-12-01T08:00:00.000Z","bldg_name2":"","bldg_activ":"1998-04-01T08:00:00.000Z","edit_useri":"","bldg_sq_fo":"2408.0","edit_sourc":"","f_add1":"1815","vacancy_st":"","bldg_creat":"1998-04-01T08:00:00.000Z","no_of_unit":"2","bldg_end_d":null,"bldg_id":"509250","create_use":"","demolished":null,"pre_dir1":"W","bldg_condi":"NEEDS MINOR REPAIR","bldg_name1":"","comments":"","shape_len":"173.22657102","harris_str":"02018403005000"}},{"type":"Feature","geometry":{"type":"MultiPolygon","coordinates":[[[[-87.6696860768312,41.7864378198275],[-87.66969016159366,41.786575057910774],[-87.66962781643603,41.786576069882734],[-87.66962795795182,41.78656234925186],[-87.66960594462566,41.78656359421595],[-87.66960356593562,41.78643871529052],[-87.6696860768312,41.7864378198275]]]]},"properties":{"no_stories":"0","suf_dir1":"","x_coord":"1165250.66416291","shape_area":"1108.875","year_built":"1899","cdb_city_i":"","stories":"2","y_coord":"1865495.40859","unit_name":"","qc_date":"2003-06-16T07:00:00.000Z","edit_date":"2007-07-06T07:00:00.000Z","non_standa":"","label_hous":"1805","st_name1":"59TH","t_add1":"1807","z_coord":"0","qc_userid":"DS06284","qc_source":"PARCELS","orig_bldg_":"509227","footprint_":"AERIALS98","st_type1":"ST","bldg_statu":"ACTIVE","condition_":"2001-12-01T08:00:00.000Z","bldg_name2":"","bldg_activ":"1998-04-01T08:00:00.000Z","edit_useri":"DS06183","bldg_sq_fo":"862.0","edit_sourc":"PARCELS","f_add1":"1805","vacancy_st":"","bldg_creat":"1998-04-01T08:00:00.000Z","no_of_unit":"1","bldg_end_d":null,"bldg_id":"509227","create_use":"","demolished":null,"pre_dir1":"W","bldg_condi":"NEEDS MAJOR REPAIR","bldg_name1":"","comments":"","shape_len":"146.067186135","harris_str":"02018403008000"}},{"type":"Feature","geometry":{"type":"MultiPolygon","coordinates":[[[[-87.66997487700081,41.78581104542399],[-87.66997610206123,41.785870054734154],[-87.66986792646634,41.78587080218962],[-87.66986670150514,41.785811792879045],[-87.66997487700081,41.78581104542399]]]]},"properties":{"no_stories":"0","suf_dir1":"","x_coord":"1165177.61432408","shape_area":"634.5","year_built":"0","cdb_city_i":"","stories":"0","y_coord":"1865250.39933075","unit_name":"","qc_date":null,"edit_date":null,"non_standa":"","label_hous":"0","st_name1":"","t_add1":"0","z_coord":"0","qc_userid":"","qc_source":"","orig_bldg_":"511354","footprint_":"AERIALS98","st_type1":"","bldg_statu":"ACTIVE","condition_":null,"bldg_name2":"","bldg_activ":"1998-04-01T08:00:00.000Z","edit_useri":"","bldg_sq_fo":"0.0","edit_sourc":"","f_add1":"0","vacancy_st":"","bldg_creat":"1998-04-01T08:00:00.000Z","no_of_unit":"0","bldg_end_d":null,"bldg_id":"511354","create_use":"","demolished":null,"pre_dir1":"","bldg_condi":"","bldg_name1":"","comments":"","shape_len":"102.020100303","harris_str":""}},{"type":"Feature","geometry":{"type":"MultiPolygon","coordinates":[[[[-87.67029687752692,41.785876022975934],[-87.67029813115708,41.78593228815728],[-87.6700652663936,41.785935060377206],[-87.67006401296706,41.785878795194805],[-87.67029687752692,41.785876022975934]]]]},"properties":{"no_stories":"0","suf_dir1":"","x_coord":"1165106.6127835","shape_area":"1302.5","year_built":"1909","cdb_city_i":"","stories":"2","y_coord":"1865273.39933074","unit_name":"","qc_date":"2003-06-16T07:00:00.000Z","edit_date":null,"non_standa":"","label_hous":"5925","st_name1":"HONORE","t_add1":"5925","z_coord":"0","qc_userid":"DS06284","qc_source":"PARCELS","orig_bldg_":"511168","footprint_":"AERIALS98","st_type1":"ST","bldg_statu":"ACTIVE","condition_":"2001-12-01T08:00:00.000Z","bldg_name2":"","bldg_activ":"1998-04-01T08:00:00.000Z","edit_useri":"","bldg_sq_fo":"760.0","edit_sourc":"","f_add1":"5925","vacancy_st":"","bldg_creat":"1998-04-01T08:00:00.000Z","no_of_unit":"1","bldg_end_d":null,"bldg_id":"511168","create_use":"","demolished":null,"pre_dir1":"S","bldg_condi":"SOUND","bldg_name1":"","comments":"","shape_len":"168.047621438","harris_str":"02018403015000"}},{"type":"Feature","geometry":{"type":"MultiPolygon","coordinates":[[[[-87.66858792977801,41.78607882952275],[-87.66858922443583,41.786130978521236],[-87.6685103804324,41.786131894417586],[-87.6685090858385,41.7860797454187],[-87.66858792977801,41.78607882952275]]]]},"properties":{"no_stories":"0","suf_dir1":"","x_coord":"1165551.11422964","shape_area":"408.75","year_built":"0","cdb_city_i":"","stories":"0","y_coord":"1865349.49500976","unit_name":"","qc_date":null,"edit_date":null,"non_standa":"","label_hous":"0","st_name1":"","t_add1":"0","z_coord":"0","qc_userid":"","qc_source":"","orig_bldg_":"510536","footprint_":"AERIALS98","st_type1":"","bldg_statu":"ACTIVE","condition_":null,"bldg_name2":"","bldg_activ":"1998-04-01T08:00:00.000Z","edit_useri":"","bldg_sq_fo":"0.0","edit_sourc":"","f_add1":"0","vacancy_st":"","bldg_creat":"1998-04-01T08:00:00.000Z","no_of_unit":"0","bldg_end_d":null,"bldg_id":"510536","create_use":"","demolished":null,"pre_dir1":"","bldg_condi":"","bldg_name1":"","comments":"","shape_len":"81.0247819527","harris_str":""}},{"type":"Feature","geometry":{"type":"MultiPolygon","coordinates":[[[[-87.66853849816845,41.7864270682827],[-87.66854050624734,41.78658762084782],[-87.66846349494887,41.78658854731661],[-87.66845965380189,41.78642798414156],[-87.66853849816845,41.7864270682827]]]]},"properties":{"no_stories":"0","suf_dir1":"","x_coord":"1165563.19415445","shape_area":"1243.75","year_built":"1904","cdb_city_i":"","stories":"2","y_coord":"1865498.68328136","unit_name":"","qc_date":"2003-06-16T07:00:00.000Z","edit_date":null,"non_standa":"","label_hous":"1743","st_name1":"59TH","t_add1":"1743","z_coord":"0","qc_userid":"DS06284","qc_source":"PARCELS","orig_bldg_":"509172","footprint_":"AERIALS98","st_type1":"ST","bldg_statu":"ACTIVE","condition_":"2001-12-01T08:00:00.000Z","bldg_name2":"","bldg_activ":"1998-04-01T08:00:00.000Z","edit_useri":"","bldg_sq_fo":"882.0","edit_sourc":"","f_add1":"1743","vacancy_st":"","bldg_creat":"1998-04-01T08:00:00.000Z","no_of_unit":"1","bldg_end_d":null,"bldg_id":"509172","create_use":"","demolished":null,"pre_dir1":"W","bldg_condi":"SOUND","bldg_name1":"","comments":"","shape_len":"159.539538699","harris_str":"02018404007000"}},{"type":"Feature","geometry":{"type":"MultiPolygon","coordinates":[[[[-87.67082677018834,41.78587084716432],[-87.67082803840752,41.78592574027973],[-87.6705878406894,41.78592847127054],[-87.67058657267512,41.785873578153996],[-87.67082677018834,41.78587084716432]]]]},"properties":{"no_stories":"0","suf_dir1":"","x_coord":"1164963.11272704","shape_area":"1310.75","year_built":"1914","cdb_city_i":"","stories":"1","y_coord":"1865270.11846654","unit_name":"","qc_date":"2003-06-16T07:00:00.000Z","edit_date":null,"non_standa":"","label_hous":"5924","st_name1":"HONORE","t_add1":"5924","z_coord":"0","qc_userid":"DS06284","qc_source":"PARCELS","orig_bldg_":"511195","footprint_":"AERIALS98","st_type1":"ST","bldg_statu":"ACTIVE","condition_":"2001-12-01T08:00:00.000Z","bldg_name2":"","bldg_activ":"1998-04-01T08:00:00.000Z","edit_useri":"","bldg_sq_fo":"1000.0","edit_sourc":"","f_add1":"5924","vacancy_st":"","bldg_creat":"1998-04-01T08:00:00.000Z","no_of_unit":"1","bldg_end_d":null,"bldg_id":"511195","create_use":"","demolished":null,"pre_dir1":"S","bldg_condi":"NEEDS MINOR REPAIR","bldg_name1":"","comments":"","shape_len":"171.04684469","harris_str":"02018402032000"}},{"type":"Feature","geometry":{"type":"MultiPolygon","coordinates":[[[[-87.67115498070915,41.786757772947524],[-87.6711562915734,41.78680854986265],[-87.67114522134409,41.78681534677696],[-87.67114500955374,41.786835927728674],[-87.67115774363022,41.786845606142876],[-87.67115729181859,41.78688951217299],[-87.67114617921725,41.786900425277494],[-87.67114768774707,41.78693199330354],[-87.6711622692377,41.78694031022103],[-87.67116358010956,41.78699108713453],[-87.67108290178855,41.78699199422198],[-87.67107613595132,41.78675869059944],[-87.67115498070915,41.786757772947524]]]]},"properties":{"no_stories":"0","suf_dir1":"","x_coord":"1164848.2073848","shape_area":"1749.625","year_built":"1911","cdb_city_i":"","stories":"2","y_coord":"1865628.56908383","unit_name":"","qc_date":"2003-06-16T07:00:00.000Z","edit_date":null,"non_standa":"","label_hous":"1848","st_name1":"59TH","t_add1":"1848","z_coord":"0","qc_userid":"DS06284","qc_source":"PARCELS","orig_bldg_":"508005","footprint_":"AERIALS98","st_type1":"ST","bldg_statu":"ACTIVE","condition_":"2001-12-01T08:00:00.000Z","bldg_name2":"","bldg_activ":"1998-04-01T08:00:00.000Z","edit_useri":"","bldg_sq_fo":"700.0","edit_sourc":"","f_add1":"1848","vacancy_st":"","bldg_creat":"1998-04-01T08:00:00.000Z","no_of_unit":"2","bldg_end_d":null,"bldg_id":"508005","create_use":"","demolished":null,"pre_dir1":"W","bldg_condi":"NEEDS MAJOR REPAIR","bldg_name1":"","comments":"","shape_len":"219.427498797","harris_str":"02018226033000"}},{"type":"Feature","geometry":{"type":"MultiPolygon","coordinates":[[[[-87.67033152612555,41.78642782522232],[-87.67033360936131,41.786581517472115],[-87.67024191781937,41.78658373255448],[-87.67023949547925,41.78646296982356],[-87.67025424640359,41.786454822095926],[-87.6702545150286,41.786428752893364],[-87.67033152612555,41.78642782522232]]]]},"properties":{"no_stories":"0","suf_dir1":"","x_coord":"1165076.14390689","shape_area":"1368.25","year_built":"1914","cdb_city_i":"","stories":"2","y_coord":"1865494.05982457","unit_name":"","qc_date":null,"edit_date":"2008-08-20T07:00:00.000Z","non_standa":"","label_hous":"1825","st_name1":"59TH","t_add1":"1829","z_coord":"0","qc_userid":"","qc_source":"","orig_bldg_":"509213","footprint_":"AERIALS98","st_type1":"ST","bldg_statu":"ACTIVE","condition_":"2001-12-01T08:00:00.000Z","bldg_name2":"","bldg_activ":"1998-04-01T08:00:00.000Z","edit_useri":"DT00255","bldg_sq_fo":"1300.0","edit_sourc":"","f_add1":"1825","vacancy_st":"","bldg_creat":"1998-04-01T08:00:00.000Z","no_of_unit":"1","bldg_end_d":null,"bldg_id":"509213","create_use":"","demolished":null,"pre_dir1":"W","bldg_condi":"NEEDS MAJOR REPAIR","bldg_name1":"","comments":"","shape_len":"160.546233573","harris_str":"02018403001000"}},{"type":"Feature","geometry":{"type":"MultiPolygon","coordinates":[[[[-87.66995062913006,41.78602907646328],[-87.66995019065226,41.786071610425644],[-87.66987134672885,41.786072527256756],[-87.66987178525876,41.78602999329508],[-87.66995062913006,41.78602907646328]]]]},"properties":{"no_stories":"0","suf_dir1":"","x_coord":"1165179.89590605","shape_area":"333.25","year_built":"0","cdb_city_i":"","stories":"0","y_coord":"1865326.52896037","unit_name":"","qc_date":null,"edit_date":null,"non_standa":"","label_hous":"0","st_name1":"","t_add1":"0","z_coord":"0","qc_userid":"","qc_source":"","orig_bldg_":"510745","footprint_":"AERIALS98","st_type1":"","bldg_statu":"ACTIVE","condition_":null,"bldg_name2":"","bldg_activ":"1998-04-01T08:00:00.000Z","edit_useri":"","bldg_sq_fo":"0.0","edit_sourc":"","f_add1":"0","vacancy_st":"","bldg_creat":"1998-04-01T08:00:00.000Z","no_of_unit":"0","bldg_end_d":null,"bldg_id":"510745","create_use":"","demolished":null,"pre_dir1":"","bldg_condi":"","bldg_name1":"","comments":"","shape_len":"74.0116263352","harris_str":""}},{"type":"Feature","geometry":{"type":"MultiPolygon","coordinates":[[[[-87.67151295312381,41.78599966746126],[-87.67151423604066,41.78605318850839],[-87.67130153661792,41.78605607940295],[-87.67130025387797,41.78600255835476],[-87.67151295312381,41.78599966746126]]]]},"properties":{"no_stories":"0","suf_dir1":"","x_coord":"1164771.86266769","shape_area":"1131.75","year_built":"1914","cdb_city_i":"","stories":"2","y_coord":"1865315.33760235","unit_name":"","qc_date":"2003-06-16T07:00:00.000Z","edit_date":null,"non_standa":"","label_hous":"5921","st_name1":"WOLCOTT","t_add1":"5921","z_coord":"0","qc_userid":"DS06284","qc_source":"PARCELS","orig_bldg_":"510817","footprint_":"AERIALS98","st_type1":"AVE","bldg_statu":"ACTIVE","condition_":"2001-12-01T08:00:00.000Z","bldg_name2":"","bldg_activ":"1998-04-01T08:00:00.000Z","edit_useri":"","bldg_sq_fo":"912.0","edit_sourc":"","f_add1":"5921","vacancy_st":"","bldg_creat":"1998-04-01T08:00:00.000Z","no_of_unit":"1","bldg_end_d":null,"bldg_id":"510817","create_use":"","demolished":null,"pre_dir1":"S","bldg_condi":"NEEDS MINOR REPAIR","bldg_name1":"","comments":"","shape_len":"155.051605025","harris_str":"02018402012000"}},{"type":"Feature","geometry":{"type":"MultiPolygon","coordinates":[[[[-87.66872347323908,41.786445976436056],[-87.66872752760683,41.78658595866411],[-87.66864501651688,41.78658685343714],[-87.66864278141696,41.78644825387747],[-87.66872347323908,41.786445976436056]]]]},"properties":{"no_stories":"0","suf_dir1":"","x_coord":"1165512.94395453","shape_area":"1130.125","year_built":"1904","cdb_city_i":"","stories":"2","y_coord":"1865500.9703184","unit_name":"","qc_date":"2003-06-16T07:00:00.000Z","edit_date":null,"non_standa":"","label_hous":"1747","st_name1":"59TH","t_add1":"1747","z_coord":"0","qc_userid":"DS06284","qc_source":"PARCELS","orig_bldg_":"509178","footprint_":"AERIALS98","st_type1":"ST","bldg_statu":"ACTIVE","condition_":"2001-12-01T08:00:00.000Z","bldg_name2":"","bldg_activ":"1998-04-01T08:00:00.000Z","edit_useri":"","bldg_sq_fo":"882.0","edit_sourc":"","f_add1":"1747","vacancy_st":"","bldg_creat":"1998-04-01T08:00:00.000Z","no_of_unit":"1","bldg_end_d":null,"bldg_id":"509178","create_use":"","demolished":null,"pre_dir1":"W","bldg_condi":"NEEDS MINOR REPAIR","bldg_name1":"","comments":"","shape_len":"146.06022449","harris_str":"02018404005000"}},{"type":"Feature","geometry":{"type":"MultiPolygon","coordinates":[[[[-87.66995761402579,41.78588504157238],[-87.66995890979196,41.7859371905652],[-87.66986906655237,41.78593804387945],[-87.66986777085901,41.78588589488615],[-87.66995761402579,41.78588504157238]]]]},"properties":{"no_stories":"0","suf_dir1":"","x_coord":"1165179.61422964","shape_area":"465.75","year_built":"0","cdb_city_i":"","stories":"0","y_coord":"1865275.99500976","unit_name":"","qc_date":null,"edit_date":null,"non_standa":"","label_hous":"0","st_name1":"","t_add1":"0","z_coord":"0","qc_userid":"","qc_source":"","orig_bldg_":"511157","footprint_":"AERIALS98","st_type1":"","bldg_statu":"ACTIVE","condition_":null,"bldg_name2":"","bldg_activ":"1998-04-01T08:00:00.000Z","edit_useri":"","bldg_sq_fo":"0.0","edit_sourc":"","f_add1":"0","vacancy_st":"","bldg_creat":"1998-04-01T08:00:00.000Z","no_of_unit":"0","bldg_end_d":null,"bldg_id":"511157","create_use":"","demolished":null,"pre_dir1":"","bldg_condi":"","bldg_name1":"","comments":"","shape_len":"87.0233586369","harris_str":""}},{"type":"Feature","geometry":{"type":"MultiPolygon","coordinates":[[[[-87.67229733211074,41.786385639848184],[-87.67230125330703,41.78653934264617],[-87.67222239472683,41.78654163315075],[-87.67221848781514,41.78638655828763],[-87.67229733211074,41.786385639848184]]]]},"properties":{"no_stories":"0","suf_dir1":"","x_coord":"1164538.0486992","shape_area":"1210.5","year_built":"1914","cdb_city_i":"","stories":"2","y_coord":"1865474.55982457","unit_name":"","qc_date":"2003-06-16T07:00:00.000Z","edit_date":null,"non_standa":"","label_hous":"1913","st_name1":"59TH","t_add1":"1913","z_coord":"0","qc_userid":"DS06284","qc_source":"PARCELS","orig_bldg_":"509383","footprint_":"AERIALS98","st_type1":"ST","bldg_statu":"ACTIVE","condition_":"2001-12-01T08:00:00.000Z","bldg_name2":"","bldg_activ":"1998-04-01T08:00:00.000Z","edit_useri":"","bldg_sq_fo":"760.0","edit_sourc":"","f_add1":"1913","vacancy_st":"","bldg_creat":"1998-04-01T08:00:00.000Z","no_of_unit":"1","bldg_end_d":null,"bldg_id":"509383","create_use":"","demolished":null,"pre_dir1":"W","bldg_condi":"NEEDS MAJOR REPAIR","bldg_name1":"","comments":"","shape_len":"155.569050098","harris_str":"02018401006000"}},{"type":"Feature","geometry":{"type":"MultiPolygon","coordinates":[[[[-87.67229523009001,41.78623331965881],[-87.67229644318707,41.78629370101923],[-87.67222126551982,41.78629464055889],[-87.67222005249332,41.786234259198196],[-87.67229523009001,41.78623331965881]]]]},"properties":{"no_stories":"0","suf_dir1":"","x_coord":"1164539.1143404","shape_area":"451.25","year_built":"0","cdb_city_i":"","stories":"0","y_coord":"1865399.68019494","unit_name":"","qc_date":null,"edit_date":null,"non_standa":"","label_hous":"0","st_name1":"","t_add1":"0","z_coord":"0","qc_userid":"","qc_source":"","orig_bldg_":"510081","footprint_":"AERIALS98","st_type1":"","bldg_statu":"ACTIVE","condition_":null,"bldg_name2":"","bldg_activ":"1998-04-01T08:00:00.000Z","edit_useri":"","bldg_sq_fo":"0.0","edit_sourc":"","f_add1":"0","vacancy_st":"","bldg_creat":"1998-04-01T08:00:00.000Z","no_of_unit":"0","bldg_end_d":null,"bldg_id":"510081","create_use":"","demolished":null,"pre_dir1":"","bldg_condi":"","bldg_name1":"","comments":"","shape_len":"85.0235554782","harris_str":""}},{"type":"Feature","geometry":{"type":"MultiPolygon","coordinates":[[[[-87.67220031027354,41.786371360083514],[-87.67220424533423,41.78652369081969],[-87.67211440128276,41.786524545884184],[-87.67211207411849,41.78639417871937],[-87.67214323954961,41.78639435809462],[-87.6721434651153,41.78637240507333],[-87.67220031027354,41.786371360083514]]]]},"properties":{"no_stories":"0","suf_dir1":"","x_coord":"1164565.97916387","shape_area":"1280.375","year_built":"1909","cdb_city_i":"","stories":"2","y_coord":"1865468.99809618","unit_name":"","qc_date":"2003-06-16T07:00:00.000Z","edit_date":null,"non_standa":"","label_hous":"1911","st_name1":"59TH","t_add1":"1911","z_coord":"0","qc_userid":"DS06284","qc_source":"PARCELS","orig_bldg_":"509423","footprint_":"AERIALS98","st_type1":"ST","bldg_statu":"ACTIVE","condition_":"2001-12-01T08:00:00.000Z","bldg_name2":"","bldg_activ":"1998-04-01T08:00:00.000Z","edit_useri":"","bldg_sq_fo":"1865.0","edit_sourc":"","f_add1":"1911","vacancy_st":"","bldg_creat":"1998-04-01T08:00:00.000Z","no_of_unit":"2","bldg_end_d":null,"bldg_id":"509423","create_use":"","demolished":null,"pre_dir1":"W","bldg_condi":"NEEDS MINOR REPAIR","bldg_name1":"","comments":"","shape_len":"159.543955649","harris_str":"02018401007000"}},{"type":"Feature","geometry":{"type":"MultiPolygon","coordinates":[[[[-87.6735934706802,41.786748476202625],[-87.67366680153245,41.78674889730591],[-87.67366897712925,41.78689435715948],[-87.67359563204407,41.78689530812052],[-87.6735934706802,41.786748476202625]]]]},"properties":{"no_stories":"0","suf_dir1":"","x_coord":"1164163.08152799","shape_area":"1065.25","year_built":"1912","cdb_city_i":"","stories":"2","y_coord":"1865602.09377519","unit_name":"","qc_date":"2003-06-16T07:00:00.000Z","edit_date":null,"non_standa":"","label_hous":"1948","st_name1":"59TH","t_add1":"1948","z_coord":"0","qc_userid":"DS06284","qc_source":"PARCELS","orig_bldg_":"508419","footprint_":"AERIALS98","st_type1":"ST","bldg_statu":"ACTIVE","condition_":"2001-12-01T08:00:00.000Z","bldg_name2":"","bldg_activ":"1998-04-01T08:00:00.000Z","edit_useri":"","bldg_sq_fo":"819.0","edit_sourc":"","f_add1":"1948","vacancy_st":"","bldg_creat":"1998-04-01T08:00:00.000Z","no_of_unit":"1","bldg_end_d":null,"bldg_id":"508419","create_use":"","demolished":null,"pre_dir1":"W","bldg_condi":"NEEDS MINOR REPAIR","bldg_name1":"","comments":"","shape_len":"146.525027125","harris_str":"02018224031000"}},{"type":"Feature","geometry":{"type":"MultiPolygon","coordinates":[[[[-87.67396491888572,41.78717734582703],[-87.67396611949675,41.78723909923549],[-87.67374608306329,41.78724195253863],[-87.67374488266344,41.78718019912941],[-87.67396491888572,41.78717734582703]]]]},"properties":{"no_stories":"0","suf_dir1":"","x_coord":"1164100.86298424","shape_area":"1350.75","year_built":"1911","cdb_city_i":"","stories":"1","y_coord":"1865741.02278754","unit_name":"","qc_date":"2003-06-16T07:00:00.000Z","edit_date":null,"non_standa":"","label_hous":"5841","st_name1":"DAMEN","t_add1":"5841","z_coord":"0","qc_userid":"DS06284","qc_source":"PARCELS","orig_bldg_":"507140","footprint_":"AERIALS98","st_type1":"AVE","bldg_statu":"ACTIVE","condition_":"2001-12-01T08:00:00.000Z","bldg_name2":"","bldg_activ":"1998-04-01T08:00:00.000Z","edit_useri":"","bldg_sq_fo":"902.0","edit_sourc":"","f_add1":"5841","vacancy_st":"","bldg_creat":"1998-04-01T08:00:00.000Z","no_of_unit":"1","bldg_end_d":null,"bldg_id":"507140","create_use":"","demolished":null,"pre_dir1":"S","bldg_condi":"SOUND","bldg_name1":"","comments":"","shape_len":"165.048603882","harris_str":"02018224021000"}},{"type":"Feature","geometry":{"type":"MultiPolygon","coordinates":[[[[-87.67238717596767,41.78638478463919],[-87.67239106919327,41.78654123156341],[-87.67231589123736,41.786542171162886],[-87.67231199819456,41.786385724237455],[-87.67238717596767,41.78638478463919]]]]},"properties":{"no_stories":"0","suf_dir1":"","x_coord":"1164513.05250125","shape_area":"1169.25","year_built":"1921","cdb_city_i":"","stories":"1","y_coord":"1865474.34068877","unit_name":"","qc_date":"2003-06-16T07:00:00.000Z","edit_date":null,"non_standa":"","label_hous":"1915","st_name1":"59TH","t_add1":"1915","z_coord":"0","qc_userid":"DS06284","qc_source":"PARCELS","orig_bldg_":"509379","footprint_":"AERIALS98","st_type1":"ST","bldg_statu":"ACTIVE","condition_":"2001-12-01T08:00:00.000Z","bldg_name2":"","bldg_activ":"1998-04-01T08:00:00.000Z","edit_useri":"","bldg_sq_fo":"882.0","edit_sourc":"","f_add1":"1915","vacancy_st":"","bldg_creat":"1998-04-01T08:00:00.000Z","no_of_unit":"1","bldg_end_d":null,"bldg_id":"509379","create_use":"","demolished":null,"pre_dir1":"W","bldg_condi":"NEEDS MAJOR REPAIR","bldg_name1":"","comments":"","shape_len":"155.051660161","harris_str":"02018401005000"}},{"type":"Feature","geometry":{"type":"MultiPolygon","coordinates":[[[[-87.6734889601491,41.78674924811371],[-87.6734911072051,41.78689745209589],[-87.67340859573777,41.78689835028795],[-87.67340461560057,41.78675013577444],[-87.6734889601491,41.78674924811371]]]]},"properties":{"no_stories":"0","suf_dir1":"","x_coord":"1164212.94418851","shape_area":"1229.125","year_built":"1912","cdb_city_i":"","stories":"2","y_coord":"1865603.15550358","unit_name":"","qc_date":"2003-06-16T07:00:00.000Z","edit_date":null,"non_standa":"","label_hous":"1944","st_name1":"59TH","t_add1":"1944","z_coord":"0","qc_userid":"DS06284","qc_source":"PARCELS","orig_bldg_":"508406","footprint_":"AERIALS98","st_type1":"ST","bldg_statu":"ACTIVE","condition_":"2001-12-01T08:00:00.000Z","bldg_name2":"","bldg_activ":"1998-04-01T08:00:00.000Z","edit_useri":"","bldg_sq_fo":"819.0","edit_sourc":"","f_add1":"1944","vacancy_st":"","bldg_creat":"1998-04-01T08:00:00.000Z","no_of_unit":"1","bldg_end_d":null,"bldg_id":"508406","create_use":"","demolished":null,"pre_dir1":"W","bldg_condi":"UNINHABITABLE","bldg_name1":"","comments":"","shape_len":"153.541076792","harris_str":"02018224033000"}},{"type":"Feature","geometry":{"type":"MultiPolygon","coordinates":[[[[-87.67484604448974,41.78671175405405],[-87.67485543752638,41.78704798340357],[-87.67433468760464,41.78705460237617],[-87.6743284298758,41.78677053248221],[-87.67448978592799,41.786768713687195],[-87.67449355784566,41.7869375091459],[-87.6746714138081,41.78693578472221],[-87.67466634183289,41.7867148403061],[-87.67484604448974,41.78671175405405]]]]},"properties":{"no_stories":"0","suf_dir1":"","x_coord":"1163900.22129522","shape_area":"12613.875","year_built":"0","cdb_city_i":"","stories":"0","y_coord":"1865658.31908384","unit_name":"","qc_date":null,"edit_date":null,"non_standa":"","label_hous":"2004","st_name1":"59TH","t_add1":"2004","z_coord":"0","qc_userid":"","qc_source":"","orig_bldg_":"507834","footprint_":"AERIALS98","st_type1":"ST","bldg_statu":"ACTIVE","condition_":null,"bldg_name2":"","bldg_activ":"1998-04-01T08:00:00.000Z","edit_useri":"","bldg_sq_fo":"0.0","edit_sourc":"","f_add1":"2004","vacancy_st":"","bldg_creat":"1998-04-01T08:00:00.000Z","no_of_unit":"0","bldg_end_d":null,"bldg_id":"507834","create_use":"","demolished":null,"pre_dir1":"W","bldg_condi":"","bldg_name1":"","comments":"","shape_len":"651.711060898","harris_str":""}},{"type":"Feature","geometry":{"type":"MultiPolygon","coordinates":[[[[-87.67256139545717,41.78673705595316],[-87.67256771582814,41.78701426556967],[-87.67237884587048,41.787017295512996],[-87.67237254040634,41.78673871382831],[-87.67256139545717,41.78673705595316]]]]},"properties":{"no_stories":"0","suf_dir1":"","x_coord":"1164479.48655436","shape_area":"5217.5","year_built":"1963","cdb_city_i":"","stories":"1","y_coord":"1865627.61846655","unit_name":"","qc_date":null,"edit_date":null,"non_standa":"","label_hous":"1916","st_name1":"59TH","t_add1":"1916","z_coord":"0","qc_userid":"","qc_source":"","orig_bldg_":"507933","footprint_":"AERIALS98","st_type1":"ST","bldg_statu":"ACTIVE","condition_":"2001-12-01T08:00:00.000Z","bldg_name2":"","bldg_activ":"1998-04-01T08:00:00.000Z","edit_useri":"","bldg_sq_fo":"4800.0","edit_sourc":"","f_add1":"1916","vacancy_st":"V","bldg_creat":"1998-04-01T08:00:00.000Z","no_of_unit":"0","bldg_end_d":null,"bldg_id":"507933","create_use":"","demolished":null,"pre_dir1":"W","bldg_condi":"NEEDS MAJOR REPAIR","bldg_name1":"","comments":"","shape_len":"305.593267218","harris_str":"02018225031000"}},{"type":"Feature","geometry":{"type":"MultiPolygon","coordinates":[[[[-87.67247305593935,41.78623434275269],[-87.67247402966031,41.78631804919942],[-87.6723988519657,41.78631898885511],[-87.67239787834255,41.78623528240846],[-87.67247305593935,41.78623434275269]]]]},"properties":{"no_stories":"0","suf_dir1":"","x_coord":"1164490.61453588","shape_area":"625.5","year_built":"0","cdb_city_i":"","stories":"0","y_coord":"1865404.4548863","unit_name":"","qc_date":null,"edit_date":null,"non_standa":"","label_hous":"0","st_name1":"","t_add1":"0","z_coord":"0","qc_userid":"","qc_source":"","orig_bldg_":"510022","footprint_":"AERIALS98","st_type1":"","bldg_statu":"ACTIVE","condition_":null,"bldg_name2":"","bldg_activ":"1998-04-01T08:00:00.000Z","edit_useri":"","bldg_sq_fo":"0.0","edit_sourc":"","f_add1":"0","vacancy_st":"","bldg_creat":"1998-04-01T08:00:00.000Z","no_of_unit":"0","bldg_end_d":null,"bldg_id":"510022","create_use":"","demolished":null,"pre_dir1":"","bldg_condi":"","bldg_name1":"","comments":"","shape_len":"102.020389479","harris_str":""}},{"type":"Feature","geometry":{"type":"MultiPolygon","coordinates":[[[[-87.67357513796738,41.7867483709195],[-87.67357907629489,41.78690070162229],[-87.67350389792628,41.786901641996245],[-87.67349995977673,41.78674931129218],[-87.67357513796738,41.7867483709195]]]]},"properties":{"no_stories":"0","suf_dir1":"","x_coord":"1164188.05247929","shape_area":"1138.5","year_built":"1912","cdb_city_i":"","stories":"2","y_coord":"1865603.49809618","unit_name":"","qc_date":"2003-06-16T07:00:00.000Z","edit_date":null,"non_standa":"","label_hous":"1946","st_name1":"59TH","t_add1":"1946","z_coord":"0","qc_userid":"DS06284","qc_source":"PARCELS","orig_bldg_":"508395","footprint_":"AERIALS98","st_type1":"ST","bldg_statu":"ACTIVE","condition_":"2001-12-01T08:00:00.000Z","bldg_name2":"","bldg_activ":"1998-04-01T08:00:00.000Z","edit_useri":"","bldg_sq_fo":"819.0","edit_sourc":"","f_add1":"1946","vacancy_st":"","bldg_creat":"1998-04-01T08:00:00.000Z","no_of_unit":"1","bldg_end_d":null,"bldg_id":"508395","create_use":"","demolished":null,"pre_dir1":"W","bldg_condi":"NEEDS MINOR REPAIR","bldg_name1":"","comments":"","shape_len":"152.052726449","harris_str":"02018224032000"}},{"type":"Feature","geometry":{"type":"MultiPolygon","coordinates":[[[[-87.67272359013903,41.78611777922267],[-87.67272478955195,41.78617953264672],[-87.67249559044414,41.78618233087103],[-87.67249439125119,41.786120577446205],[-87.67272359013903,41.78611777922267]]]]},"properties":{"no_stories":"0","suf_dir1":"","x_coord":"1164443.61298424","shape_area":"1407.0","year_built":"1914","cdb_city_i":"","stories":"2","y_coord":"1865357.52278754","unit_name":"","qc_date":"2003-06-16T07:00:00.000Z","edit_date":null,"non_standa":"","label_hous":"5915","st_name1":"WINCHESTER","t_add1":"5915","z_coord":"0","qc_userid":"DS06284","qc_source":"PARCELS","orig_bldg_":"510433","footprint_":"AERIALS98","st_type1":"AVE","bldg_statu":"ACTIVE","condition_":"2001-12-01T08:00:00.000Z","bldg_name2":"","bldg_activ":"1998-04-01T08:00:00.000Z","edit_useri":"","bldg_sq_fo":"1518.0","edit_sourc":"","f_add1":"5915","vacancy_st":"","bldg_creat":"1998-04-01T08:00:00.000Z","no_of_unit":"1","bldg_end_d":null,"bldg_id":"510433","create_use":"","demolished":null,"pre_dir1":"S","bldg_condi":"NEEDS MINOR REPAIR","bldg_name1":"","comments":"","shape_len":"170.047104557","harris_str":"02018401011000"}},{"type":"Feature","geometry":{"type":"MultiPolygon","coordinates":[[[[-87.67241723325272,41.7872068723482],[-87.67241850284051,41.78726176544331],[-87.67233415761548,41.78726265231306],[-87.67233288809962,41.787207759217544],[-87.67241723325272,41.7872068723482]]]]},"properties":{"no_stories":"0","suf_dir1":"","x_coord":"1164504.36427025","shape_area":"460.25","year_built":"0","cdb_city_i":"","stories":"0","y_coord":"1865753.05673815","unit_name":"","qc_date":null,"edit_date":null,"non_standa":"","label_hous":"0","st_name1":"","t_add1":"0","z_coord":"0","qc_userid":"","qc_source":"","orig_bldg_":"507038","footprint_":"AERIALS98","st_type1":"","bldg_statu":"ACTIVE","condition_":null,"bldg_name2":"","bldg_activ":"1998-04-01T08:00:00.000Z","edit_useri":"","bldg_sq_fo":"0.0","edit_sourc":"","f_add1":"0","vacancy_st":"","bldg_creat":"1998-04-01T08:00:00.000Z","no_of_unit":"0","bldg_end_d":null,"bldg_id":"507038","create_use":"","demolished":null,"pre_dir1":"","bldg_condi":"","bldg_name1":"","comments":"","shape_len":"86.0233663288","harris_str":""}},{"type":"Feature","geometry":{"type":"MultiPolygon","coordinates":[[[[-87.67327247255714,41.787121227867075],[-87.67327368657735,41.787181609214635],[-87.67306281674446,41.78718451387668],[-87.67306160292215,41.787124132528376],[-87.67327247255714,41.787121227867075]]]]},"properties":{"no_stories":"0","suf_dir1":"","x_coord":"1164288.61293748","shape_area":"1265.75","year_built":"1909","cdb_city_i":"","stories":"1","y_coord":"1865721.74192334","unit_name":"","qc_date":"2003-06-16T07:00:00.000Z","edit_date":null,"non_standa":"","label_hous":"5844","st_name1":"WINCHESTER","t_add1":"5844","z_coord":"0","qc_userid":"DS06284","qc_source":"PARCELS","orig_bldg_":"507321","footprint_":"AERIALS98","st_type1":"AVE","bldg_statu":"ACTIVE","condition_":"2001-12-01T08:00:00.000Z","bldg_name2":"","bldg_activ":"1998-04-01T08:00:00.000Z","edit_useri":"","bldg_sq_fo":"1118.0","edit_sourc":"","f_add1":"5844","vacancy_st":"","bldg_creat":"1998-04-01T08:00:00.000Z","no_of_unit":"1","bldg_end_d":null,"bldg_id":"507321","create_use":"","demolished":null,"pre_dir1":"S","bldg_condi":"NEEDS MINOR REPAIR","bldg_name1":"","comments":"","shape_len":"159.050485949","harris_str":"02018224028000"}},{"type":"Feature","geometry":{"type":"MultiPolygon","coordinates":[[[[-87.67201581355022,41.78612742850122],[-87.67201548923967,41.78615898596983],[-87.6720393215406,41.78615912315931],[-87.67204083049604,41.78619069118074],[-87.67181163133635,41.78619348803992],[-87.67181044690463,41.78613036254903],[-87.67201581355022,41.78612742850122]]]]},"properties":{"no_stories":"0","suf_dir1":"","x_coord":"1164630.21343826","shape_area":"1365.5","year_built":"1919","cdb_city_i":"","stories":"1","y_coord":"1865362.80365172","unit_name":"","qc_date":"2003-06-16T07:00:00.000Z","edit_date":null,"non_standa":"","label_hous":"5914","st_name1":"WOLCOTT","t_add1":"5914","z_coord":"0","qc_userid":"DS06284","qc_source":"PARCELS","orig_bldg_":"510365","footprint_":"AERIALS98","st_type1":"AVE","bldg_statu":"ACTIVE","condition_":"2001-12-01T08:00:00.000Z","bldg_name2":"","bldg_activ":"1998-04-01T08:00:00.000Z","edit_useri":"","bldg_sq_fo":"1594.0","edit_sourc":"","f_add1":"5914","vacancy_st":"","bldg_creat":"1998-04-01T08:00:00.000Z","no_of_unit":"1","bldg_end_d":null,"bldg_id":"510365","create_use":"","demolished":null,"pre_dir1":"S","bldg_condi":"NEEDS MAJOR REPAIR","bldg_name1":"","comments":"","shape_len":"171.054381666","harris_str":"02018401029000"}},{"type":"Feature","geometry":{"type":"MultiPolygon","coordinates":[[[[-87.67339661108679,41.78699433158349],[-87.67339960221696,41.787060211719286],[-87.6733262710139,41.78705979044292],[-87.67332509916407,41.78699529290227],[-87.67339661108679,41.78699433158349]]]]},"properties":{"no_stories":"0","suf_dir1":"","x_coord":"1164235.97694099","shape_area":"469.25","year_built":"0","cdb_city_i":"","stories":"0","y_coord":"1865675.52278753","unit_name":"","qc_date":null,"edit_date":null,"non_standa":"","label_hous":"0","st_name1":"","t_add1":"0","z_coord":"0","qc_userid":"","qc_source":"","orig_bldg_":"507798","footprint_":"AERIALS98","st_type1":"","bldg_statu":"ACTIVE","condition_":null,"bldg_name2":"","bldg_activ":"1998-04-01T08:00:00.000Z","edit_useri":"","bldg_sq_fo":"0.0","edit_sourc":"","f_add1":"0","vacancy_st":"","bldg_creat":"1998-04-01T08:00:00.000Z","no_of_unit":"0","bldg_end_d":null,"bldg_id":"507798","create_use":"","demolished":null,"pre_dir1":"","bldg_condi":"","bldg_name1":"","comments":"","shape_len":"87.0325520491","harris_str":""}},{"type":"Feature","geometry":{"type":"MultiPolygon","coordinates":[[[[-87.6720303962686,41.787206018337244],[-87.67203345650975,41.787265038178205],[-87.67184641908752,41.787268077793684],[-87.67184520640626,41.787207696441634],[-87.6720303962686,41.787206018337244]]]]},"properties":{"no_stories":"0","suf_dir1":"","x_coord":"1164623.45999494","shape_area":"1104.75","year_built":"1914","cdb_city_i":"","stories":"1","y_coord":"1865754.96105914","unit_name":"","qc_date":"2003-06-16T07:00:00.000Z","edit_date":null,"non_standa":"","label_hous":"5842","st_name1":"WOLCOTT","t_add1":"5842","z_coord":"0","qc_userid":"DS06284","qc_source":"PARCELS","orig_bldg_":"507013","footprint_":"AERIALS98","st_type1":"AVE","bldg_statu":"ACTIVE","condition_":"2001-12-01T08:00:00.000Z","bldg_name2":"","bldg_activ":"1998-04-01T08:00:00.000Z","edit_useri":"","bldg_sq_fo":"756.0","edit_sourc":"","f_add1":"5842","vacancy_st":"","bldg_creat":"1998-04-01T08:00:00.000Z","no_of_unit":"1","bldg_end_d":null,"bldg_id":"507013","create_use":"","demolished":null,"pre_dir1":"S","bldg_condi":"NEEDS MAJOR REPAIR","bldg_name1":"","comments":"","shape_len":"145.060878409","harris_str":"02018225026000"}},{"type":"Feature","geometry":{"type":"MultiPolygon","coordinates":[[[[-87.67200509587626,41.785921545046335],[-87.67200812784725,41.785983309028296],[-87.67183027449963,41.78598502934743],[-87.67182907594646,41.78592327591819],[-87.67200509587626,41.785921545046335]]]]},"properties":{"no_stories":"0","suf_dir1":"","x_coord":"1164632.71699658","shape_area":"1086.375","year_built":"1914","cdb_city_i":"","stories":"2","y_coord":"1865287.24192334","unit_name":"","qc_date":"2003-06-16T07:00:00.000Z","edit_date":null,"non_standa":"","label_hous":"5920","st_name1":"WOLCOTT","t_add1":"5920","z_coord":"0","qc_userid":"DS06284","qc_source":"PARCELS","orig_bldg_":"511046","footprint_":"AERIALS98","st_type1":"AVE","bldg_statu":"ACTIVE","condition_":"2001-12-01T08:00:00.000Z","bldg_name2":"","bldg_activ":"1998-04-01T08:00:00.000Z","edit_useri":"","bldg_sq_fo":"1796.0","edit_sourc":"","f_add1":"5920","vacancy_st":"","bldg_creat":"1998-04-01T08:00:00.000Z","no_of_unit":"2","bldg_end_d":null,"bldg_id":"511046","create_use":"","demolished":null,"pre_dir1":"S","bldg_condi":"NEEDS MINOR REPAIR","bldg_name1":"","comments":"","shape_len":"141.548489848","harris_str":"02018401032000"}},{"type":"Feature","geometry":{"type":"MultiPolygon","coordinates":[[[[-87.6737383074012,41.78603304818467],[-87.67373945153278,41.786100289863406],[-87.6736477748246,41.78610113560588],[-87.67364608222847,41.78608740443555],[-87.67357457131556,41.786088365917074],[-87.6735762779636,41.78610072502406],[-87.67352126631089,41.786101781225895],[-87.67352012240731,41.78603453954665],[-87.6737383074012,41.78603304818467]]]]},"properties":{"no_stories":"0","suf_dir1":"","x_coord":"1164165.61378209","shape_area":"1363.0","year_built":"1943","cdb_city_i":"","stories":"2","y_coord":"1865325.36538014","unit_name":"","qc_date":null,"edit_date":null,"non_standa":"","label_hous":"5917","st_name1":"DAMEN","t_add1":"5917","z_coord":"0","qc_userid":"","qc_source":"","orig_bldg_":"510723","footprint_":"AERIALS98","st_type1":"AVE","bldg_statu":"ACTIVE","condition_":"2001-12-01T08:00:00.000Z","bldg_name2":"","bldg_activ":"1998-04-01T08:00:00.000Z","edit_useri":"","bldg_sq_fo":"1300.0","edit_sourc":"","f_add1":"5917","vacancy_st":"","bldg_creat":"1998-04-01T08:00:00.000Z","no_of_unit":"0","bldg_end_d":null,"bldg_id":"510723","create_use":"","demolished":null,"pre_dir1":"S","bldg_condi":"NEEDS MAJOR REPAIR","bldg_name1":"","comments":"","shape_len":"177.59097589","harris_str":"02018400011000"}},{"type":"Feature","geometry":{"type":"MultiPolygon","coordinates":[[[[-87.67321341707763,41.785907912385106],[-87.67321282593495,41.78596553908291],[-87.67301112633082,41.785968496349476],[-87.6730098984861,41.78590948705258],[-87.67321341707763,41.785907912385106]]]]},"properties":{"no_stories":"0","suf_dir1":"","x_coord":"1164307.26057013","shape_area":"1174.375","year_built":"1914","cdb_city_i":"","stories":"2","y_coord":"1865279.18019493","unit_name":"","qc_date":"2003-06-16T07:00:00.000Z","edit_date":null,"non_standa":"","label_hous":"5922","st_name1":"WINCHESTER","t_add1":"5922","z_coord":"0","qc_userid":"DS06284","qc_source":"PARCELS","orig_bldg_":"511124","footprint_":"AERIALS98","st_type1":"AVE","bldg_statu":"ACTIVE","condition_":"2001-12-01T08:00:00.000Z","bldg_name2":"","bldg_activ":"1998-04-01T08:00:00.000Z","edit_useri":"","bldg_sq_fo":"840.0","edit_sourc":"","f_add1":"5922","vacancy_st":"","bldg_creat":"1998-04-01T08:00:00.000Z","no_of_unit":"1","bldg_end_d":null,"bldg_id":"511124","create_use":"","demolished":null,"pre_dir1":"S","bldg_condi":"NEEDS MINOR REPAIR","bldg_name1":"","comments":"","shape_len":"153.035272189","harris_str":"02018400030000"}},{"type":"Feature","geometry":{"type":"MultiPolygon","coordinates":[[[[-87.67203301783091,41.78605892028552],[-87.67203427298085,41.78611518545715],[-87.67183440613279,41.78611815120671],[-87.6718331511576,41.78606188603418],[-87.67203301783091,41.78605892028552]]]]},"properties":{"no_stories":"0","suf_dir1":"","x_coord":"1164628.1127835","shape_area":"1118.0","year_built":"1972","cdb_city_i":"","stories":"1","y_coord":"1865336.39933074","unit_name":"","qc_date":"2003-06-16T07:00:00.000Z","edit_date":null,"non_standa":"","label_hous":"5916","st_name1":"WOLCOTT","t_add1":"5916","z_coord":"0","qc_userid":"DS06284","qc_source":"PARCELS","orig_bldg_":"510643","footprint_":"AERIALS98","st_type1":"AVE","bldg_statu":"ACTIVE","condition_":"2001-12-01T08:00:00.000Z","bldg_name2":"","bldg_activ":"1998-04-01T08:00:00.000Z","edit_useri":"","bldg_sq_fo":"969.0","edit_sourc":"","f_add1":"5916","vacancy_st":"","bldg_creat":"1998-04-01T08:00:00.000Z","no_of_unit":"1","bldg_end_d":null,"bldg_id":"510643","create_use":"","demolished":null,"pre_dir1":"S","bldg_condi":"NEEDS MINOR REPAIR","bldg_name1":"","comments":"","shape_len":"150.053469897","harris_str":"02018401030000"}},{"type":"Feature","geometry":{"type":"MultiPolygon","coordinates":[[[[-87.67236152668963,41.786740022605706],[-87.67236969357135,41.787015870710874],[-87.67232018095912,41.787016957974686],[-87.67227843841313,41.78697555343891],[-87.67223969995705,41.786998656982405],[-87.67229758963235,41.7870744580661],[-87.67221323055563,41.78707671691256],[-87.6722019898616,41.7867432210256],[-87.67236152668963,41.786740022605706]]]]},"properties":{"no_stories":"0","suf_dir1":"","x_coord":"1164529.25203806","shape_area":"4534.125","year_built":"1911","cdb_city_i":"","stories":"1","y_coord":"1865640.63389864","unit_name":"","qc_date":"2005-01-20T08:00:00.000Z","edit_date":null,"non_standa":"","label_hous":"1910","st_name1":"59TH","t_add1":"1910","z_coord":"0","qc_userid":"DS01228","qc_source":"ASSESS2002","orig_bldg_":"507714","footprint_":"AERIALS98","st_type1":"ST","bldg_statu":"ACTIVE","condition_":"2001-12-01T08:00:00.000Z","bldg_name2":"","bldg_activ":"1998-04-01T08:00:00.000Z","edit_useri":"","bldg_sq_fo":"3800.0","edit_sourc":"","f_add1":"1910","vacancy_st":"","bldg_creat":"1998-04-01T08:00:00.000Z","no_of_unit":"0","bldg_end_d":null,"bldg_id":"507714","create_use":"","demolished":null,"pre_dir1":"W","bldg_condi":"NEEDS MINOR REPAIR","bldg_name1":"","comments":"","shape_len":"366.393622075","harris_str":"02018225032000"}},{"type":"Feature","geometry":{"type":"MultiPolygon","coordinates":[[[[-87.67203111540148,41.787136043093106],[-87.67203231415611,41.787197796508806],[-87.67184345775046,41.78719945350416],[-87.67184224507245,41.787139072151376],[-87.67203111540148,41.787136043093106]]]]},"properties":{"no_stories":"0","suf_dir1":"","x_coord":"1164624.11627097","shape_area":"1146.5","year_built":"0","cdb_city_i":"","stories":"2","y_coord":"1865729.74192334","unit_name":"","qc_date":"2003-06-16T07:00:00.000Z","edit_date":null,"non_standa":"","label_hous":"5844","st_name1":"WOLCOTT","t_add1":"5844","z_coord":"0","qc_userid":"DS06284","qc_source":"PARCELS","orig_bldg_":"507242","footprint_":"AERIALS98","st_type1":"AVE","bldg_statu":"ACTIVE","condition_":"2001-12-01T08:00:00.000Z","bldg_name2":"","bldg_activ":"1998-04-01T08:00:00.000Z","edit_useri":"","bldg_sq_fo":"756.0","edit_sourc":"","f_add1":"5844","vacancy_st":"","bldg_creat":"1998-04-01T08:00:00.000Z","no_of_unit":"1","bldg_end_d":null,"bldg_id":"507242","create_use":"","demolished":null,"pre_dir1":"S","bldg_condi":"NEEDS MINOR REPAIR","bldg_name1":"","comments":"","shape_len":"147.542783807","harris_str":"02018225027000"}},{"type":"Feature","geometry":{"type":"MultiPolygon","coordinates":[[[[-87.67275327574886,41.78733367031115],[-87.67275447519789,41.787395423722224],[-87.67255277110013,41.78739838015077],[-87.67254975264669,41.78733524413036],[-87.67275327574886,41.78733367031115]]]]},"properties":{"no_stories":"0","suf_dir1":"","x_coord":"1164428.47477527","shape_area":"1257.875","year_built":"1914","cdb_city_i":"","stories":"2","y_coord":"1865800.52278754","unit_name":"","qc_date":"2003-06-16T07:00:00.000Z","edit_date":null,"non_standa":"","label_hous":"5837","st_name1":"WINCHESTER","t_add1":"5837","z_coord":"0","qc_userid":"DS06284","qc_source":"PARCELS","orig_bldg_":"506623","footprint_":"AERIALS98","st_type1":"AVE","bldg_statu":"ACTIVE","condition_":"2001-12-01T08:00:00.000Z","bldg_name2":"","bldg_activ":"1998-04-01T08:00:00.000Z","edit_useri":"","bldg_sq_fo":"1499.0","edit_sourc":"","f_add1":"5837","vacancy_st":"","bldg_creat":"1998-04-01T08:00:00.000Z","no_of_unit":"1","bldg_end_d":null,"bldg_id":"506623","create_use":"","demolished":null,"pre_dir1":"S","bldg_condi":"NEEDS MINOR REPAIR","bldg_name1":"","comments":"","shape_len":"156.056742758","harris_str":"02018225018000"}},{"type":"Feature","geometry":{"type":"MultiPolygon","coordinates":[[[[-87.67307602835588,41.78625427555361],[-87.67307724218584,41.78631465691087],[-87.67300573101639,41.78631561803638],[-87.67300451725353,41.786255236678855],[-87.67307602835588,41.78625427555361]]]]},"properties":{"no_stories":"0","suf_dir1":"","x_coord":"1164325.6143404","shape_area":"429.25","year_built":"0","cdb_city_i":"","stories":"0","y_coord":"1865405.68019494","unit_name":"","qc_date":null,"edit_date":null,"non_standa":"","label_hous":"0","st_name1":"","t_add1":"0","z_coord":"0","qc_userid":"","qc_source":"","orig_bldg_":"510043","footprint_":"AERIALS98","st_type1":"","bldg_statu":"ACTIVE","condition_":null,"bldg_name2":"","bldg_activ":"1998-04-01T08:00:00.000Z","edit_useri":"","bldg_sq_fo":"0.0","edit_sourc":"","f_add1":"0","vacancy_st":"","bldg_creat":"1998-04-01T08:00:00.000Z","no_of_unit":"0","bldg_end_d":null,"bldg_id":"510043","create_use":"","demolished":null,"pre_dir1":"","bldg_condi":"","bldg_name1":"","comments":"","shape_len":"83.0241805756","harris_str":""}},{"type":"Feature","geometry":{"type":"MultiPolygon","coordinates":[[[[-87.67396933075771,41.786210008956914],[-87.67397893005484,41.7865256574093],[-87.67395497107516,41.78653786919987],[-87.67381011498523,41.786539781971015],[-87.67380871765478,41.786497237454306],[-87.67383071682536,41.786497363748374],[-87.67382929135795,41.78645756336009],[-87.67381279199022,41.7864574686398],[-87.67381317167188,41.78642042290428],[-87.67382050471998,41.786420465002415],[-87.67381917769484,41.78637106016346],[-87.67383567704044,41.78637115488267],[-87.67383180843049,41.78621196384885],[-87.67396933075771,41.786210008956914]]]]},"properties":{"no_stories":"0","suf_dir1":"","x_coord":"1164091.74519669","shape_area":"4824.125","year_built":"0","cdb_city_i":"","stories":"0","y_coord":"1865442.72957766","unit_name":"","qc_date":null,"edit_date":null,"non_standa":"","label_hous":"1957","st_name1":"59TH","t_add1":"1957","z_coord":"0","qc_userid":"","qc_source":"","orig_bldg_":"509409","footprint_":"AERIALS98","st_type1":"ST","bldg_statu":"ACTIVE","condition_":null,"bldg_name2":"","bldg_activ":"1998-04-01T08:00:00.000Z","edit_useri":"","bldg_sq_fo":"0.0","edit_sourc":"","f_add1":"1957","vacancy_st":"","bldg_creat":"1998-04-01T08:00:00.000Z","no_of_unit":"0","bldg_end_d":null,"bldg_id":"509409","create_use":"","demolished":null,"pre_dir1":"W","bldg_condi":"","bldg_name1":"","comments":"","shape_len":"336.527946819","harris_str":""}},{"type":"Feature","geometry":{"type":"MultiPolygon","coordinates":[[[[-87.6732623168795,41.78632395331454],[-87.6732662544533,41.78647628403373],[-87.67327900285508,41.78648459015108],[-87.6732802028034,41.78654634356929],[-87.67319034464812,41.786548571539235],[-87.67318913071044,41.78648819018482],[-87.67320746334771,41.78648829552901],[-87.6732059397394,41.786458099584465],[-87.67318760711073,41.78645799424008],[-87.67318640725186,41.7863962408206],[-87.67321023964627,41.786396377767815],[-87.67321050707324,41.78637030854942],[-87.67318484142814,41.78637016106775],[-87.67318345858908,41.78632624448108],[-87.6732623168795,41.78632395331454]]]]},"properties":{"no_stories":"0","suf_dir1":"","x_coord":"1164274.55609772","shape_area":"1687.875","year_built":"1909","cdb_city_i":"","stories":"2","y_coord":"1865464.10303445","unit_name":"","qc_date":"2003-06-16T07:00:00.000Z","edit_date":null,"non_standa":"","label_hous":"1939","st_name1":"59TH","t_add1":"1939","z_coord":"0","qc_userid":"DS06284","qc_source":"PARCELS","orig_bldg_":"509378","footprint_":"AERIALS98","st_type1":"ST","bldg_statu":"ACTIVE","condition_":"2001-12-01T08:00:00.000Z","bldg_name2":"","bldg_activ":"1998-04-01T08:00:00.000Z","edit_useri":"","bldg_sq_fo":"3550.0","edit_sourc":"","f_add1":"1939","vacancy_st":"","bldg_creat":"1998-04-01T08:00:00.000Z","no_of_unit":"4","bldg_end_d":null,"bldg_id":"509378","create_use":"","demolished":null,"pre_dir1":"W","bldg_condi":"NEEDS MAJOR REPAIR","bldg_name1":"","comments":"","shape_len":"233.20964091","harris_str":"02018400007000"}},{"type":"Feature","geometry":{"type":"MultiPolygon","coordinates":[[[[-87.67254817717799,41.78623889130361],[-87.67254920735336,41.78631710949452],[-87.67247952943615,41.78631808083712],[-87.6724766660891,41.78623985210034],[-87.67254817717799,41.78623889130361]]]]},"properties":{"no_stories":"0","suf_dir1":"","x_coord":"1164469.47599052","shape_area":"549.0","year_built":"0","cdb_city_i":"","stories":"0","y_coord":"1865404.83142951","unit_name":"","qc_date":null,"edit_date":null,"non_standa":"","label_hous":"0","st_name1":"","t_add1":"0","z_coord":"0","qc_userid":"","qc_source":"","orig_bldg_":"510024","footprint_":"AERIALS98","st_type1":"","bldg_statu":"ACTIVE","condition_":null,"bldg_name2":"","bldg_activ":"1998-04-01T08:00:00.000Z","edit_useri":"","bldg_sq_fo":"0.0","edit_sourc":"","f_add1":"0","vacancy_st":"","bldg_creat":"1998-04-01T08:00:00.000Z","no_of_unit":"0","bldg_end_d":null,"bldg_id":"510024","create_use":"","demolished":null,"pre_dir1":"","bldg_condi":"","bldg_name1":"","comments":"","shape_len":"95.5349111026","harris_str":""}},{"type":"Feature","geometry":{"type":"MultiPolygon","coordinates":[[[[-87.67321044025134,41.7858406601688],[-87.67320986318227,41.785896914803],[-87.67300999704008,41.785899882603275],[-87.67300690779334,41.78584360689675],[-87.67321044025134,41.7858406601688]]]]},"properties":{"no_stories":"0","suf_dir1":"","x_coord":"1164308.13107618","shape_area":"1128.25","year_built":"1914","cdb_city_i":"","stories":"2","y_coord":"1865254.39933074","unit_name":"","qc_date":"2003-06-16T07:00:00.000Z","edit_date":null,"non_standa":"","label_hous":"5924","st_name1":"WINCHESTER","t_add1":"5924","z_coord":"0","qc_userid":"DS06284","qc_source":"PARCELS","orig_bldg_":"511326","footprint_":"AERIALS98","st_type1":"AVE","bldg_statu":"ACTIVE","condition_":"2001-12-01T08:00:00.000Z","bldg_name2":"","bldg_activ":"1998-04-01T08:00:00.000Z","edit_useri":"","bldg_sq_fo":"840.0","edit_sourc":"","f_add1":"5924","vacancy_st":"","bldg_creat":"1998-04-01T08:00:00.000Z","no_of_unit":"1","bldg_end_d":null,"bldg_id":"511326","create_use":"","demolished":null,"pre_dir1":"S","bldg_condi":"NEEDS MINOR REPAIR","bldg_name1":"","comments":"","shape_len":"151.065280616","harris_str":"02018400031000"}},{"type":"Feature","geometry":{"type":"MultiPolygon","coordinates":[[[[-87.67394478992024,41.786100096494565],[-87.67394596238654,41.78616459404326],[-87.6735297150986,41.786171809149394],[-87.67350799741365,41.78614424151324],[-87.67350469669194,41.78610854678338],[-87.67373392364657,41.78610300241483],[-87.67373367049794,41.78612769957285],[-87.67374833652721,41.78612778377835],[-87.67376139431448,41.786105904427146],[-87.67394478992024,41.786100096494565]]]]},"properties":{"no_stories":"0","suf_dir1":"","x_coord":"1164139.05507136","shape_area":"2703.375","year_built":"1909","cdb_city_i":"","stories":"1","y_coord":"1865350.20797272","unit_name":"","qc_date":"2005-01-20T08:00:00.000Z","edit_date":null,"non_standa":"","label_hous":"5915","st_name1":"DAMEN","t_add1":"5915","z_coord":"0","qc_userid":"DS01228","qc_source":"ASSESS2002","orig_bldg_":"510494","footprint_":"AERIALS98","st_type1":"AVE","bldg_statu":"ACTIVE","condition_":"2001-12-01T08:00:00.000Z","bldg_name2":"","bldg_activ":"1998-04-01T08:00:00.000Z","edit_useri":"","bldg_sq_fo":"840.0","edit_sourc":"","f_add1":"5915","vacancy_st":"","bldg_creat":"1998-04-01T08:00:00.000Z","no_of_unit":"1","bldg_end_d":null,"bldg_id":"510494","create_use":"","demolished":null,"pre_dir1":"S","bldg_condi":"NEEDS MAJOR REPAIR","bldg_name1":"","comments":"","shape_len":"296.104144682","harris_str":"02018400010001"}},{"type":"Feature","geometry":{"type":"MultiPolygon","coordinates":[[[[-87.67347022361352,41.78696731153335],[-87.67347159258664,41.78701260017724],[-87.67342024671063,41.78701367738516],[-87.67341887777366,41.78696838874093],[-87.67347022361352,41.78696731153335]]]]},"properties":{"no_stories":"0","suf_dir1":"","x_coord":"1164213.36410658","shape_area":"231.25","year_built":"0","cdb_city_i":"","stories":"0","y_coord":"1865661.59068877","unit_name":"","qc_date":null,"edit_date":null,"non_standa":"","label_hous":"0","st_name1":"","t_add1":"0","z_coord":"0","qc_userid":"","qc_source":"","orig_bldg_":"507964","footprint_":"AERIALS98","st_type1":"","bldg_statu":"ACTIVE","condition_":null,"bldg_name2":"","bldg_activ":"1998-04-01T08:00:00.000Z","edit_useri":"","bldg_sq_fo":"0.0","edit_sourc":"","f_add1":"0","vacancy_st":"","bldg_creat":"1998-04-01T08:00:00.000Z","no_of_unit":"0","bldg_end_d":null,"bldg_id":"507964","create_use":"","demolished":null,"pre_dir1":"","bldg_condi":"","bldg_name1":"","comments":"","shape_len":"61.0329994907","harris_str":""}},{"type":"Feature","geometry":{"type":"MultiPolygon","coordinates":[[[[-87.67302572192747,41.785975440967825],[-87.6732200463328,41.785976557732816],[-87.6732248704993,41.78604244841711],[-87.67302504614202,41.78604130004771],[-87.67302572192747,41.785975440967825]]]]},"properties":{"no_stories":"0","suf_dir1":"","x_coord":"1164303.72460976","shape_area":"1290.0","year_built":"1906","cdb_city_i":"","stories":"1","y_coord":"1865305.02278753","unit_name":"","qc_date":"2003-06-16T07:00:00.000Z","edit_date":null,"non_standa":"","label_hous":"5918","st_name1":"WINCHESTER","t_add1":"5918","z_coord":"0","qc_userid":"DS06284","qc_source":"PARCELS","orig_bldg_":"510888","footprint_":"AERIALS98","st_type1":"AVE","bldg_statu":"ACTIVE","condition_":"2001-12-01T08:00:00.000Z","bldg_name2":"","bldg_activ":"1998-04-01T08:00:00.000Z","edit_useri":"","bldg_sq_fo":"963.0","edit_sourc":"","f_add1":"5918","vacancy_st":"","bldg_creat":"1998-04-01T08:00:00.000Z","no_of_unit":"1","bldg_end_d":null,"bldg_id":"510888","create_use":"","demolished":null,"pre_dir1":"S","bldg_condi":"NEEDS MINOR REPAIR","bldg_name1":"","comments":"","shape_len":"155.546829313","harris_str":"02018400029000"}},{"type":"Feature","geometry":{"type":"MultiPolygon","coordinates":[[[[-87.67275651755968,41.787196474473966],[-87.67275774518134,41.7872554837589],[-87.67253954195355,41.78725834529182],[-87.67253831453202,41.78719933600602],[-87.67275651755968,41.787196474473966]]]]},"properties":{"no_stories":"0","suf_dir1":"","x_coord":"1164430.11288854","shape_area":"1280.0","year_built":"1914","cdb_city_i":"","stories":"1","y_coord":"1865749.96105914","unit_name":"","qc_date":"2003-06-16T07:00:00.000Z","edit_date":null,"non_standa":"","label_hous":"5843","st_name1":"WINCHESTER","t_add1":"5843","z_coord":"0","qc_userid":"DS06284","qc_source":"PARCELS","orig_bldg_":"507057","footprint_":"AERIALS98","st_type1":"AVE","bldg_statu":"ACTIVE","condition_":"2001-12-01T08:00:00.000Z","bldg_name2":"","bldg_activ":"1998-04-01T08:00:00.000Z","edit_useri":"","bldg_sq_fo":"924.0","edit_sourc":"","f_add1":"5843","vacancy_st":"","bldg_creat":"1998-04-01T08:00:00.000Z","no_of_unit":"1","bldg_end_d":null,"bldg_id":"507057","create_use":"","demolished":null,"pre_dir1":"S","bldg_condi":"NEEDS MINOR REPAIR","bldg_name1":"","comments":"","shape_len":"162.049435455","harris_str":"02018225020000"}},{"type":"Feature","geometry":{"type":"MultiPolygon","coordinates":[[[[-87.67222319590941,41.78592828894305],[-87.67222452170424,41.785977693795324],[-87.6721474970594,41.78597999480349],[-87.67214618542128,41.78592921788684],[-87.67222319590941,41.78592828894305]]]]},"properties":{"no_stories":"0","suf_dir1":"","x_coord":"1164559.86020137","shape_area":"383.625","year_built":"0","cdb_city_i":"","stories":"0","y_coord":"1865286.71414556","unit_name":"","qc_date":null,"edit_date":null,"non_standa":"","label_hous":"0","st_name1":"","t_add1":"0","z_coord":"0","qc_userid":"","qc_source":"","orig_bldg_":"511066","footprint_":"AERIALS98","st_type1":"","bldg_statu":"ACTIVE","condition_":null,"bldg_name2":"","bldg_activ":"1998-04-01T08:00:00.000Z","edit_useri":"","bldg_sq_fo":"0.0","edit_sourc":"","f_add1":"0","vacancy_st":"","bldg_creat":"1998-04-01T08:00:00.000Z","no_of_unit":"0","bldg_end_d":null,"bldg_id":"511066","create_use":"","demolished":null,"pre_dir1":"","bldg_condi":"","bldg_name1":"","comments":"","shape_len":"78.5434462079","harris_str":""}},{"type":"Feature","geometry":{"type":"MultiPolygon","coordinates":[[[[-87.67275359750967,41.7871237340086],[-87.67275482512811,41.78718274329428],[-87.67253295558028,41.78718558373315],[-87.67253172816531,41.7871265744466],[-87.67275359750967,41.7871237340086]]]]},"properties":{"no_stories":"0","suf_dir1":"","x_coord":"1164431.61288854","shape_area":"1301.5","year_built":"1917","cdb_city_i":"","stories":"2","y_coord":"1865723.46105914","unit_name":"","qc_date":"2003-06-16T07:00:00.000Z","edit_date":null,"non_standa":"","label_hous":"5845","st_name1":"WINCHESTER","t_add1":"5845","z_coord":"0","qc_userid":"DS06284","qc_source":"PARCELS","orig_bldg_":"507306","footprint_":"AERIALS98","st_type1":"AVE","bldg_statu":"ACTIVE","condition_":"2001-12-01T08:00:00.000Z","bldg_name2":"","bldg_activ":"1998-04-01T08:00:00.000Z","edit_useri":"","bldg_sq_fo":"924.0","edit_sourc":"","f_add1":"5845","vacancy_st":"","bldg_creat":"1998-04-01T08:00:00.000Z","no_of_unit":"1","bldg_end_d":null,"bldg_id":"507306","create_use":"","demolished":null,"pre_dir1":"S","bldg_condi":"NEEDS MINOR REPAIR","bldg_name1":"","comments":"","shape_len":"164.048810704","harris_str":"02018225021000"}},{"type":"Feature","geometry":{"type":"MultiPolygon","coordinates":[[[[-87.67269344728666,41.786732326835384],[-87.67269964144967,41.78702188502345],[-87.67268864177721,41.78702182176801],[-87.67268989750843,41.78707808692736],[-87.67256520626897,41.78708011408688],[-87.67256396473597,41.7870224768632],[-87.67257131193988,41.787021146977764],[-87.67256325690589,41.78673432237006],[-87.67269344728666,41.786732326835384]]]]},"properties":{"no_stories":"0","suf_dir1":"","x_coord":"1164435.04099325","shape_area":"4416.5","year_built":"1958","cdb_city_i":"","stories":"1","y_coord":"1865639.38081222","unit_name":"","qc_date":null,"edit_date":null,"non_standa":"","label_hous":"1920","st_name1":"59TH","t_add1":"1920","z_coord":"0","qc_userid":"","qc_source":"","orig_bldg_":"507702","footprint_":"AERIALS98","st_type1":"ST","bldg_statu":"ACTIVE","condition_":"2001-12-01T08:00:00.000Z","bldg_name2":"","bldg_activ":"1998-04-01T08:00:00.000Z","edit_useri":"","bldg_sq_fo":"3500.0","edit_sourc":"","f_add1":"1920","vacancy_st":"","bldg_creat":"1998-04-01T08:00:00.000Z","no_of_unit":"0","bldg_end_d":null,"bldg_id":"507702","create_use":"","demolished":null,"pre_dir1":"W","bldg_condi":"UNINHABITABLE","bldg_name1":"","comments":"","shape_len":"326.17505545","harris_str":"02018225029000"}},{"type":"Feature","geometry":{"type":"MultiPolygon","coordinates":[[[[-87.67493561050694,41.78709646798651],[-87.67493787320609,41.78723369544164],[-87.67480218199077,41.78723566198614],[-87.67480191520048,41.787261731208936],[-87.67475423571297,41.787262830029704],[-87.67475042097543,41.78709815077717],[-87.67493561050694,41.78709646798651]]]]},"properties":{"no_stories":"0","suf_dir1":"","x_coord":"1163831.13743383","shape_area":"2654.5","year_built":"1978","cdb_city_i":"","stories":"1","y_coord":"1865730.30673815","unit_name":"","qc_date":"2005-01-20T08:00:00.000Z","edit_date":"2002-12-20T08:00:00.000Z","non_standa":"","label_hous":"5845","st_name1":"SEELEY","t_add1":"5845","z_coord":"0","qc_userid":"DS01228","qc_source":"ASSESS2002","orig_bldg_":"507082","footprint_":"AERIALS98","st_type1":"AVE","bldg_statu":"ACTIVE","condition_":"2003-03-01T08:00:00.000Z","bldg_name2":"","bldg_activ":"1998-04-01T08:00:00.000Z","edit_useri":"MKS","bldg_sq_fo":"2400.0","edit_sourc":"SANBORN_MAP","f_add1":"5845","vacancy_st":"","bldg_creat":"1998-04-01T08:00:00.000Z","no_of_unit":"0","bldg_end_d":null,"bldg_id":"507082","create_use":"","demolished":null,"pre_dir1":"S","bldg_condi":"NEEDS MINOR REPAIR","bldg_name1":"","comments":"TRUCK REPAIR","shape_len":"220.061768969","harris_str":"02018125005000"}},{"type":"Feature","geometry":{"type":"MultiPolygon","coordinates":[[[[-87.6724275283456,41.787275538815024],[-87.6724288402195,41.7873263157184],[-87.67234266162255,41.78732719204688],[-87.67234134981666,41.787276415143026],[-87.6724275283456,41.787275538815024]]]]},"properties":{"no_stories":"0","suf_dir1":"","x_coord":"1164501.61420769","shape_area":"435.0","year_built":"0","cdb_city_i":"","stories":"0","y_coord":"1865777.21414556","unit_name":"","qc_date":null,"edit_date":null,"non_standa":"","label_hous":"0","st_name1":"","t_add1":"0","z_coord":"0","qc_userid":"","qc_source":"","orig_bldg_":"506829","footprint_":"AERIALS98","st_type1":"","bldg_statu":"ACTIVE","condition_":null,"bldg_name2":"","bldg_activ":"1998-04-01T08:00:00.000Z","edit_useri":"","bldg_sq_fo":"0.0","edit_sourc":"","f_add1":"0","vacancy_st":"","bldg_creat":"1998-04-01T08:00:00.000Z","no_of_unit":"0","bldg_end_d":null,"bldg_id":"506829","create_use":"","demolished":null,"pre_dir1":"","bldg_condi":"","bldg_name1":"","comments":"","shape_len":"84.0241481408","harris_str":""}},{"type":"Feature","geometry":{"type":"MultiPolygon","coordinates":[[[[-87.67257401356629,41.78640095301933],[-87.67257608806995,41.78655601733182],[-87.67248807723995,41.7865568832326],[-87.6724841696874,41.786401808374315],[-87.67257401356629,41.78640095301933]]]]},"properties":{"no_stories":"0","suf_dir1":"","x_coord":"1164464.19416892","shape_area":"1370.75","year_built":"1927","cdb_city_i":"","stories":"1","y_coord":"1865479.55982457","unit_name":"","qc_date":"2003-06-16T07:00:00.000Z","edit_date":null,"non_standa":"","label_hous":"1921","st_name1":"59TH","t_add1":"1921","z_coord":"0","qc_userid":"DS06284","qc_source":"PARCELS","orig_bldg_":"509339","footprint_":"AERIALS98","st_type1":"ST","bldg_statu":"ACTIVE","condition_":"2001-12-01T08:00:00.000Z","bldg_name2":"","bldg_activ":"1998-04-01T08:00:00.000Z","edit_useri":"","bldg_sq_fo":"1300.0","edit_sourc":"","f_add1":"1921","vacancy_st":"","bldg_creat":"1998-04-01T08:00:00.000Z","no_of_unit":"0","bldg_end_d":null,"bldg_id":"509339","create_use":"","demolished":null,"pre_dir1":"W","bldg_condi":"NEEDS MINOR REPAIR","bldg_name1":"","comments":"","shape_len":"161.53906614","harris_str":"02018401003000"}},{"type":"Feature","geometry":{"type":"MultiPolygon","coordinates":[[[[-87.6721961919704,41.78623686617376],[-87.67219925232907,41.78629588602101],[-87.6721295744323,41.78629685715147],[-87.67212834739372,41.7862378478543],[-87.6721961919704,41.78623686617376]]]]},"properties":{"no_stories":"0","suf_dir1":"","x_coord":"1164564.97062612","shape_area":"403.5","year_built":"0","cdb_city_i":"","stories":"0","y_coord":"1865400.89933074","unit_name":"","qc_date":null,"edit_date":null,"non_standa":"","label_hous":"0","st_name1":"","t_add1":"0","z_coord":"0","qc_userid":"","qc_source":"","orig_bldg_":"510078","footprint_":"AERIALS98","st_type1":"","bldg_statu":"ACTIVE","condition_":null,"bldg_name2":"","bldg_activ":"1998-04-01T08:00:00.000Z","edit_useri":"","bldg_sq_fo":"0.0","edit_sourc":"","f_add1":"0","vacancy_st":"","bldg_creat":"1998-04-01T08:00:00.000Z","no_of_unit":"0","bldg_end_d":null,"bldg_id":"510078","create_use":"","demolished":null,"pre_dir1":"","bldg_condi":"","bldg_name1":"","comments":"","shape_len":"80.5423897497","harris_str":""}},{"type":"Feature","geometry":{"type":"MultiPolygon","coordinates":[[[[-87.6739369733632,41.785968325698704],[-87.67393823017744,41.78602459086241],[-87.67372736415109,41.78602749677247],[-87.67372610752123,41.7859712316078],[-87.6739369733632,41.785968325698704]]]]},"properties":{"no_stories":"0","suf_dir1":"","x_coord":"1164110.6127835","shape_area":"1179.5","year_built":"1909","cdb_city_i":"","stories":"1","y_coord":"1865299.39933075","unit_name":"","qc_date":"2003-06-16T07:00:00.000Z","edit_date":null,"non_standa":"","label_hous":"5921","st_name1":"DAMEN","t_add1":"5921","z_coord":"0","qc_userid":"DS06284","qc_source":"PARCELS","orig_bldg_":"510945","footprint_":"AERIALS98","st_type1":"AVE","bldg_statu":"ACTIVE","condition_":"2001-12-01T08:00:00.000Z","bldg_name2":"","bldg_activ":"1998-04-01T08:00:00.000Z","edit_useri":"","bldg_sq_fo":"900.0","edit_sourc":"","f_add1":"5921","vacancy_st":"","bldg_creat":"1998-04-01T08:00:00.000Z","no_of_unit":"1","bldg_end_d":null,"bldg_id":"510945","create_use":"","demolished":null,"pre_dir1":"S","bldg_condi":"NEEDS MINOR REPAIR","bldg_name1":"","comments":"","shape_len":"156.051317089","harris_str":"02018400012000"}},{"type":"Feature","geometry":{"type":"MultiPolygon","coordinates":[[[[-87.6727205574764,41.78605601525604],[-87.67272184139837,41.78610953629641],[-87.67250180880366,41.786112387244316],[-87.6725005391548,41.786057494138824],[-87.6727205574764,41.78605601525604]]]]},"properties":{"no_stories":"0","suf_dir1":"","x_coord":"1164443.35971778","shape_area":"1185.625","year_built":"1909","cdb_city_i":"","stories":"1","y_coord":"1865333.33760235","unit_name":"","qc_date":"2003-06-16T07:00:00.000Z","edit_date":null,"non_standa":"","label_hous":"5917","st_name1":"WINCHESTER","t_add1":"5917","z_coord":"0","qc_userid":"DS06284","qc_source":"PARCELS","orig_bldg_":"510670","footprint_":"AERIALS98","st_type1":"AVE","bldg_statu":"ACTIVE","condition_":"2001-12-01T08:00:00.000Z","bldg_name2":"","bldg_activ":"1998-04-01T08:00:00.000Z","edit_useri":"","bldg_sq_fo":"920.0","edit_sourc":"","f_add1":"5917","vacancy_st":"","bldg_creat":"1998-04-01T08:00:00.000Z","no_of_unit":"1","bldg_end_d":null,"bldg_id":"510670","create_use":"","demolished":null,"pre_dir1":"S","bldg_condi":"NEEDS MINOR REPAIR","bldg_name1":"","comments":"","shape_len":"159.539738053","harris_str":"02018401012000"}},{"type":"Feature","geometry":{"type":"MultiPolygon","coordinates":[[[[-87.67271952709282,41.78597779706164],[-87.67272067015946,41.78604503874347],[-87.6725061375381,41.78604792132702],[-87.67250499469564,41.7859806796447],[-87.67271952709282,41.78597779706164]]]]},"properties":{"no_stories":"0","suf_dir1":"","x_coord":"1164443.11315221","shape_area":"1434.0","year_built":"1909","cdb_city_i":"","stories":"2","y_coord":"1865307.64624433","unit_name":"","qc_date":"2003-06-16T07:00:00.000Z","edit_date":null,"non_standa":"","label_hous":"5921","st_name1":"WINCHESTER","t_add1":"5921","z_coord":"0","qc_userid":"DS06284","qc_source":"PARCELS","orig_bldg_":"510862","footprint_":"AERIALS98","st_type1":"AVE","bldg_statu":"ACTIVE","condition_":"2001-12-01T08:00:00.000Z","bldg_name2":"","bldg_activ":"1998-04-01T08:00:00.000Z","edit_useri":"","bldg_sq_fo":"1584.0","edit_sourc":"","f_add1":"5921","vacancy_st":"","bldg_creat":"1998-04-01T08:00:00.000Z","no_of_unit":"1","bldg_end_d":null,"bldg_id":"510862","create_use":"","demolished":null,"pre_dir1":"S","bldg_condi":"NEEDS MAJOR REPAIR","bldg_name1":"","comments":"","shape_len":"166.048658238","harris_str":"02018401013000"}},{"type":"Feature","geometry":{"type":"MultiPolygon","coordinates":[[[[-87.6727411470138,41.787264993329764],[-87.67274234645076,41.7873267467416],[-87.67255164229277,41.78732976642043],[-87.67255045712845,41.78726664094421],[-87.6727411470138,41.787264993329764]]]]},"properties":{"no_stories":"0","suf_dir1":"","x_coord":"1164430.36044354","shape_area":"1183.625","year_built":"1913","cdb_city_i":"","stories":"2","y_coord":"1865775.52278753","unit_name":"","qc_date":"2003-06-16T07:00:00.000Z","edit_date":null,"non_standa":"","label_hous":"5839","st_name1":"WINCHESTER","t_add1":"5839","z_coord":"0","qc_userid":"DS06284","qc_source":"PARCELS","orig_bldg_":"506828","footprint_":"AERIALS98","st_type1":"AVE","bldg_statu":"ACTIVE","condition_":"2001-12-01T08:00:00.000Z","bldg_name2":"","bldg_activ":"1998-04-01T08:00:00.000Z","edit_useri":"","bldg_sq_fo":"840.0","edit_sourc":"","f_add1":"5839","vacancy_st":"","bldg_creat":"1998-04-01T08:00:00.000Z","no_of_unit":"1","bldg_end_d":null,"bldg_id":"506828","create_use":"","demolished":null,"pre_dir1":"S","bldg_condi":"NEEDS MINOR REPAIR","bldg_name1":"","comments":"","shape_len":"149.542233623","harris_str":"02018225019000"}},{"type":"Feature","geometry":{"type":"MultiPolygon","coordinates":[[[[-87.67271561899956,41.78582272219185],[-87.67271860939331,41.785888602353346],[-87.67250407729352,41.78589148493689],[-87.67250292036398,41.78582561531683],[-87.67271561899956,41.78582272219185]]]]},"properties":{"no_stories":"0","suf_dir1":"","x_coord":"1164444.21390374","shape_area":"1399.125","year_built":"1909","cdb_city_i":"","stories":"2","y_coord":"1865250.86538013","unit_name":"","qc_date":"2003-06-16T07:00:00.000Z","edit_date":null,"non_standa":"","label_hous":"5925","st_name1":"WINCHESTER","t_add1":"5925","z_coord":"0","qc_userid":"DS06284","qc_source":"PARCELS","orig_bldg_":"511338","footprint_":"AERIALS98","st_type1":"AVE","bldg_statu":"ACTIVE","condition_":"2001-12-01T08:00:00.000Z","bldg_name2":"","bldg_activ":"1998-04-01T08:00:00.000Z","edit_useri":"","bldg_sq_fo":"1036.0","edit_sourc":"","f_add1":"5925","vacancy_st":"","bldg_creat":"1998-04-01T08:00:00.000Z","no_of_unit":"1","bldg_end_d":null,"bldg_id":"511338","create_use":"","demolished":null,"pre_dir1":"S","bldg_condi":"NEEDS MINOR REPAIR","bldg_name1":"","comments":"","shape_len":"164.564652986","harris_str":"02018401015000"}},{"type":"Feature","geometry":{"type":"MultiPolygon","coordinates":[[[[-87.67438365225637,41.78710702475109],[-87.67438753630753,41.78726484368759],[-87.67424451187289,41.78726676751013],[-87.6742406281725,41.78710894857138],[-87.67438365225637,41.78710702475109]]]]},"properties":{"no_stories":"0","suf_dir1":"","x_coord":"1163975.80170315","shape_area":"2244.0","year_built":"0","cdb_city_i":"","stories":"0","y_coord":"1865733.90241716","unit_name":"","qc_date":null,"edit_date":"2008-02-21T08:00:00.000Z","non_standa":"","label_hous":"5832","st_name1":"DAMEN","t_add1":"5844","z_coord":"0","qc_userid":"","qc_source":"","orig_bldg_":"507060","footprint_":"AERIALS98","st_type1":"AVE","bldg_statu":"ACTIVE","condition_":null,"bldg_name2":"","bldg_activ":"1998-04-01T08:00:00.000Z","edit_useri":"DT00255","bldg_sq_fo":"0.0","edit_sourc":"","f_add1":"5832","vacancy_st":"","bldg_creat":"1998-04-01T08:00:00.000Z","no_of_unit":"0","bldg_end_d":null,"bldg_id":"507060","create_use":"","demolished":null,"pre_dir1":"S","bldg_condi":"","bldg_name1":"","comments":"","shape_len":"193.064760592","harris_str":""}},{"type":"Feature","geometry":{"type":"MultiPolygon","coordinates":[[[[-87.67330358865631,41.78676876541209],[-87.67330608711845,41.78688266779346],[-87.6732254089442,41.78688357638683],[-87.67322291062489,41.78676967400476],[-87.67330358865631,41.78676876541209]]]]},"properties":{"no_stories":"0","suf_dir1":"","x_coord":"1164263.08343394","shape_area":"913.5","year_built":"1912","cdb_city_i":"","stories":"2","y_coord":"1865603.63389865","unit_name":"","qc_date":"2003-06-16T07:00:00.000Z","edit_date":null,"non_standa":"","label_hous":"1940","st_name1":"59TH","t_add1":"1940","z_coord":"0","qc_userid":"DS06284","qc_source":"PARCELS","orig_bldg_":"508449","footprint_":"AERIALS98","st_type1":"ST","bldg_statu":"ACTIVE","condition_":"2001-12-01T08:00:00.000Z","bldg_name2":"","bldg_activ":"1998-04-01T08:00:00.000Z","edit_useri":"","bldg_sq_fo":"819.0","edit_sourc":"","f_add1":"1940","vacancy_st":"","bldg_creat":"1998-04-01T08:00:00.000Z","no_of_unit":"1","bldg_end_d":null,"bldg_id":"508449","create_use":"","demolished":null,"pre_dir1":"W","bldg_condi":"NEEDS MINOR REPAIR","bldg_name1":"","comments":"","shape_len":"127.035455058","harris_str":"02018224035000"}},{"type":"Feature","geometry":{"type":"MultiPolygon","coordinates":[[[[-87.67266932905348,41.786402873350696],[-87.67267141787352,41.78655656559912],[-87.67259074010501,41.78655747374969],[-87.67258865147767,41.78640378150122],[-87.67266932905348,41.786402873350696]]]]},"properties":{"no_stories":"0","suf_dir1":"","x_coord":"1164437.08362651","shape_area":"1232.5","year_built":"0","cdb_city_i":"","stories":"2","y_coord":"1865479.77896037","unit_name":"","qc_date":null,"edit_date":null,"non_standa":"","label_hous":"1923","st_name1":"59TH","t_add1":"1923","z_coord":"0","qc_userid":"","qc_source":"","orig_bldg_":"509343","footprint_":"AERIALS98","st_type1":"ST","bldg_statu":"ACTIVE","condition_":"2001-12-01T08:00:00.000Z","bldg_name2":"","bldg_activ":"1998-04-01T08:00:00.000Z","edit_useri":"","bldg_sq_fo":"0.0","edit_sourc":"","f_add1":"1923","vacancy_st":"","bldg_creat":"1998-04-01T08:00:00.000Z","no_of_unit":"1","bldg_end_d":null,"bldg_id":"509343","create_use":"","demolished":null,"pre_dir1":"W","bldg_condi":"NEEDS MINOR REPAIR","bldg_name1":"","comments":"","shape_len":"156.029217889","harris_str":"02018401002000"}},{"type":"Feature","geometry":{"type":"MultiPolygon","coordinates":[[[[-87.6720112865389,41.785854345574535],[-87.67201252756773,41.78591198281213],[-87.67180532836291,41.78591490630264],[-87.67180408751966,41.78585726906416],[-87.6720112865389,41.785854345574535]]]]},"properties":{"no_stories":"0","suf_dir1":"","x_coord":"1164635.61283727","shape_area":"1187.25","year_built":"1924","cdb_city_i":"","stories":"1","y_coord":"1865262.18019493","unit_name":"","qc_date":"2003-06-16T07:00:00.000Z","edit_date":null,"non_standa":"","label_hous":"5924","st_name1":"WOLCOTT","t_add1":"5924","z_coord":"0","qc_userid":"DS06284","qc_source":"PARCELS","orig_bldg_":"511251","footprint_":"AERIALS98","st_type1":"AVE","bldg_statu":"ACTIVE","condition_":"2001-12-01T08:00:00.000Z","bldg_name2":"","bldg_activ":"1998-04-01T08:00:00.000Z","edit_useri":"","bldg_sq_fo":"1054.0","edit_sourc":"","f_add1":"5924","vacancy_st":"","bldg_creat":"1998-04-01T08:00:00.000Z","no_of_unit":"1","bldg_end_d":null,"bldg_id":"511251","create_use":"","demolished":null,"pre_dir1":"S","bldg_condi":"NEEDS MINOR REPAIR","bldg_name1":"","comments":"","shape_len":"155.051719069","harris_str":"02018401033000"}},{"type":"Feature","geometry":{"type":"MultiPolygon","coordinates":[[[[-87.67200434854448,41.785994264432716],[-87.67200558956819,41.786051901668976],[-87.67181123677342,41.78605352697578],[-87.6718099959238,41.78599588973869],[-87.67200434854448,41.785994264432716]]]]},"properties":{"no_stories":"0","suf_dir1":"","x_coord":"1164635.36357213","shape_area":"1113.5","year_built":"1914","cdb_city_i":"","stories":"2","y_coord":"1865312.89933075","unit_name":"","qc_date":"2003-06-16T07:00:00.000Z","edit_date":null,"non_standa":"","label_hous":"5918","st_name1":"WOLCOTT","t_add1":"5918","z_coord":"0","qc_userid":"DS06284","qc_source":"PARCELS","orig_bldg_":"510829","footprint_":"AERIALS98","st_type1":"AVE","bldg_statu":"ACTIVE","condition_":"2001-12-01T08:00:00.000Z","bldg_name2":"","bldg_activ":"1998-04-01T08:00:00.000Z","edit_useri":"","bldg_sq_fo":"862.0","edit_sourc":"","f_add1":"5918","vacancy_st":"","bldg_creat":"1998-04-01T08:00:00.000Z","no_of_unit":"1","bldg_end_d":null,"bldg_id":"510829","create_use":"","demolished":null,"pre_dir1":"S","bldg_condi":"NEEDS MINOR REPAIR","bldg_name1":"","comments":"","shape_len":"148.030769321","harris_str":"02018401031000"}},{"type":"Feature","geometry":{"type":"MultiPolygon","coordinates":[[[[-87.67187880301285,41.786512825626986],[-87.67185912642046,41.786510254263334],[-87.67185890836143,41.78631855685385],[-87.67200668439202,41.78631776964353],[-87.67201674540394,41.786510342714315],[-87.67200580024547,41.786510279707414],[-87.67200574131932,41.78651601343325],[-87.67195317871918,41.78651816890587],[-87.67195324607813,41.78651161515761],[-87.67192697884344,41.78651146393139],[-87.67192473000803,41.786517186121095],[-87.67188092411638,41.78651939090377],[-87.67187880301285,41.786512825626986]]]]},"properties":{"no_stories":"0","suf_dir1":"","x_coord":"1164626.10756522","shape_area":"2994.01870071","year_built":"2008","cdb_city_i":"","stories":"3","y_coord":"1865453.92796523","unit_name":"","qc_date":"2010-06-02T07:00:00.000Z","edit_date":"2010-06-02T07:00:00.000Z","non_standa":"","label_hous":"1901","st_name1":"59TH","t_add1":"1905","z_coord":"0","qc_userid":"DS01228","qc_source":"","orig_bldg_":"890576","footprint_":"AERIALS","st_type1":"ST","bldg_statu":"ACTIVE","condition_":"2010-06-02T07:00:00.000Z","bldg_name2":"","bldg_activ":"2010-06-02T07:00:00.000Z","edit_useri":"DS01228","bldg_sq_fo":"0.0","edit_sourc":"","f_add1":"1901","vacancy_st":"","bldg_creat":"2010-06-02T07:00:00.000Z","no_of_unit":"6","bldg_end_d":null,"bldg_id":"890576","create_use":"DS01228","demolished":null,"pre_dir1":"W","bldg_condi":"SOUND","bldg_name1":"","comments":"","shape_len":"231.42771524","harris_str":""}},{"type":"Feature","geometry":{"type":"MultiPolygon","coordinates":[[[[-87.66631423470788,41.789117299897846],[-87.66639306815989,41.78911775759773],[-87.66639247084258,41.789175384183615],[-87.66631363731999,41.78917492648281],[-87.66631423470788,41.789117299897846]]]]},"properties":{"no_stories":"0","suf_dir1":"","x_coord":"1166141.39590605","shape_area":"451.5","year_built":"0","cdb_city_i":"","stories":"0","y_coord":"1866462.33760235","unit_name":"","qc_date":null,"edit_date":null,"non_standa":"","label_hous":"0","st_name1":"","t_add1":"0","z_coord":"0","qc_userid":"","qc_source":"","orig_bldg_":"500890","footprint_":"AERIALS98","st_type1":"","bldg_statu":"ACTIVE","condition_":null,"bldg_name2":"","bldg_activ":"1998-04-01T08:00:00.000Z","edit_useri":"","bldg_sq_fo":"0.0","edit_sourc":"","f_add1":"0","vacancy_st":"","bldg_creat":"1998-04-01T08:00:00.000Z","no_of_unit":"0","bldg_end_d":null,"bldg_id":"500890","create_use":"","demolished":null,"pre_dir1":"","bldg_condi":"","bldg_name1":"","comments":"","shape_len":"85.0","harris_str":""}},{"type":"Feature","geometry":{"type":"MultiPolygon","coordinates":[[[[-87.66910701925963,41.78836370860025],[-87.6691083001966,41.788417229638085],[-87.6689029261762,41.78842015843289],[-87.66890164541007,41.78836663739403],[-87.66910701925963,41.78836370860025]]]]},"properties":{"no_stories":"0","suf_dir1":"","x_coord":"1165420.36266769","shape_area":"1092.75","year_built":"1962","cdb_city_i":"","stories":"1","y_coord":"1866181.83760235","unit_name":"","qc_date":"2003-06-16T07:00:00.000Z","edit_date":null,"non_standa":"","label_hous":"5801","st_name1":"WOOD","t_add1":"5801","z_coord":"0","qc_userid":"DS06284","qc_source":"PARCELS","orig_bldg_":"503571","footprint_":"AERIALS98","st_type1":"ST","bldg_statu":"ACTIVE","condition_":"2001-12-01T08:00:00.000Z","bldg_name2":"","bldg_activ":"1998-04-01T08:00:00.000Z","edit_useri":"","bldg_sq_fo":"1056.0","edit_sourc":"","f_add1":"5801","vacancy_st":"","bldg_creat":"1998-04-01T08:00:00.000Z","no_of_unit":"1","bldg_end_d":null,"bldg_id":"503571","create_use":"","demolished":null,"pre_dir1":"S","bldg_condi":"NEEDS MAJOR REPAIR","bldg_name1":"","comments":"","shape_len":"151.052989774","harris_str":"02018228015000"}},{"type":"Feature","geometry":{"type":"MultiPolygon","coordinates":[[[[-87.66601281303855,41.78812760551448],[-87.66601403448142,41.78818661481698],[-87.66580500874348,41.78818814471729],[-87.66580377325843,41.788130507475636],[-87.66601281303855,41.78812760551448]]]]},"properties":{"no_stories":"0","suf_dir1":"","x_coord":"1166265.36633641","shape_area":"1211.875","year_built":"1924","cdb_city_i":"","stories":"1","y_coord":"1866103.18019494","unit_name":"","qc_date":"2003-06-16T07:00:00.000Z","edit_date":null,"non_standa":"","label_hous":"5808","st_name1":"MARSHFIELD","t_add1":"5808","z_coord":"0","qc_userid":"DS06284","qc_source":"PARCELS","orig_bldg_":"504184","footprint_":"AERIALS98","st_type1":"AVE","bldg_statu":"ACTIVE","condition_":"2001-12-01T08:00:00.000Z","bldg_name2":"","bldg_activ":"1998-04-01T08:00:00.000Z","edit_useri":"","bldg_sq_fo":"1050.0","edit_sourc":"","f_add1":"5808","vacancy_st":"","bldg_creat":"1998-04-01T08:00:00.000Z","no_of_unit":"1","bldg_end_d":null,"bldg_id":"504184","create_use":"","demolished":null,"pre_dir1":"S","bldg_condi":"NEEDS MINOR REPAIR","bldg_name1":"","comments":"","shape_len":"156.540269386","harris_str":"02018230015000"}},{"type":"Feature","geometry":{"type":"MultiPolygon","coordinates":[[[[-87.66725781836786,41.788825019415476],[-87.66725904095762,41.788884028706015],[-87.66716186027546,41.78888483735336],[-87.6671489417336,41.788892995305034],[-87.66705542769769,41.788893825125065],[-87.66705380748195,41.788873233564864],[-87.6670410594235,41.78886492676252],[-87.66703939658927,41.78884845138753],[-87.66705417687946,41.788837559957464],[-87.66710919093764,41.78883650687086],[-87.66712212367918,41.788826976861685],[-87.66725781836786,41.788825019415476]]]]},"properties":{"no_stories":"0","suf_dir1":"","x_coord":"1165925.00751064","shape_area":"1244.375","year_built":"1917","cdb_city_i":"","stories":"2","y_coord":"1866356.36538014","unit_name":"","qc_date":"2003-06-16T07:00:00.000Z","edit_date":null,"non_standa":"","label_hous":"5750","st_name1":"PAULINA","t_add1":"5750","z_coord":"0","qc_userid":"DS06284","qc_source":"PARCELS","orig_bldg_":"501916","footprint_":"AERIALS98","st_type1":"ST","bldg_statu":"ACTIVE","condition_":"2001-12-01T08:00:00.000Z","bldg_name2":"","bldg_activ":"1998-04-01T08:00:00.000Z","edit_useri":"","bldg_sq_fo":"2320.0","edit_sourc":"","f_add1":"5750","vacancy_st":"","bldg_creat":"1998-04-01T08:00:00.000Z","no_of_unit":"2","bldg_end_d":null,"bldg_id":"501916","create_use":"","demolished":null,"pre_dir1":"S","bldg_condi":"NEEDS MINOR REPAIR","bldg_name1":"","comments":"","shape_len":"158.900864939","harris_str":"02018221044000"}},{"type":"Feature","geometry":{"type":"MultiPolygon","coordinates":[[[[-87.665159570214,41.788725017314874],[-87.66516124681166,41.78874012065258],[-87.66517591341085,41.78874020595671],[-87.6651773335565,41.78878000639792],[-87.66510581959272,41.78878096258443],[-87.66510272290697,41.788726058804244],[-87.665159570214,41.788725017314874]]]]},"properties":{"no_stories":"0","suf_dir1":"","x_coord":"1166473.2668059","shape_area":"371.75","year_built":"0","cdb_city_i":"","stories":"0","y_coord":"1866321.55673815","unit_name":"","qc_date":null,"edit_date":null,"non_standa":"","label_hous":"0","st_name1":"","t_add1":"0","z_coord":"0","qc_userid":"","qc_source":"","orig_bldg_":"502323","footprint_":"AERIALS98","st_type1":"","bldg_statu":"ACTIVE","condition_":null,"bldg_name2":"","bldg_activ":"1998-04-01T08:00:00.000Z","edit_useri":"","bldg_sq_fo":"0.0","edit_sourc":"","f_add1":"0","vacancy_st":"","bldg_creat":"1998-04-01T08:00:00.000Z","no_of_unit":"0","bldg_end_d":null,"bldg_id":"502323","create_use":"","demolished":null,"pre_dir1":"","bldg_condi":"","bldg_name1":"","comments":"","shape_len":"79.070754654","harris_str":""}},{"type":"Feature","geometry":{"type":"MultiPolygon","coordinates":[[[[-87.6688117987746,41.78836748985629],[-87.66881309363586,41.7884196388332],[-87.66872874687746,41.788420523044195],[-87.66872745208455,41.788368374066856],[-87.6688117987746,41.78836748985629]]]]},"properties":{"no_stories":"0","suf_dir1":"","x_coord":"1165484.36422964","shape_area":"437.25","year_built":"0","cdb_city_i":"","stories":"0","y_coord":"1866182.99500975","unit_name":"","qc_date":null,"edit_date":null,"non_standa":"","label_hous":"0","st_name1":"","t_add1":"0","z_coord":"0","qc_userid":"","qc_source":"","orig_bldg_":"503561","footprint_":"AERIALS98","st_type1":"","bldg_statu":"ACTIVE","condition_":null,"bldg_name2":"","bldg_activ":"1998-04-01T08:00:00.000Z","edit_useri":"","bldg_sq_fo":"0.0","edit_sourc":"","f_add1":"0","vacancy_st":"","bldg_creat":"1998-04-01T08:00:00.000Z","no_of_unit":"0","bldg_end_d":null,"bldg_id":"503561","create_use":"","demolished":null,"pre_dir1":"","bldg_condi":"","bldg_name1":"","comments":"","shape_len":"84.0240238988","harris_str":""}},{"type":"Feature","geometry":{"type":"MultiPolygon","coordinates":[[[[-87.66600938140255,41.78863527897277],[-87.66601060284584,41.78869428827016],[-87.66580522787211,41.78869721151932],[-87.66580217329495,41.78863819156828],[-87.66600938140255,41.78863527897277]]]]},"properties":{"no_stories":"0","suf_dir1":"","x_coord":"1166264.48010071","shape_area":"1210.5","year_built":"1915","cdb_city_i":"","stories":"2","y_coord":"1866288.46105915","unit_name":"","qc_date":"2003-06-16T07:00:00.000Z","edit_date":null,"non_standa":"","label_hous":"5758","st_name1":"MARSHFIELD","t_add1":"5758","z_coord":"0","qc_userid":"DS06284","qc_source":"PARCELS","orig_bldg_":"502656","footprint_":"AERIALS98","st_type1":"AVE","bldg_statu":"ACTIVE","condition_":"2001-12-01T08:00:00.000Z","bldg_name2":"","bldg_activ":"1998-04-01T08:00:00.000Z","edit_useri":"","bldg_sq_fo":"1600.0","edit_sourc":"","f_add1":"5758","vacancy_st":"","bldg_creat":"1998-04-01T08:00:00.000Z","no_of_unit":"2","bldg_end_d":null,"bldg_id":"502656","create_use":"","demolished":null,"pre_dir1":"S","bldg_condi":"NEEDS MINOR REPAIR","bldg_name1":"","comments":"","shape_len":"155.569050098","harris_str":"02018222045000"}},{"type":"Feature","geometry":{"type":"MultiPolygon","coordinates":[[[[-87.66793587947828,41.787968614320164],[-87.66793708849555,41.78802899567893],[-87.66770238279776,41.78803175243344],[-87.6677011598074,41.787972743136045],[-87.66793587947828,41.787968614320164]]]]},"properties":{"no_stories":"0","suf_dir1":"","x_coord":"1165744.8656593","shape_area":"1392.875","year_built":"1899","cdb_city_i":"","stories":"2","y_coord":"1866041.74192332","unit_name":"","qc_date":"2003-06-16T07:00:00.000Z","edit_date":null,"non_standa":"","label_hous":"5815","st_name1":"HERMITAGE","t_add1":"5815","z_coord":"0","qc_userid":"DS06284","qc_source":"PARCELS","orig_bldg_":"504693","footprint_":"AERIALS98","st_type1":"AVE","bldg_statu":"ACTIVE","condition_":"2001-12-01T08:00:00.000Z","bldg_name2":"","bldg_activ":"1998-04-01T08:00:00.000Z","edit_useri":"","bldg_sq_fo":"2100.0","edit_sourc":"","f_add1":"5815","vacancy_st":"","bldg_creat":"1998-04-01T08:00:00.000Z","no_of_unit":"1","bldg_end_d":null,"bldg_id":"504693","create_use":"","demolished":null,"pre_dir1":"S","bldg_condi":"NEEDS MINOR REPAIR","bldg_name1":"","comments":"","shape_len":"171.560312338","harris_str":"02018229006000"}},{"type":"Feature","geometry":{"type":"MultiPolygon","coordinates":[[[[-87.66548763186331,41.78891353655893],[-87.6654907004026,41.788971184452144],[-87.66534949114025,41.788974479889205],[-87.66534642272741,41.78891683199317],[-87.66548763186331,41.78891353655893]]]]},"properties":{"no_stories":"0","suf_dir1":"","x_coord":"1166396.82976849","shape_area":"810.0","year_built":"1899","cdb_city_i":"","stories":"2","y_coord":"1866390.68019495","unit_name":"","qc_date":"2003-06-16T07:00:00.000Z","edit_date":null,"non_standa":"","label_hous":"5749","st_name1":"MARSHFIELD","t_add1":"5749","z_coord":"0","qc_userid":"DS06284","qc_source":"PARCELS","orig_bldg_":"501573","footprint_":"AERIALS98","st_type1":"AVE","bldg_statu":"ACTIVE","condition_":"2001-12-01T08:00:00.000Z","bldg_name2":"","bldg_activ":"1998-04-01T08:00:00.000Z","edit_useri":"","bldg_sq_fo":"704.0","edit_sourc":"","f_add1":"5749","vacancy_st":"","bldg_creat":"1998-04-01T08:00:00.000Z","no_of_unit":"1","bldg_end_d":null,"bldg_id":"501573","create_use":"","demolished":null,"pre_dir1":"S","bldg_condi":"NEEDS MINOR REPAIR","bldg_name1":"","comments":"","shape_len":"119.10601148","harris_str":"02018223020000"}},{"type":"Feature","geometry":{"type":"MultiPolygon","coordinates":[[[[-87.66601233656165,41.7887039033507],[-87.66601171045251,41.78876427405939],[-87.66580821128362,41.788763091777206],[-87.66580699002547,41.788704082479704],[-87.66601233656165,41.7887039033507]]]]},"properties":{"no_stories":"0","suf_dir1":"","x_coord":"1166263.50802204","shape_area":"1212.625","year_built":"1915","cdb_city_i":"","stories":"2","y_coord":"1866312.89933074","unit_name":"","qc_date":"2003-06-16T07:00:00.000Z","edit_date":null,"non_standa":"","label_hous":"5756","st_name1":"MARSHFIELD","t_add1":"5756","z_coord":"0","qc_userid":"DS06284","qc_source":"PARCELS","orig_bldg_":"502397","footprint_":"AERIALS98","st_type1":"AVE","bldg_statu":"ACTIVE","condition_":"2001-12-01T08:00:00.000Z","bldg_name2":"","bldg_activ":"1998-04-01T08:00:00.000Z","edit_useri":"","bldg_sq_fo":"1600.0","edit_sourc":"","f_add1":"5756","vacancy_st":"","bldg_creat":"1998-04-01T08:00:00.000Z","no_of_unit":"1","bldg_end_d":null,"bldg_id":"502397","create_use":"","demolished":null,"pre_dir1":"S","bldg_condi":"NEEDS MINOR REPAIR","bldg_name1":"","comments":"","shape_len":"155.008045266","harris_str":"02018222044000"}},{"type":"Feature","geometry":{"type":"MultiPolygon","coordinates":[[[[-87.66617253285818,41.78863759873096],[-87.6662348658187,41.7886379607112],[-87.66623244927077,41.7886942045924],[-87.66617194957975,41.78869385325747],[-87.66617253285818,41.78863759873096]]]]},"properties":{"no_stories":"0","suf_dir1":"","x_coord":"1166183.78633815","shape_area":"343.375","year_built":"0","cdb_city_i":"","stories":"0","y_coord":"1866287.55673815","unit_name":"","qc_date":null,"edit_date":null,"non_standa":"","label_hous":"0","st_name1":"","t_add1":"0","z_coord":"0","qc_userid":"","qc_source":"","orig_bldg_":"502679","footprint_":"AERIALS98","st_type1":"","bldg_statu":"ACTIVE","condition_":null,"bldg_name2":"","bldg_activ":"1998-04-01T08:00:00.000Z","edit_useri":"","bldg_sq_fo":"0.0","edit_sourc":"","f_add1":"0","vacancy_st":"","bldg_creat":"1998-04-01T08:00:00.000Z","no_of_unit":"0","bldg_end_d":null,"bldg_id":"502679","create_use":"","demolished":null,"pre_dir1":"","bldg_condi":"","bldg_name1":"","comments":"","shape_len":"74.5060966544","harris_str":""}},{"type":"Feature","geometry":{"type":"MultiPolygon","coordinates":[[[[-87.66598137405488,41.788330500247774],[-87.66598259547034,41.78838950954836],[-87.66582122103452,41.788392688423855],[-87.66581999976707,41.78833367912267],[-87.66598137405488,41.788330500247774]]]]},"properties":{"no_stories":"0","suf_dir1":"","x_coord":"1166266.86288854","shape_area":"946.75","year_built":"0","cdb_city_i":"","stories":"0","y_coord":"1866177.46105914","unit_name":"","qc_date":"2003-06-16T07:00:00.000Z","edit_date":null,"non_standa":"","label_hous":"5802","st_name1":"MARSHFIELD","t_add1":"5802","z_coord":"0","qc_userid":"DS06284","qc_source":"PARCELS","orig_bldg_":"503597","footprint_":"AERIALS98","st_type1":"AVE","bldg_statu":"ACTIVE","condition_":null,"bldg_name2":"","bldg_activ":"1998-04-01T08:00:00.000Z","edit_useri":"","bldg_sq_fo":"0.0","edit_sourc":"","f_add1":"5802","vacancy_st":"","bldg_creat":"1998-04-01T08:00:00.000Z","no_of_unit":"0","bldg_end_d":null,"bldg_id":"503597","create_use":"","demolished":null,"pre_dir1":"S","bldg_condi":"","bldg_name1":"","comments":"","shape_len":"131.06274785","harris_str":""}},{"type":"Feature","geometry":{"type":"MultiPolygon","coordinates":[[[[-87.66847978808455,41.789092805341525],[-87.66848101179707,41.78915181462451],[-87.66825363536317,41.789154614915866],[-87.66825241185919,41.789095605632006],[-87.66847978808455,41.789092805341525]]]]},"properties":{"no_stories":"0","suf_dir1":"","x_coord":"1165592.36288854","shape_area":"1333.75","year_built":"1909","cdb_city_i":"","stories":"1","y_coord":"1866449.96105915","unit_name":"","qc_date":"2003-06-16T07:00:00.000Z","edit_date":null,"non_standa":"","label_hous":"5740","st_name1":"HERMITAGE","t_add1":"5740","z_coord":"0","qc_userid":"DS06284","qc_source":"PARCELS","orig_bldg_":"500994","footprint_":"AERIALS98","st_type1":"AVE","bldg_statu":"ACTIVE","condition_":"2001-12-01T08:00:00.000Z","bldg_name2":"","bldg_activ":"1998-04-01T08:00:00.000Z","edit_useri":"","bldg_sq_fo":"1901.0","edit_sourc":"","f_add1":"5740","vacancy_st":"","bldg_creat":"1998-04-01T08:00:00.000Z","no_of_unit":"1","bldg_end_d":null,"bldg_id":"500994","create_use":"","demolished":null,"pre_dir1":"S","bldg_condi":"NEEDS MINOR REPAIR","bldg_name1":"","comments":"","shape_len":"167.047911349","harris_str":"02018220036000"}},{"type":"Feature","geometry":{"type":"MultiPolygon","coordinates":[[[[-87.6679464545622,41.78889624515411],[-87.6679477061613,41.78895251031711],[-87.66774967792698,41.78895410744966],[-87.66774841230824,41.788899214347786],[-87.6679464545622,41.78889624515411]]]]},"properties":{"no_stories":"0","suf_dir1":"","x_coord":"1165734.3664091","shape_area":"1094.125","year_built":"1909","cdb_city_i":"","stories":"2","y_coord":"1866378.61846656","unit_name":"","qc_date":"2003-06-16T07:00:00.000Z","edit_date":null,"non_standa":"","label_hous":"5747","st_name1":"HERMITAGE","t_add1":"5747","z_coord":"0","qc_userid":"DS06284","qc_source":"PARCELS","orig_bldg_":"501710","footprint_":"AERIALS98","st_type1":"AVE","bldg_statu":"ACTIVE","condition_":"2001-12-01T08:00:00.000Z","bldg_name2":"","bldg_activ":"1998-04-01T08:00:00.000Z","edit_useri":"","bldg_sq_fo":"1738.0","edit_sourc":"","f_add1":"5747","vacancy_st":"","bldg_creat":"1998-04-01T08:00:00.000Z","no_of_unit":"2","bldg_end_d":null,"bldg_id":"501710","create_use":"","demolished":null,"pre_dir1":"S","bldg_condi":"NEEDS MINOR REPAIR","bldg_name1":"","comments":"","shape_len":"148.54243346","harris_str":"02018221020000"}},{"type":"Feature","geometry":{"type":"MultiPolygon","coordinates":[[[[-87.6672423563429,41.78890176984192],[-87.66723806471943,41.78896211930362],[-87.66714823145284,41.78896159839664],[-87.66714661120598,41.78894100683777],[-87.66713376368055,41.788942304478425],[-87.66713355059134,41.788962885405745],[-87.66705470310957,41.78896380027716],[-87.66705308289261,41.78894320871719],[-87.66704407252203,41.78892806287208],[-87.66704421460042,41.78891434225403],[-87.66705531403699,41.78890480161956],[-87.6672423563429,41.78890176984192]]]]},"properties":{"no_stories":"0","suf_dir1":"","x_coord":"1165926.27595656","shape_area":"1093.375","year_built":"1914","cdb_city_i":"","stories":"2","y_coord":"1866382.96105914","unit_name":"","qc_date":"2003-06-16T07:00:00.000Z","edit_date":null,"non_standa":"","label_hous":"5748","st_name1":"PAULINA","t_add1":"5748","z_coord":"0","qc_userid":"DS06284","qc_source":"PARCELS","orig_bldg_":"501660","footprint_":"AERIALS98","st_type1":"ST","bldg_statu":"ACTIVE","condition_":"2001-12-01T08:00:00.000Z","bldg_name2":"","bldg_activ":"1998-04-01T08:00:00.000Z","edit_useri":"","bldg_sq_fo":"2382.0","edit_sourc":"","f_add1":"5748","vacancy_st":"","bldg_creat":"1998-04-01T08:00:00.000Z","no_of_unit":"2","bldg_end_d":null,"bldg_id":"501660","create_use":"","demolished":null,"pre_dir1":"S","bldg_condi":"NEEDS MINOR REPAIR","bldg_name1":"","comments":"","shape_len":"160.770708268","harris_str":"02018221043000"}},{"type":"Feature","geometry":{"type":"MultiPolygon","coordinates":[[[[-87.66841231600058,41.7881703338505],[-87.66841393663655,41.78819092539709],[-87.66843410305168,41.78819104211758],[-87.66843372024971,41.788228087801365],[-87.66824852742684,41.78822976008529],[-87.6682472897523,41.788172122854384],[-87.66841231600058,41.7881703338505]]]]},"properties":{"no_stories":"0","suf_dir1":"","x_coord":"1165602.01069147","shape_area":"1025.875","year_built":"1899","cdb_city_i":"","stories":"1","y_coord":"1866113.39933073","unit_name":"","qc_date":"2003-06-16T07:00:00.000Z","edit_date":null,"non_standa":"","label_hous":"5808","st_name1":"HERMITAGE","t_add1":"5808","z_coord":"0","qc_userid":"DS06284","qc_source":"PARCELS","orig_bldg_":"504098","footprint_":"AERIALS98","st_type1":"AVE","bldg_statu":"ACTIVE","condition_":"2001-12-01T08:00:00.000Z","bldg_name2":"","bldg_activ":"1998-04-01T08:00:00.000Z","edit_useri":"","bldg_sq_fo":"924.0","edit_sourc":"","f_add1":"5808","vacancy_st":"","bldg_creat":"1998-04-01T08:00:00.000Z","no_of_unit":"1","bldg_end_d":null,"bldg_id":"504098","create_use":"","demolished":null,"pre_dir1":"S","bldg_condi":"NEEDS MINOR REPAIR","bldg_name1":"","comments":"","shape_len":"143.043609486","harris_str":"02018228012000"}},{"type":"Feature","geometry":{"type":"MultiPolygon","coordinates":[[[[-87.66910362969205,41.788159239481956],[-87.66910488229723,41.78821550464678],[-87.6688995230887,41.78821706137775],[-87.66889825649517,41.78816216827452],[-87.66910362969205,41.788159239481956]]]]},"properties":{"no_stories":"0","suf_dir1":"","x_coord":"1165421.8664091","shape_area":"1134.625","year_built":"1963","cdb_city_i":"","stories":"1","y_coord":"1866107.61846655","unit_name":"","qc_date":"2003-06-16T07:00:00.000Z","edit_date":null,"non_standa":"","label_hous":"5809","st_name1":"WOOD","t_add1":"5809","z_coord":"0","qc_userid":"DS06284","qc_source":"PARCELS","orig_bldg_":"504150","footprint_":"AERIALS98","st_type1":"ST","bldg_statu":"ACTIVE","condition_":"2001-12-01T08:00:00.000Z","bldg_name2":"","bldg_activ":"1998-04-01T08:00:00.000Z","edit_useri":"","bldg_sq_fo":"1056.0","edit_sourc":"","f_add1":"5809","vacancy_st":"","bldg_creat":"1998-04-01T08:00:00.000Z","no_of_unit":"1","bldg_end_d":null,"bldg_id":"504150","create_use":"","demolished":null,"pre_dir1":"S","bldg_condi":"SOUND","bldg_name1":"","comments":"","shape_len":"152.541359222","harris_str":"02018228002000"}},{"type":"Feature","geometry":{"type":"MultiPolygon","coordinates":[[[[-87.66518299662066,41.78752836927647],[-87.66474433673078,41.78753898975117],[-87.66475244653377,41.78760544874058],[-87.66461528204239,41.78760794353335],[-87.66460466609746,41.787359249159216],[-87.66518045451397,41.78734942684863],[-87.66518299662066,41.78752836927647]]]]},"properties":{"no_stories":"0","suf_dir1":"","x_coord":"1166544.24311212","shape_area":"11197.88","year_built":"2005","cdb_city_i":"","stories":"3","y_coord":"1865844.23851212","unit_name":"","qc_date":"2006-07-19T07:00:00.000Z","edit_date":"2006-07-19T07:00:00.000Z","non_standa":"","label_hous":"1600","st_name1":"59TH","t_add1":"1600","z_coord":"0","qc_userid":"DT00255","qc_source":"","orig_bldg_":"834252","footprint_":"AERIALS","st_type1":"ST","bldg_statu":"ACTIVE","condition_":"2005-02-27T08:00:00.000Z","bldg_name2":"","bldg_activ":"2006-07-19T07:00:00.000Z","edit_useri":"DT00255","bldg_sq_fo":"0.0","edit_sourc":"PARCELS","f_add1":"1600","vacancy_st":"","bldg_creat":"2006-07-19T07:00:00.000Z","no_of_unit":"0","bldg_end_d":null,"bldg_id":"834252","create_use":"DT00255","demolished":null,"pre_dir1":"W","bldg_condi":"NEEDS MAJOR REPAIR","bldg_name1":"","comments":"","shape_len":"494.390141408","harris_str":"02018232006000"}},{"type":"Feature","geometry":{"type":"MultiPolygon","coordinates":[[[[-87.66548430403063,41.78835093807952],[-87.66548866471346,41.78846073497257],[-87.66509072094125,41.788469398021],[-87.66508636093728,41.78835960111796],[-87.66524590199893,41.78835641261273],[-87.66524746464138,41.788382492441684],[-87.66532999229382,41.788380228064945],[-87.66532841537382,41.788355520298325],[-87.66548430403063,41.78835093807952]]]]},"properties":{"no_stories":"0","suf_dir1":"","x_coord":"1166434.0440542","shape_area":"4120.0","year_built":"1904","cdb_city_i":"","stories":"2","y_coord":"1866197.75735544","unit_name":"","qc_date":null,"edit_date":null,"non_standa":"","label_hous":"1615","st_name1":"58TH","t_add1":"1625","z_coord":"0","qc_userid":"","qc_source":"","orig_bldg_":"503346","footprint_":"AERIALS98","st_type1":"ST","bldg_statu":"ACTIVE","condition_":"2001-12-01T08:00:00.000Z","bldg_name2":"","bldg_activ":"1998-04-01T08:00:00.000Z","edit_useri":"","bldg_sq_fo":"0.0","edit_sourc":"","f_add1":"1615","vacancy_st":"","bldg_creat":"1998-04-01T08:00:00.000Z","no_of_unit":"8","bldg_end_d":null,"bldg_id":"503346","create_use":"","demolished":null,"pre_dir1":"W","bldg_condi":"NEEDS MINOR REPAIR","bldg_name1":"","comments":"","shape_len":"315.752063349","harris_str":"02018231001000"}},{"type":"Feature","geometry":{"type":"MultiPolygon","coordinates":[[[[-87.66844045697522,41.78881814886101],[-87.66844013088064,41.78884970629195],[-87.66842728339766,41.788851004077614],[-87.66842699983124,41.78887844532168],[-87.6682674717568,41.78888026617415],[-87.66826626242381,41.788819884825394],[-87.66844045697522,41.78881814886101]]]]},"properties":{"no_stories":"0","suf_dir1":"","x_coord":"1165598.51045431","shape_area":"1002.125","year_built":"1909","cdb_city_i":"","stories":"2","y_coord":"1866349.96105914","unit_name":"","qc_date":"2003-06-16T07:00:00.000Z","edit_date":null,"non_standa":"","label_hous":"5750","st_name1":"HERMITAGE","t_add1":"5750","z_coord":"0","qc_userid":"DS06284","qc_source":"PARCELS","orig_bldg_":"502004","footprint_":"AERIALS98","st_type1":"AVE","bldg_statu":"ACTIVE","condition_":"2001-12-01T08:00:00.000Z","bldg_name2":"","bldg_activ":"1998-04-01T08:00:00.000Z","edit_useri":"","bldg_sq_fo":"1644.0","edit_sourc":"","f_add1":"5750","vacancy_st":"","bldg_creat":"1998-04-01T08:00:00.000Z","no_of_unit":"2","bldg_end_d":null,"bldg_id":"502004","create_use":"","demolished":null,"pre_dir1":"S","bldg_condi":"NEEDS MINOR REPAIR","bldg_name1":"","comments":"","shape_len":"138.063232875","harris_str":"02018220040000"}},{"type":"Feature","geometry":{"type":"MultiPolygon","coordinates":[[[[-87.668663763728,41.78867673807723],[-87.66866503012588,41.78873163117678],[-87.6685806829578,41.78873251527603],[-87.6685794166319,41.78867762217608],[-87.668663763728,41.78867673807723]]]]},"properties":{"no_stories":"0","suf_dir1":"","x_coord":"1165523.86427025","shape_area":"460.25","year_built":"0","cdb_city_i":"","stories":"0","y_coord":"1866296.55673815","unit_name":"","qc_date":null,"edit_date":null,"non_standa":"","label_hous":"0","st_name1":"","t_add1":"0","z_coord":"0","qc_userid":"","qc_source":"","orig_bldg_":"502590","footprint_":"AERIALS98","st_type1":"","bldg_statu":"ACTIVE","condition_":null,"bldg_name2":"","bldg_activ":"1998-04-01T08:00:00.000Z","edit_useri":"","bldg_sq_fo":"0.0","edit_sourc":"","f_add1":"0","vacancy_st":"","bldg_creat":"1998-04-01T08:00:00.000Z","no_of_unit":"0","bldg_end_d":null,"bldg_id":"502590","create_use":"","demolished":null,"pre_dir1":"","bldg_condi":"","bldg_name1":"","comments":"","shape_len":"86.0233663288","harris_str":""}},{"type":"Feature","geometry":{"type":"MultiPolygon","coordinates":[[[[-87.66600143153191,41.789048248194966],[-87.6660026529708,41.78910725748822],[-87.66583029095462,41.78910900040226],[-87.6658290696738,41.78904999110835],[-87.66600143153191,41.789048248194966]]]]},"properties":{"no_stories":"0","suf_dir1":"","x_coord":"1166260.86360631","shape_area":"1011.0","year_built":"1899","cdb_city_i":"","stories":"2","y_coord":"1866438.68019494","unit_name":"","qc_date":"2003-06-16T07:00:00.000Z","edit_date":null,"non_standa":"","label_hous":"5742","st_name1":"MARSHFIELD","t_add1":"5742","z_coord":"0","qc_userid":"DS06284","qc_source":"PARCELS","orig_bldg_":"501107","footprint_":"AERIALS98","st_type1":"AVE","bldg_statu":"ACTIVE","condition_":"2001-12-01T08:00:00.000Z","bldg_name2":"","bldg_activ":"1998-04-01T08:00:00.000Z","edit_useri":"","bldg_sq_fo":"1584.0","edit_sourc":"","f_add1":"5742","vacancy_st":"","bldg_creat":"1998-04-01T08:00:00.000Z","no_of_unit":"1","bldg_end_d":null,"bldg_id":"501107","create_use":"","demolished":null,"pre_dir1":"S","bldg_condi":"NEEDS MINOR REPAIR","bldg_name1":"","comments":"","shape_len":"137.032900524","harris_str":"02018222039000"}},{"type":"Feature","geometry":{"type":"MultiPolygon","coordinates":[[[[-87.6679494117963,41.78896486949424],[-87.6679506775871,41.78901976259453],[-87.66774530161734,41.789022689305064],[-87.6677440501947,41.78896642414182],[-87.6679494117963,41.78896486949424]]]]},"properties":{"no_stories":"0","suf_dir1":"","x_coord":"1165734.35985422","shape_area":"1134.625","year_built":"1904","cdb_city_i":"","stories":"2","y_coord":"1866403.61846655","unit_name":"","qc_date":"2003-06-16T07:00:00.000Z","edit_date":null,"non_standa":"","label_hous":"5745","st_name1":"HERMITAGE","t_add1":"5745","z_coord":"0","qc_userid":"DS06284","qc_source":"PARCELS","orig_bldg_":"501453","footprint_":"AERIALS98","st_type1":"AVE","bldg_statu":"ACTIVE","condition_":"2001-12-01T08:00:00.000Z","bldg_name2":"","bldg_activ":"1998-04-01T08:00:00.000Z","edit_useri":"","bldg_sq_fo":"1738.0","edit_sourc":"","f_add1":"5745","vacancy_st":"","bldg_creat":"1998-04-01T08:00:00.000Z","no_of_unit":"2","bldg_end_d":null,"bldg_id":"501453","create_use":"","demolished":null,"pre_dir1":"S","bldg_condi":"NEEDS MINOR REPAIR","bldg_name1":"","comments":"","shape_len":"152.541359222","harris_str":"02018221019000"}},{"type":"Feature","geometry":{"type":"MultiPolygon","coordinates":[[[[-87.66865752674191,41.78874805349524],[-87.66865880730842,41.78880157453186],[-87.66857996003245,41.78880249045178],[-87.66857867953152,41.788748969414755],[-87.66865752674191,41.78874805349524]]]]},"properties":{"no_stories":"0","suf_dir1":"","x_coord":"1165524.61425047","shape_area":"419.5","year_built":"0","cdb_city_i":"","stories":"0","y_coord":"1866322.27587395","unit_name":"","qc_date":null,"edit_date":null,"non_standa":"","label_hous":"0","st_name1":"","t_add1":"0","z_coord":"0","qc_userid":"","qc_source":"","orig_bldg_":"502318","footprint_":"AERIALS98","st_type1":"","bldg_statu":"ACTIVE","condition_":null,"bldg_name2":"","bldg_activ":"1998-04-01T08:00:00.000Z","edit_useri":"","bldg_sq_fo":"0.0","edit_sourc":"","f_add1":"0","vacancy_st":"","bldg_creat":"1998-04-01T08:00:00.000Z","no_of_unit":"0","bldg_end_d":null,"bldg_id":"502318","create_use":"","demolished":null,"pre_dir1":"","bldg_condi":"","bldg_name1":"","comments":"","shape_len":"82.0244447415","harris_str":""}},{"type":"Feature","geometry":{"type":"MultiPolygon","coordinates":[[[[-87.66788892304304,41.787899735110294],[-87.66789017458376,41.787956000283145],[-87.66769030191941,41.787958958778724],[-87.66768905055346,41.787902693605],[-87.66788892304304,41.787899735110294]]]]},"properties":{"no_stories":"0","suf_dir1":"","x_coord":"1165753.1127835","shape_area":"1118.0","year_built":"1973","cdb_city_i":"","stories":"1","y_coord":"1866015.89933074","unit_name":"","qc_date":"2003-06-16T07:00:00.000Z","edit_date":null,"non_standa":"","label_hous":"5817","st_name1":"HERMITAGE","t_add1":"5817","z_coord":"0","qc_userid":"DS06284","qc_source":"PARCELS","orig_bldg_":"504914","footprint_":"AERIALS98","st_type1":"AVE","bldg_statu":"ACTIVE","condition_":"2001-12-01T08:00:00.000Z","bldg_name2":"","bldg_activ":"1998-04-01T08:00:00.000Z","edit_useri":"","bldg_sq_fo":"1000.0","edit_sourc":"","f_add1":"5817","vacancy_st":"","bldg_creat":"1998-04-01T08:00:00.000Z","no_of_unit":"1","bldg_end_d":null,"bldg_id":"504914","create_use":"","demolished":null,"pre_dir1":"S","bldg_condi":"NEEDS MINOR REPAIR","bldg_name1":"","comments":"","shape_len":"150.053469897","harris_str":"02018229007000"}},{"type":"Feature","geometry":{"type":"MultiPolygon","coordinates":[[[[-87.66654422640258,41.789039050696466],[-87.6667073931261,41.78903999764082],[-87.66670675344656,41.78910174041618],[-87.66654358656648,41.789100793469785],[-87.66654422640258,41.789039050696466]]]]},"properties":{"no_stories":"0","suf_dir1":"","x_coord":"1166067.39590605","shape_area":"1001.25","year_built":"1899","cdb_city_i":"","stories":"2","y_coord":"1866434.18019495","unit_name":"","qc_date":"2003-06-16T07:00:00.000Z","edit_date":null,"non_standa":"","label_hous":"5743","st_name1":"PAULINA","t_add1":"5743","z_coord":"0","qc_userid":"DS06284","qc_source":"PARCELS","orig_bldg_":"501136","footprint_":"AERIALS98","st_type1":"ST","bldg_statu":"ACTIVE","condition_":"2001-12-01T08:00:00.000Z","bldg_name2":"","bldg_activ":"1998-04-01T08:00:00.000Z","edit_useri":"","bldg_sq_fo":"1566.0","edit_sourc":"","f_add1":"5743","vacancy_st":"","bldg_creat":"1998-04-01T08:00:00.000Z","no_of_unit":"2","bldg_end_d":null,"bldg_id":"501136","create_use":"","demolished":null,"pre_dir1":"S","bldg_condi":"NEEDS MINOR REPAIR","bldg_name1":"","comments":"","shape_len":"134.0","harris_str":"02018222017000"}},{"type":"Feature","geometry":{"type":"MultiPolygon","coordinates":[[[[-87.66842794544287,41.788609510513076],[-87.66842911239168,41.78867400805015],[-87.66826225152732,41.78867578645498],[-87.66826108474581,41.78861128891745],[-87.66842794544287,41.788609510513076]]]]},"properties":{"no_stories":"0","suf_dir1":"","x_coord":"1165599.61372849","shape_area":"1069.75","year_built":"1909","cdb_city_i":"","stories":"2","y_coord":"1866274.80365174","unit_name":"","qc_date":"2003-06-16T07:00:00.000Z","edit_date":null,"non_standa":"","label_hous":"5758","st_name1":"HERMITAGE","t_add1":"5758","z_coord":"0","qc_userid":"DS06284","qc_source":"PARCELS","orig_bldg_":"502792","footprint_":"AERIALS98","st_type1":"AVE","bldg_statu":"ACTIVE","condition_":"2001-12-01T08:00:00.000Z","bldg_name2":"","bldg_activ":"1998-04-01T08:00:00.000Z","edit_useri":"","bldg_sq_fo":"1644.0","edit_sourc":"","f_add1":"5758","vacancy_st":"","bldg_creat":"1998-04-01T08:00:00.000Z","no_of_unit":"1","bldg_end_d":null,"bldg_id":"502792","create_use":"","demolished":null,"pre_dir1":"S","bldg_condi":"SOUND","bldg_name1":"","comments":"","shape_len":"138.032612463","harris_str":"02018220043000"}},{"type":"Feature","geometry":{"type":"MultiPolygon","coordinates":[[[[-87.66603232488876,41.78819083749473],[-87.66603353212092,41.7882512188582],[-87.66581165876053,41.7882540462862],[-87.66581045173659,41.78819366492195],[-87.66603232488876,41.78819083749473]]]]},"properties":{"no_stories":"0","suf_dir1":"","x_coord":"1166261.61293748","shape_area":"1331.75","year_built":"1899","cdb_city_i":"","stories":"2","y_coord":"1866126.74192334","unit_name":"","qc_date":"2003-06-16T07:00:00.000Z","edit_date":null,"non_standa":"","label_hous":"5806","st_name1":"MARSHFIELD","t_add1":"5806","z_coord":"0","qc_userid":"DS06284","qc_source":"PARCELS","orig_bldg_":"503997","footprint_":"AERIALS98","st_type1":"AVE","bldg_statu":"ACTIVE","condition_":"2001-12-01T08:00:00.000Z","bldg_name2":"","bldg_activ":"1998-04-01T08:00:00.000Z","edit_useri":"","bldg_sq_fo":"1118.0","edit_sourc":"","f_add1":"5806","vacancy_st":"","bldg_creat":"1998-04-01T08:00:00.000Z","no_of_unit":"1","bldg_end_d":null,"bldg_id":"503997","create_use":"","demolished":null,"pre_dir1":"S","bldg_condi":"NEEDS MINOR REPAIR","bldg_name1":"","comments":"","shape_len":"165.048546538","harris_str":"02018230014000"}},{"type":"Feature","geometry":{"type":"MultiPolygon","coordinates":[[[[-87.66611270394316,41.78839575386808],[-87.66611392547955,41.788454763167486],[-87.66594339852944,41.78845651691207],[-87.66594217714947,41.78839750761201],[-87.66611270394316,41.78839575386808]]]]},"properties":{"no_stories":"0","suf_dir1":"","x_coord":"1166232.11360631","shape_area":"1000.25","year_built":"1899","cdb_city_i":"","stories":"2","y_coord":"1866200.68019494","unit_name":"","qc_date":"2003-06-16T07:00:00.000Z","edit_date":null,"non_standa":"","label_hous":"5800","st_name1":"MARSHFIELD","t_add1":"5800","z_coord":"0","qc_userid":"DS06284","qc_source":"PARCELS","orig_bldg_":"503409","footprint_":"AERIALS98","st_type1":"AVE","bldg_statu":"ACTIVE","condition_":"2001-12-01T08:00:00.000Z","bldg_name2":"","bldg_activ":"1998-04-01T08:00:00.000Z","edit_useri":"","bldg_sq_fo":"0.0","edit_sourc":"","f_add1":"5800","vacancy_st":"","bldg_creat":"1998-04-01T08:00:00.000Z","no_of_unit":"2","bldg_end_d":null,"bldg_id":"503409","create_use":"","demolished":null,"pre_dir1":"S","bldg_condi":"NEEDS MINOR REPAIR","bldg_name1":"","comments":"","shape_len":"136.033129226","harris_str":"02018230011000"}},{"type":"Feature","geometry":{"type":"MultiPolygon","coordinates":[[[[-87.66757894692556,41.78862105923936],[-87.66758025498615,41.788671836158606],[-87.6675105744827,41.78867280446782],[-87.6675092664771,41.78862202754818],[-87.66757894692556,41.78862105923936]]]]},"properties":{"no_stories":"0","suf_dir1":"","x_coord":"1165817.86420769","shape_area":"351.75","year_built":"0","cdb_city_i":"","stories":"0","y_coord":"1866277.71414556","unit_name":"","qc_date":null,"edit_date":null,"non_standa":"","label_hous":"0","st_name1":"","t_add1":"0","z_coord":"0","qc_userid":"","qc_source":"","orig_bldg_":"502786","footprint_":"AERIALS98","st_type1":"","bldg_statu":"ACTIVE","condition_":null,"bldg_name2":"","bldg_activ":"1998-04-01T08:00:00.000Z","edit_useri":"","bldg_sq_fo":"0.0","edit_sourc":"","f_add1":"0","vacancy_st":"","bldg_creat":"1998-04-01T08:00:00.000Z","no_of_unit":"0","bldg_end_d":null,"bldg_id":"502786","create_use":"","demolished":null,"pre_dir1":"","bldg_condi":"","bldg_name1":"","comments":"","shape_len":"75.0266666641","harris_str":""}},{"type":"Feature","geometry":{"type":"MultiPolygon","coordinates":[[[[-87.66605127525968,41.78883859966681],[-87.66605249674284,41.78889760896199],[-87.66583795447234,41.78890047901974],[-87.66583673318594,41.78884146972375],[-87.66605127525968,41.78883859966681]]]]},"properties":{"no_stories":"0","suf_dir1":"","x_coord":"1166253.61288854","shape_area":"1258.5","year_built":"1899","cdb_city_i":"","stories":"2","y_coord":"1866362.46105915","unit_name":"","qc_date":"2003-06-16T07:00:00.000Z","edit_date":null,"non_standa":"","label_hous":"5750","st_name1":"MARSHFIELD","t_add1":"5750","z_coord":"0","qc_userid":"DS06284","qc_source":"PARCELS","orig_bldg_":"501865","footprint_":"AERIALS98","st_type1":"AVE","bldg_statu":"ACTIVE","condition_":"2001-12-01T08:00:00.000Z","bldg_name2":"","bldg_activ":"1998-04-01T08:00:00.000Z","edit_useri":"","bldg_sq_fo":"2178.0","edit_sourc":"","f_add1":"5750","vacancy_st":"","bldg_creat":"1998-04-01T08:00:00.000Z","no_of_unit":"2","bldg_end_d":null,"bldg_id":"501865","create_use":"","demolished":null,"pre_dir1":"S","bldg_condi":"NEEDS MINOR REPAIR","bldg_name1":"","comments":"","shape_len":"160.050081554","harris_str":"02018222042000"}},{"type":"Feature","geometry":{"type":"MultiPolygon","coordinates":[[[[-87.66866048472988,41.78881667782428],[-87.66866172277952,41.78887431504707],[-87.66854802796844,41.788876401462645],[-87.66854644980243,41.78885169373325],[-87.66857213058847,41.78885047019604],[-87.66857247079354,41.788817540702],[-87.66866048472988,41.78881667782428]]]]},"properties":{"no_stories":"0","suf_dir1":"","x_coord":"1165524.99878671","shape_area":"574.75","year_built":"0","cdb_city_i":"","stories":"0","y_coord":"1866348.39933074","unit_name":"","qc_date":null,"edit_date":null,"non_standa":"","label_hous":"0","st_name1":"","t_add1":"0","z_coord":"0","qc_userid":"","qc_source":"","orig_bldg_":"502026","footprint_":"AERIALS98","st_type1":"","bldg_statu":"ACTIVE","condition_":null,"bldg_name2":"","bldg_activ":"1998-04-01T08:00:00.000Z","edit_useri":"","bldg_sq_fo":"0.0","edit_sourc":"","f_add1":"0","vacancy_st":"","bldg_creat":"1998-04-01T08:00:00.000Z","no_of_unit":"0","bldg_end_d":null,"bldg_id":"502026","create_use":"","demolished":null,"pre_dir1":"","bldg_condi":"","bldg_name1":"","comments":"","shape_len":"104.058996757","harris_str":""}},{"type":"Feature","geometry":{"type":"MultiPolygon","coordinates":[[[[-87.66548466301624,41.78884628423538],[-87.66548589822078,41.788903921471345],[-87.66530250827755,41.78890834377166],[-87.6652994399092,41.788850695874046],[-87.66548466301624,41.78884628423538]]]]},"properties":{"no_stories":"0","suf_dir1":"","x_coord":"1166403.98210535","shape_area":"1056.75","year_built":"1899","cdb_city_i":"","stories":"1","y_coord":"1866366.46105915","unit_name":"","qc_date":"2003-06-16T07:00:00.000Z","edit_date":null,"non_standa":"","label_hous":"5751","st_name1":"MARSHFIELD","t_add1":"5751","z_coord":"0","qc_userid":"DS06284","qc_source":"PARCELS","orig_bldg_":"501821","footprint_":"AERIALS98","st_type1":"AVE","bldg_statu":"ACTIVE","condition_":"2001-12-01T08:00:00.000Z","bldg_name2":"","bldg_activ":"1998-04-01T08:00:00.000Z","edit_useri":"","bldg_sq_fo":"972.0","edit_sourc":"","f_add1":"5751","vacancy_st":"","bldg_creat":"1998-04-01T08:00:00.000Z","no_of_unit":"1","bldg_end_d":null,"bldg_id":"501821","create_use":"","demolished":null,"pre_dir1":"S","bldg_condi":"NEEDS MINOR REPAIR","bldg_name1":"","comments":"","shape_len":"142.609320035","harris_str":"02018223021000"}},{"type":"Feature","geometry":{"type":"MultiPolygon","coordinates":[[[[-87.66762434986379,41.7883084734426],[-87.66762543083438,41.78838120335788],[-87.66759793110066,41.788381043998534],[-87.66759915399925,41.78844005329221],[-87.66750747393998,41.788440894109286],[-87.66750517028962,41.78830915489984],[-87.66762434986379,41.7883084734426]]]]},"properties":{"no_stories":"0","suf_dir1":"","x_coord":"1165816.60867537","shape_area":"1396.125","year_built":"1904","cdb_city_i":"","stories":"2","y_coord":"1866180.28513321","unit_name":"","qc_date":null,"edit_date":null,"non_standa":"","label_hous":"1715","st_name1":"58TH","t_add1":"1715","z_coord":"0","qc_userid":"","qc_source":"","orig_bldg_":"503483","footprint_":"AERIALS98","st_type1":"ST","bldg_statu":"ACTIVE","condition_":"2001-12-01T08:00:00.000Z","bldg_name2":"","bldg_activ":"1998-04-01T08:00:00.000Z","edit_useri":"","bldg_sq_fo":"2375.0","edit_sourc":"","f_add1":"1715","vacancy_st":"","bldg_creat":"1998-04-01T08:00:00.000Z","no_of_unit":"1","bldg_end_d":null,"bldg_id":"503483","create_use":"","demolished":null,"pre_dir1":"W","bldg_condi":"NEEDS MINOR REPAIR","bldg_name1":"","comments":"","shape_len":"161.029790692","harris_str":"02018229001000"}},{"type":"Feature","geometry":{"type":"MultiPolygon","coordinates":[[[[-87.66670852992199,41.78910723930138],[-87.66671154270234,41.7891703754147],[-87.66654466631697,41.789173523376434],[-87.66654348703625,41.78911039790113],[-87.66670852992199,41.78910723930138]]]]},"properties":{"no_stories":"0","suf_dir1":"","x_coord":"1166066.71343826","shape_area":"1041.875","year_built":"1899","cdb_city_i":"","stories":"2","y_coord":"1866459.80365174","unit_name":"","qc_date":"2003-06-16T07:00:00.000Z","edit_date":null,"non_standa":"","label_hous":"5741","st_name1":"PAULINA","t_add1":"5741","z_coord":"0","qc_userid":"DS06284","qc_source":"PARCELS","orig_bldg_":"500902","footprint_":"AERIALS98","st_type1":"ST","bldg_statu":"ACTIVE","condition_":"2001-12-01T08:00:00.000Z","bldg_name2":"","bldg_activ":"1998-04-01T08:00:00.000Z","edit_useri":"","bldg_sq_fo":"1644.0","edit_sourc":"","f_add1":"5741","vacancy_st":"","bldg_creat":"1998-04-01T08:00:00.000Z","no_of_unit":"2","bldg_end_d":null,"bldg_id":"500902","create_use":"","demolished":null,"pre_dir1":"S","bldg_condi":"NEEDS MINOR REPAIR","bldg_name1":"","comments":"","shape_len":"136.576874627","harris_str":"02018222016000"}},{"type":"Feature","geometry":{"type":"MultiPolygon","coordinates":[[[[-87.66722912429117,41.78876310655172],[-87.66723036105799,41.78882074378112],[-87.66702131905164,41.78882364794149],[-87.66702008247208,41.78876601071123],[-87.66722912429117,41.78876310655172]]]]},"properties":{"no_stories":"0","suf_dir1":"","x_coord":"1165931.86283727","shape_area":"1197.75","year_built":"1909","cdb_city_i":"","stories":"2","y_coord":"1866332.18019494","unit_name":"","qc_date":"2003-06-16T07:00:00.000Z","edit_date":null,"non_standa":"","label_hous":"5752","st_name1":"PAULINA","t_add1":"5752","z_coord":"0","qc_userid":"DS06284","qc_source":"PARCELS","orig_bldg_":"502208","footprint_":"AERIALS98","st_type1":"ST","bldg_statu":"ACTIVE","condition_":"2001-12-01T08:00:00.000Z","bldg_name2":"","bldg_activ":"1998-04-01T08:00:00.000Z","edit_useri":"","bldg_sq_fo":"1332.0","edit_sourc":"","f_add1":"5752","vacancy_st":"","bldg_creat":"1998-04-01T08:00:00.000Z","no_of_unit":"1","bldg_end_d":null,"bldg_id":"502208","create_use":"","demolished":null,"pre_dir1":"S","bldg_condi":"NEEDS MINOR REPAIR","bldg_name1":"","comments":"","shape_len":"156.051369928","harris_str":"02018221045000"}},{"type":"Feature","geometry":{"type":"MultiPolygon","coordinates":[[[[-87.66843241475209,41.78888670952791],[-87.6684336384197,41.78894571881315],[-87.66826861018262,41.788947507832965],[-87.66826737248464,41.788889870609225],[-87.66843241475209,41.78888670952791]]]]},"properties":{"no_stories":"0","suf_dir1":"","x_coord":"1165597.36633641","shape_area":"956.875","year_built":"1909","cdb_city_i":"","stories":"2","y_coord":"1866374.68019494","unit_name":"","qc_date":"2003-06-16T07:00:00.000Z","edit_date":null,"non_standa":"","label_hous":"5748","st_name1":"HERMITAGE","t_add1":"5748","z_coord":"0","qc_userid":"DS06284","qc_source":"PARCELS","orig_bldg_":"501738","footprint_":"AERIALS98","st_type1":"AVE","bldg_statu":"ACTIVE","condition_":"2001-12-01T08:00:00.000Z","bldg_name2":"","bldg_activ":"1998-04-01T08:00:00.000Z","edit_useri":"","bldg_sq_fo":"1644.0","edit_sourc":"","f_add1":"5748","vacancy_st":"","bldg_creat":"1998-04-01T08:00:00.000Z","no_of_unit":"2","bldg_end_d":null,"bldg_id":"501738","create_use":"","demolished":null,"pre_dir1":"S","bldg_condi":"NEEDS MINOR REPAIR","bldg_name1":"","comments":"","shape_len":"132.547867504","harris_str":"02018220039000"}},{"type":"Feature","geometry":{"type":"MultiPolygon","coordinates":[[[[-87.66910476898883,41.788226481147156],[-87.66910600743198,41.78828411837386],[-87.66889698137776,41.78828565389845],[-87.66889572895383,41.78822938873335],[-87.66910476898883,41.788226481147156]]]]},"properties":{"no_stories":"0","suf_dir1":"","x_coord":"1165421.86637178","shape_area":"1183.375","year_built":"1962","cdb_city_i":"","stories":"1","y_coord":"1866132.39933075","unit_name":"","qc_date":"2003-06-16T07:00:00.000Z","edit_date":null,"non_standa":"","label_hous":"5807","st_name1":"WOOD","t_add1":"5807","z_coord":"0","qc_userid":"DS06284","qc_source":"PARCELS","orig_bldg_":"503957","footprint_":"AERIALS98","st_type1":"ST","bldg_statu":"ACTIVE","condition_":"2001-12-01T08:00:00.000Z","bldg_name2":"","bldg_activ":"1998-04-01T08:00:00.000Z","edit_useri":"","bldg_sq_fo":"1056.0","edit_sourc":"","f_add1":"5807","vacancy_st":"","bldg_creat":"1998-04-01T08:00:00.000Z","no_of_unit":"1","bldg_end_d":null,"bldg_id":"503957","create_use":"","demolished":null,"pre_dir1":"S","bldg_condi":"SOUND","bldg_name1":"","comments":"","shape_len":"155.540552873","harris_str":"02018228017000"}},{"type":"Feature","geometry":{"type":"MultiPolygon","coordinates":[[[[-87.66794104188881,41.788178582320214],[-87.66794047435421,41.78823346480925],[-87.66774428164456,41.78823507256745],[-87.66774300184403,41.788181551521],[-87.66794104188881,41.788178582320214]]]]},"properties":{"no_stories":"0","suf_dir1":"","x_coord":"1165738.01390225","shape_area":"1061.875","year_built":"1899","cdb_city_i":"","stories":"1","y_coord":"1866116.83760234","unit_name":"","qc_date":"2003-06-16T07:00:00.000Z","edit_date":null,"non_standa":"","label_hous":"5809","st_name1":"HERMITAGE","t_add1":"5809","z_coord":"0","qc_userid":"DS06284","qc_source":"PARCELS","orig_bldg_":"504078","footprint_":"AERIALS98","st_type1":"AVE","bldg_statu":"ACTIVE","condition_":"2001-12-01T08:00:00.000Z","bldg_name2":"","bldg_activ":"1998-04-01T08:00:00.000Z","edit_useri":"","bldg_sq_fo":"756.0","edit_sourc":"","f_add1":"5809","vacancy_st":"","bldg_creat":"1998-04-01T08:00:00.000Z","no_of_unit":"1","bldg_end_d":null,"bldg_id":"504078","create_use":"","demolished":null,"pre_dir1":"S","bldg_condi":"NEEDS MINOR REPAIR","bldg_name1":"","comments":"","shape_len":"147.036583497","harris_str":"02018229003000"}},{"type":"Feature","geometry":{"type":"MultiPolygon","coordinates":[[[[-87.66880977044563,41.78803130273682],[-87.66881106530201,41.788083451716716],[-87.66872671898436,41.7880843359295],[-87.66872542419632,41.78803218694914],[-87.66880977044563,41.78803130273682]]]]},"properties":{"no_stories":"0","suf_dir1":"","x_coord":"1165485.86422964","shape_area":"437.25","year_built":"0","cdb_city_i":"","stories":"0","y_coord":"1866060.49500975","unit_name":"","qc_date":null,"edit_date":null,"non_standa":"","label_hous":"0","st_name1":"","t_add1":"0","z_coord":"0","qc_userid":"","qc_source":"","orig_bldg_":"504564","footprint_":"AERIALS98","st_type1":"","bldg_statu":"ACTIVE","condition_":null,"bldg_name2":"","bldg_activ":"1998-04-01T08:00:00.000Z","edit_useri":"","bldg_sq_fo":"0.0","edit_sourc":"","f_add1":"0","vacancy_st":"","bldg_creat":"1998-04-01T08:00:00.000Z","no_of_unit":"0","bldg_end_d":null,"bldg_id":"504564","create_use":"","demolished":null,"pre_dir1":"","bldg_condi":"","bldg_name1":"","comments":"","shape_len":"84.0240238988","harris_str":""}},{"type":"Feature","geometry":{"type":"MultiPolygon","coordinates":[[[[-87.66793032053813,41.788683469342615],[-87.66793152955492,41.78874385069402],[-87.66775733520097,41.788745585888066],[-87.66775612634767,41.78868520453603],[-87.66793032053813,41.788683469342615]]]]},"properties":{"no_stories":"0","suf_dir1":"","x_coord":"1165736.11363894","shape_area":"1045.5","year_built":"1904","cdb_city_i":"","stories":"2","y_coord":"1866301.96105914","unit_name":"","qc_date":"2003-06-16T07:00:00.000Z","edit_date":null,"non_standa":"","label_hous":"5757","st_name1":"HERMITAGE","t_add1":"5757","z_coord":"0","qc_userid":"DS06284","qc_source":"PARCELS","orig_bldg_":"502525","footprint_":"AERIALS98","st_type1":"AVE","bldg_statu":"ACTIVE","condition_":"2001-12-01T08:00:00.000Z","bldg_name2":"","bldg_activ":"1998-04-01T08:00:00.000Z","edit_useri":"","bldg_sq_fo":"1648.0","edit_sourc":"","f_add1":"5757","vacancy_st":"","bldg_creat":"1998-04-01T08:00:00.000Z","no_of_unit":"2","bldg_end_d":null,"bldg_id":"502525","create_use":"","demolished":null,"pre_dir1":"S","bldg_condi":"NEEDS MINOR REPAIR","bldg_name1":"","comments":"","shape_len":"139.032412469","harris_str":"02018221023000"}},{"type":"Feature","geometry":{"type":"MultiPolygon","coordinates":[[[[-87.6686741075521,41.78909530192581],[-87.66867538813557,41.78914882295918],[-87.6685892070827,41.7891496964535],[-87.66858792657092,41.7890961754197],[-87.6686741075521,41.78909530192581]]]]},"properties":{"no_stories":"0","suf_dir1":"","x_coord":"1165520.11425047","shape_area":"458.5","year_built":"0","cdb_city_i":"","stories":"0","y_coord":"1866448.77587395","unit_name":"","qc_date":null,"edit_date":null,"non_standa":"","label_hous":"0","st_name1":"","t_add1":"0","z_coord":"0","qc_userid":"","qc_source":"","orig_bldg_":"501012","footprint_":"AERIALS98","st_type1":"","bldg_statu":"ACTIVE","condition_":null,"bldg_name2":"","bldg_activ":"1998-04-01T08:00:00.000Z","edit_useri":"","bldg_sq_fo":"0.0","edit_sourc":"","f_add1":"0","vacancy_st":"","bldg_creat":"1998-04-01T08:00:00.000Z","no_of_unit":"0","bldg_end_d":null,"bldg_id":"501012","create_use":"","demolished":null,"pre_dir1":"","bldg_condi":"","bldg_name1":"","comments":"","shape_len":"86.0234555004","harris_str":""}},{"type":"Feature","geometry":{"type":"MultiPolygon","coordinates":[[[[-87.6684149007565,41.788097625155736],[-87.66841473061803,41.788114089904326],[-87.66844406355051,41.78811425967796],[-87.66844542899916,41.78815954834721],[-87.66822355600038,41.78816238043669],[-87.66822236089567,41.78810062701803],[-87.6684149007565,41.788097625155736]]]]},"properties":{"no_stories":"0","suf_dir1":"","x_coord":"1165604.1494227","shape_area":"1318.5","year_built":"1899","cdb_city_i":"","stories":"1","y_coord":"1866088.02278753","unit_name":"","qc_date":"2003-06-16T07:00:00.000Z","edit_date":null,"non_standa":"","label_hous":"5810","st_name1":"HERMITAGE","t_add1":"5810","z_coord":"0","qc_userid":"DS06284","qc_source":"PARCELS","orig_bldg_":"504325","footprint_":"AERIALS98","st_type1":"AVE","bldg_statu":"ACTIVE","condition_":"2001-12-01T08:00:00.000Z","bldg_name2":"","bldg_activ":"1998-04-01T08:00:00.000Z","edit_useri":"","bldg_sq_fo":"946.0","edit_sourc":"","f_add1":"5810","vacancy_st":"","bldg_creat":"1998-04-01T08:00:00.000Z","no_of_unit":"1","bldg_end_d":null,"bldg_id":"504325","create_use":"","demolished":null,"pre_dir1":"S","bldg_condi":"NEEDS MINOR REPAIR","bldg_name1":"","comments":"","shape_len":"166.053145274","harris_str":"02018228013000"}},{"type":"Feature","geometry":{"type":"MultiPolygon","coordinates":[[[[-87.66718962542262,41.78797389452174],[-87.66719081953528,41.788035647945264],[-87.6670294602325,41.78803745646312],[-87.66702826627471,41.78797570303906],[-87.66718962542262,41.78797389452174]]]]},"properties":{"no_stories":"0","suf_dir1":"","x_coord":"1165938.36367011","shape_area":"990.5","year_built":"1899","cdb_city_i":"","stories":"2","y_coord":"1866045.24192334","unit_name":"","qc_date":"2003-06-16T07:00:00.000Z","edit_date":null,"non_standa":"","label_hous":"5814","st_name1":"PAULINA","t_add1":"5814","z_coord":"0","qc_userid":"DS06284","qc_source":"PARCELS","orig_bldg_":"504668","footprint_":"AERIALS98","st_type1":"ST","bldg_statu":"ACTIVE","condition_":"2001-12-01T08:00:00.000Z","bldg_name2":"","bldg_activ":"1998-04-01T08:00:00.000Z","edit_useri":"","bldg_sq_fo":"2064.0","edit_sourc":"","f_add1":"5814","vacancy_st":"","bldg_creat":"1998-04-01T08:00:00.000Z","no_of_unit":"1","bldg_end_d":null,"bldg_id":"504668","create_use":"","demolished":null,"pre_dir1":"S","bldg_condi":"NEEDS MINOR REPAIR","bldg_name1":"","comments":"","shape_len":"133.033834078","harris_str":"02018229015000"}},{"type":"Feature","geometry":{"type":"MultiPolygon","coordinates":[[[[-87.66638809693089,41.78871294620105],[-87.66638758494818,41.788762340421],[-87.66630690438228,41.78876324413729],[-87.66630558310236,41.78871383927332],[-87.66638809693089,41.78871294620105]]]]},"properties":{"no_stories":"0","suf_dir1":"","x_coord":"1166144.25851751","shape_area":"400.625","year_built":"0","cdb_city_i":"","stories":"0","y_coord":"1866313.43328136","unit_name":"","qc_date":null,"edit_date":null,"non_standa":"","label_hous":"0","st_name1":"","t_add1":"0","z_coord":"0","qc_userid":"","qc_source":"","orig_bldg_":"502407","footprint_":"AERIALS98","st_type1":"","bldg_statu":"ACTIVE","condition_":null,"bldg_name2":"","bldg_activ":"1998-04-01T08:00:00.000Z","edit_useri":"","bldg_sq_fo":"0.0","edit_sourc":"","f_add1":"0","vacancy_st":"","bldg_creat":"1998-04-01T08:00:00.000Z","no_of_unit":"0","bldg_end_d":null,"bldg_id":"502407","create_use":"","demolished":null,"pre_dir1":"","bldg_condi":"","bldg_name1":"","comments":"","shape_len":"80.5181790599","harris_str":""}},{"type":"Feature","geometry":{"type":"MultiPolygon","coordinates":[[[[-87.66852184736656,41.78715146435913],[-87.66852251826042,41.78726398410374],[-87.66841434032283,41.78726473017309],[-87.6684118363373,41.787152199818316],[-87.66852184736656,41.78715146435913]]]]},"properties":{"no_stories":"0","suf_dir1":"","x_coord":"1165570.22556956","shape_area":"1220.125","year_built":"0","cdb_city_i":"","stories":"1","y_coord":"1865752.85303445","unit_name":"","qc_date":null,"edit_date":null,"non_standa":"","label_hous":"5839","st_name1":"WOOD","t_add1":"5839","z_coord":"0","qc_userid":"","qc_source":"","orig_bldg_":"506953","footprint_":"AERIALS98","st_type1":"ST","bldg_statu":"ACTIVE","condition_":"2001-12-01T08:00:00.000Z","bldg_name2":"","bldg_activ":"1998-04-01T08:00:00.000Z","edit_useri":"","bldg_sq_fo":"800.0","edit_sourc":"","f_add1":"5839","vacancy_st":"","bldg_creat":"1998-04-01T08:00:00.000Z","no_of_unit":"0","bldg_end_d":null,"bldg_id":"506953","create_use":"","demolished":null,"pre_dir1":"S","bldg_condi":"NEEDS MAJOR REPAIR","bldg_name1":"","comments":"","shape_len":"141.523645337","harris_str":"02018232001000"}},{"type":"Feature","geometry":{"type":"MultiPolygon","coordinates":[[[[-87.6666662951629,41.788051815263664],[-87.6666676024974,41.788102592192985],[-87.66652090947989,41.78810448510593],[-87.66652100900998,41.78809488067295],[-87.66639632991371,41.7880955290586],[-87.66639490902341,41.788055728622346],[-87.6666662951629,41.788051815263664]]]]},"properties":{"no_stories":"0","suf_dir1":"","x_coord":"1166095.84350883","shape_area":"1238.5","year_built":"1959","cdb_city_i":"","stories":"1","y_coord":"1866072.49500975","unit_name":"","qc_date":"2003-06-16T07:00:00.000Z","edit_date":null,"non_standa":"","label_hous":"5811","st_name1":"PAULINA","t_add1":"5811","z_coord":"0","qc_userid":"DS06284","qc_source":"PARCELS","orig_bldg_":"504465","footprint_":"AERIALS98","st_type1":"ST","bldg_statu":"ACTIVE","condition_":"2001-12-01T08:00:00.000Z","bldg_name2":"","bldg_activ":"1998-04-01T08:00:00.000Z","edit_useri":"","bldg_sq_fo":"1222.0","edit_sourc":"","f_add1":"5811","vacancy_st":"","bldg_creat":"1998-04-01T08:00:00.000Z","no_of_unit":"1","bldg_end_d":null,"bldg_id":"504465","create_use":"","demolished":null,"pre_dir1":"S","bldg_condi":"NEEDS MINOR REPAIR","bldg_name1":"","comments":"","shape_len":"184.558570064","harris_str":"02018230006000"}},{"type":"Feature","geometry":{"type":"MultiPolygon","coordinates":[[[[-87.66639254576907,41.78863750409562],[-87.66639194846137,41.78869513068632],[-87.66630760133162,41.78869601311671],[-87.66630636539249,41.78863837588217],[-87.66639254576907,41.78863750409562]]]]},"properties":{"no_stories":"0","suf_dir1":"","x_coord":"1166143.75808271","shape_area":"488.375","year_built":"0","cdb_city_i":"","stories":"0","y_coord":"1866287.61846655","unit_name":"","qc_date":null,"edit_date":null,"non_standa":"","label_hous":"0","st_name1":"","t_add1":"0","z_coord":"0","qc_userid":"","qc_source":"","orig_bldg_":"502671","footprint_":"AERIALS98","st_type1":"","bldg_statu":"ACTIVE","condition_":null,"bldg_name2":"","bldg_activ":"1998-04-01T08:00:00.000Z","edit_useri":"","bldg_sq_fo":"0.0","edit_sourc":"","f_add1":"0","vacancy_st":"","bldg_creat":"1998-04-01T08:00:00.000Z","no_of_unit":"0","bldg_end_d":null,"bldg_id":"502671","create_use":"","demolished":null,"pre_dir1":"","bldg_condi":"","bldg_name1":"","comments":"","shape_len":"88.5167042253","harris_str":""}},{"type":"Feature","geometry":{"type":"MultiPolygon","coordinates":[[[[-87.66669805673484,41.78870239598748],[-87.6666993072405,41.78875866115798],[-87.66649761294795,41.78876023485909],[-87.66649636261866,41.788703969687695],[-87.66669805673484,41.78870239598748]]]]},"properties":{"no_stories":"0","suf_dir1":"","x_coord":"1166075.86353628","shape_area":"1128.0","year_built":"1961","cdb_city_i":"","stories":"1","y_coord":"1866310.61846655","unit_name":"","qc_date":"2003-06-16T07:00:00.000Z","edit_date":null,"non_standa":"","label_hous":"5755","st_name1":"PAULINA","t_add1":"5755","z_coord":"0","qc_userid":"DS06284","qc_source":"PARCELS","orig_bldg_":"502425","footprint_":"AERIALS98","st_type1":"ST","bldg_statu":"ACTIVE","condition_":"2001-12-01T08:00:00.000Z","bldg_name2":"","bldg_activ":"1998-04-01T08:00:00.000Z","edit_useri":"","bldg_sq_fo":"988.0","edit_sourc":"","f_add1":"5755","vacancy_st":"","bldg_creat":"1998-04-01T08:00:00.000Z","no_of_unit":"1","bldg_end_d":null,"bldg_id":"502425","create_use":"","demolished":null,"pre_dir1":"S","bldg_condi":"SOUND","bldg_name1":"","comments":"","shape_len":"151.030373625","harris_str":"02018222022000"}},{"type":"Feature","geometry":{"type":"MultiPolygon","coordinates":[[[[-87.66722445017409,41.78903750829362],[-87.66722747766254,41.78909927233602],[-87.667055115677,41.78910101708821],[-87.66705392168815,41.7890392636755],[-87.66722445017409,41.78903750829362]]]]},"properties":{"no_stories":"0","suf_dir1":"","x_coord":"1165926.96699658","shape_area":"1052.625","year_built":"1919","cdb_city_i":"","stories":"2","y_coord":"1866432.74192334","unit_name":"","qc_date":"2003-06-16T07:00:00.000Z","edit_date":"2008-01-04T08:00:00.000Z","non_standa":"","label_hous":"5742","st_name1":"PAULINA","t_add1":"5742","z_coord":"0","qc_userid":"DS06284","qc_source":"PARCELS","orig_bldg_":"501145","footprint_":"AERIALS98","st_type1":"ST","bldg_statu":"ACTIVE","condition_":"2001-12-01T08:00:00.000Z","bldg_name2":"","bldg_activ":"1998-04-01T08:00:00.000Z","edit_useri":"DT00211","bldg_sq_fo":"1656.0","edit_sourc":"","f_add1":"5742","vacancy_st":"","bldg_creat":"1998-04-01T08:00:00.000Z","no_of_unit":"2","bldg_end_d":null,"bldg_id":"501145","create_use":"","demolished":null,"pre_dir1":"S","bldg_condi":"NEEDS MAJOR REPAIR","bldg_name1":"","comments":"","shape_len":"138.549154668","harris_str":"02018221041000"}},{"type":"Feature","geometry":{"type":"MultiPolygon","coordinates":[[[[-87.66616823647571,41.78905196132778],[-87.66623423650596,41.78905234460545],[-87.66623551505913,41.78910586565161],[-87.66616950074739,41.789106854435786],[-87.66616823647571,41.78905196132778]]]]},"properties":{"no_stories":"0","suf_dir1":"","x_coord":"1166182.86144103","shape_area":"355.625","year_built":"0","cdb_city_i":"","stories":"0","y_coord":"1866438.27587395","unit_name":"","qc_date":null,"edit_date":null,"non_standa":"","label_hous":"0","st_name1":"","t_add1":"0","z_coord":"0","qc_userid":"","qc_source":"","orig_bldg_":"501117","footprint_":"AERIALS98","st_type1":"","bldg_statu":"ACTIVE","condition_":null,"bldg_name2":"","bldg_activ":"1998-04-01T08:00:00.000Z","edit_useri":"","bldg_sq_fo":"0.0","edit_sourc":"","f_add1":"0","vacancy_st":"","bldg_creat":"1998-04-01T08:00:00.000Z","no_of_unit":"0","bldg_end_d":null,"bldg_id":"501117","create_use":"","demolished":null,"pre_dir1":"","bldg_condi":"","bldg_name1":"","comments":"","shape_len":"75.5196013322","harris_str":""}},{"type":"Feature","geometry":{"type":"MultiPolygon","coordinates":[[[[-87.66744869584291,41.78862853719606],[-87.66744987600914,41.78869166267376],[-87.66737286218581,41.78869258839262],[-87.66736984877258,41.78862945228684],[-87.66744869584291,41.78862853719606]]]]},"properties":{"no_stories":"0","suf_dir1":"","x_coord":"1165854.47632071","shape_area":"489.125","year_built":"0","cdb_city_i":"","stories":"0","y_coord":"1866283.24192334","unit_name":"","qc_date":null,"edit_date":null,"non_standa":"","label_hous":"0","st_name1":"","t_add1":"0","z_coord":"0","qc_userid":"","qc_source":"","orig_bldg_":"502712","footprint_":"AERIALS98","st_type1":"","bldg_statu":"ACTIVE","condition_":null,"bldg_name2":"","bldg_activ":"1998-04-01T08:00:00.000Z","edit_useri":"","bldg_sq_fo":"0.0","edit_sourc":"","f_add1":"0","vacancy_st":"","bldg_creat":"1998-04-01T08:00:00.000Z","no_of_unit":"0","bldg_end_d":null,"bldg_id":"502712","create_use":"","demolished":null,"pre_dir1":"","bldg_condi":"","bldg_name1":"","comments":"","shape_len":"88.5389277123","harris_str":""}},{"type":"Feature","geometry":{"type":"MultiPolygon","coordinates":[[[[-87.66722369735793,41.789110227569985],[-87.66722496253072,41.789165120672386],[-87.66703425278305,41.78916813114938],[-87.66703281727482,41.78912970278713],[-87.66705299818625,41.78912844769043],[-87.66705133534303,41.789111972316284],[-87.66722369735793,41.789110227569985]]]]},"properties":{"no_stories":"0","suf_dir1":"","x_coord":"1165929.91320654","shape_area":"1019.875","year_built":"1917","cdb_city_i":"","stories":"1","y_coord":"1866458.11846654","unit_name":"","qc_date":null,"edit_date":null,"non_standa":"","label_hous":"5738","st_name1":"PAULINA","t_add1":"5738","z_coord":"0","qc_userid":"","qc_source":"","orig_bldg_":"500936","footprint_":"AERIALS98","st_type1":"ST","bldg_statu":"ACTIVE","condition_":"2001-12-01T08:00:00.000Z","bldg_name2":"","bldg_activ":"1998-04-01T08:00:00.000Z","edit_useri":"","bldg_sq_fo":"828.0","edit_sourc":"","f_add1":"5738","vacancy_st":"","bldg_creat":"1998-04-01T08:00:00.000Z","no_of_unit":"1","bldg_end_d":null,"bldg_id":"500936","create_use":"","demolished":null,"pre_dir1":"S","bldg_condi":"NEEDS MINOR REPAIR","bldg_name1":"","comments":"","shape_len":"144.590919759","harris_str":"02018221040000"}},{"type":"Feature","geometry":{"type":"MultiPolygon","coordinates":[[[[-87.666171392874,41.78892437025125],[-87.66624105943454,41.788924774818106],[-87.66624060423516,41.788968680788464],[-87.66617095185357,41.78896690415944],[-87.666171392874,41.78892437025125]]]]},"properties":{"no_stories":"0","suf_dir1":"","x_coord":"1166182.14590605","shape_area":"299.25","year_built":"0","cdb_city_i":"","stories":"0","y_coord":"1866389.52896037","unit_name":"","qc_date":null,"edit_date":null,"non_standa":"","label_hous":"0","st_name1":"","t_add1":"0","z_coord":"0","qc_userid":"","qc_source":"","orig_bldg_":"501614","footprint_":"AERIALS98","st_type1":"","bldg_statu":"ACTIVE","condition_":null,"bldg_name2":"","bldg_activ":"1998-04-01T08:00:00.000Z","edit_useri":"","bldg_sq_fo":"0.0","edit_sourc":"","f_add1":"0","vacancy_st":"","bldg_creat":"1998-04-01T08:00:00.000Z","no_of_unit":"0","bldg_end_d":null,"bldg_id":"501614","create_use":"","demolished":null,"pre_dir1":"","bldg_condi":"","bldg_name1":"","comments":"","shape_len":"69.5065778087","harris_str":""}},{"type":"Feature","geometry":{"type":"MultiPolygon","coordinates":[[[[-87.66761752187664,41.78896843528056],[-87.66761875899299,41.78902607250628],[-87.66753257810052,41.789026945209024],[-87.66753134106138,41.78896930798294],[-87.66761752187664,41.78896843528056]]]]},"properties":{"no_stories":"0","suf_dir1":"","x_coord":"1165808.61430699","shape_area":"493.75","year_built":"0","cdb_city_i":"","stories":"0","y_coord":"1866405.61846655","unit_name":"","qc_date":null,"edit_date":null,"non_standa":"","label_hous":"0","st_name1":"","t_add1":"0","z_coord":"0","qc_userid":"","qc_source":"","orig_bldg_":"501438","footprint_":"AERIALS98","st_type1":"","bldg_statu":"ACTIVE","condition_":null,"bldg_name2":"","bldg_activ":"1998-04-01T08:00:00.000Z","edit_useri":"","bldg_sq_fo":"0.0","edit_sourc":"","f_add1":"0","vacancy_st":"","bldg_creat":"1998-04-01T08:00:00.000Z","no_of_unit":"0","bldg_end_d":null,"bldg_id":"501438","create_use":"","demolished":null,"pre_dir1":"","bldg_condi":"","bldg_name1":"","comments":"","shape_len":"89.0225401694","harris_str":""}},{"type":"Feature","geometry":{"type":"MultiPolygon","coordinates":[[[[-87.66843201342095,41.788748120633095],[-87.66843322290904,41.788808501981976],[-87.66826452836784,41.78881026977658],[-87.66826331903808,41.788749888427105],[-87.66843201342095,41.788748120633095]]]]},"properties":{"no_stories":"0","suf_dir1":"","x_coord":"1165598.36363894","shape_area":"1012.5","year_built":"1909","cdb_city_i":"","stories":"2","y_coord":"1866324.46105915","unit_name":"","qc_date":"2003-06-16T07:00:00.000Z","edit_date":null,"non_standa":"","label_hous":"5752","st_name1":"HERMITAGE","t_add1":"5752","z_coord":"0","qc_userid":"DS06284","qc_source":"PARCELS","orig_bldg_":"502282","footprint_":"AERIALS98","st_type1":"AVE","bldg_statu":"ACTIVE","condition_":"2001-12-01T08:00:00.000Z","bldg_name2":"","bldg_activ":"1998-04-01T08:00:00.000Z","edit_useri":"","bldg_sq_fo":"1644.0","edit_sourc":"","f_add1":"5752","vacancy_st":"","bldg_creat":"1998-04-01T08:00:00.000Z","no_of_unit":"2","bldg_end_d":null,"bldg_id":"502282","create_use":"","demolished":null,"pre_dir1":"S","bldg_condi":"NEEDS MINOR REPAIR","bldg_name1":"","comments":"","shape_len":"136.033098732","harris_str":"02018220041000"}},{"type":"Feature","geometry":{"type":"MultiPolygon","coordinates":[[[[-87.6679186419289,41.78803986598865],[-87.66791987930799,41.78809750322225],[-87.66770717305134,41.788100387410346],[-87.6677059358628,41.78804275017586],[-87.6679186419289,41.78803986598865]]]]},"properties":{"no_stories":"0","suf_dir1":"","x_coord":"1165746.36283727","shape_area":"1218.75","year_built":"1899","cdb_city_i":"","stories":"1","y_coord":"1866067.18019494","unit_name":"","qc_date":"2003-06-16T07:00:00.000Z","edit_date":null,"non_standa":"","label_hous":"5813","st_name1":"HERMITAGE","t_add1":"5813","z_coord":"0","qc_userid":"DS06284","qc_source":"PARCELS","orig_bldg_":"504506","footprint_":"AERIALS98","st_type1":"AVE","bldg_statu":"ACTIVE","condition_":"2001-12-01T08:00:00.000Z","bldg_name2":"","bldg_activ":"1998-04-01T08:00:00.000Z","edit_useri":"","bldg_sq_fo":"1410.0","edit_sourc":"","f_add1":"5813","vacancy_st":"","bldg_creat":"1998-04-01T08:00:00.000Z","no_of_unit":"1","bldg_end_d":null,"bldg_id":"504506","create_use":"","demolished":null,"pre_dir1":"S","bldg_condi":"NEEDS MINOR REPAIR","bldg_name1":"","comments":"","shape_len":"158.050689694","harris_str":"02018229005000"}},{"type":"Feature","geometry":{"type":"MultiPolygon","coordinates":[[[[-87.66883607878934,41.78903449243951],[-87.668837359507,41.78908801347261],[-87.66875117853623,41.78908888708906],[-87.66874989789025,41.78903536605553],[-87.66883607878934,41.78903449243951]]]]},"properties":{"no_stories":"0","suf_dir1":"","x_coord":"1165476.11425047","shape_area":"458.5","year_built":"0","cdb_city_i":"","stories":"0","y_coord":"1866426.27587395","unit_name":"","qc_date":null,"edit_date":null,"non_standa":"","label_hous":"0","st_name1":"","t_add1":"0","z_coord":"0","qc_userid":"","qc_source":"","orig_bldg_":"501230","footprint_":"AERIALS98","st_type1":"","bldg_statu":"ACTIVE","condition_":null,"bldg_name2":"","bldg_activ":"1998-04-01T08:00:00.000Z","edit_useri":"","bldg_sq_fo":"0.0","edit_sourc":"","f_add1":"0","vacancy_st":"","bldg_creat":"1998-04-01T08:00:00.000Z","no_of_unit":"0","bldg_end_d":null,"bldg_id":"501230","create_use":"","demolished":null,"pre_dir1":"","bldg_condi":"","bldg_name1":"","comments":"","shape_len":"86.0234555004","harris_str":""}},{"type":"Feature","geometry":{"type":"MultiPolygon","coordinates":[[[[-87.66720307324036,41.788622996782195],[-87.66720273233683,41.78865592626819],[-87.66722657974309,41.7886546924008],[-87.66722629566657,41.788682133639114],[-87.66704660150262,41.788683835865896],[-87.66704537910914,41.788624826572494],[-87.66720307324036,41.788622996782195]]]]},"properties":{"no_stories":"0","suf_dir1":"","x_coord":"1165929.26057014","shape_area":"986.0","year_built":"1911","cdb_city_i":"","stories":"2","y_coord":"1866281.18019495","unit_name":"","qc_date":"2003-06-16T07:00:00.000Z","edit_date":null,"non_standa":"","label_hous":"5758","st_name1":"PAULINA","t_add1":"5758","z_coord":"0","qc_userid":"DS06284","qc_source":"PARCELS","orig_bldg_":"502740","footprint_":"AERIALS98","st_type1":"ST","bldg_statu":"ACTIVE","condition_":"2001-12-01T08:00:00.000Z","bldg_name2":"","bldg_activ":"1998-04-01T08:00:00.000Z","edit_useri":"","bldg_sq_fo":"880.0","edit_sourc":"","f_add1":"5758","vacancy_st":"","bldg_creat":"1998-04-01T08:00:00.000Z","no_of_unit":"1","bldg_end_d":null,"bldg_id":"502740","create_use":"","demolished":null,"pre_dir1":"S","bldg_condi":"NEEDS MAJOR REPAIR","bldg_name1":"","comments":"","shape_len":"142.046844927","harris_str":"02018221047000"}},{"type":"Feature","geometry":{"type":"MultiPolygon","coordinates":[[[[-87.66914788732477,41.78902257416691],[-87.66914905499748,41.78908707169734],[-87.66892167880432,41.78908987331288],[-87.66892051135957,41.789025375781826],[-87.66914788732477,41.78902257416691]]]]},"properties":{"no_stories":"0","suf_dir1":"","x_coord":"1165410.3630718","shape_area":"1457.75","year_built":"1914","cdb_city_i":"","stories":"1","y_coord":"1866424.08451593","unit_name":"","qc_date":"2003-06-16T07:00:00.000Z","edit_date":null,"non_standa":"","label_hous":"5741","st_name1":"WOOD","t_add1":"5741","z_coord":"0","qc_userid":"DS06284","qc_source":"PARCELS","orig_bldg_":"501228","footprint_":"AERIALS98","st_type1":"ST","bldg_statu":"ACTIVE","condition_":"2001-12-01T08:00:00.000Z","bldg_name2":"","bldg_activ":"1998-04-01T08:00:00.000Z","edit_useri":"","bldg_sq_fo":"1104.0","edit_sourc":"","f_add1":"5741","vacancy_st":"","bldg_creat":"1998-04-01T08:00:00.000Z","no_of_unit":"1","bldg_end_d":null,"bldg_id":"501228","create_use":"","demolished":null,"pre_dir1":"S","bldg_condi":"UNINHABITABLE","bldg_name1":"","comments":"","shape_len":"171.046922108","harris_str":"02018220016000"}},{"type":"Feature","geometry":{"type":"MultiPolygon","coordinates":[[[[-87.66914498546242,41.78894846159949],[-87.66914618145795,41.789010215006016],[-87.66891697220233,41.789013006014635],[-87.66891577642679,41.788951252607355],[-87.66914498546242,41.78894846159949]]]]},"properties":{"no_stories":"0","suf_dir1":"","x_coord":"1165411.61298424","shape_area":"1407.0","year_built":"1914","cdb_city_i":"","stories":"1","y_coord":"1866396.52278754","unit_name":"","qc_date":"2003-06-16T07:00:00.000Z","edit_date":null,"non_standa":"","label_hous":"5745","st_name1":"WOOD","t_add1":"5745","z_coord":"0","qc_userid":"DS06284","qc_source":"PARCELS","orig_bldg_":"501510","footprint_":"AERIALS98","st_type1":"ST","bldg_statu":"ACTIVE","condition_":"2001-12-01T08:00:00.000Z","bldg_name2":"","bldg_activ":"1998-04-01T08:00:00.000Z","edit_useri":"","bldg_sq_fo":"1104.0","edit_sourc":"","f_add1":"5745","vacancy_st":"","bldg_creat":"1998-04-01T08:00:00.000Z","no_of_unit":"1","bldg_end_d":null,"bldg_id":"501510","create_use":"","demolished":null,"pre_dir1":"S","bldg_condi":"NEEDS MAJOR REPAIR","bldg_name1":"","comments":"","shape_len":"170.047104557","harris_str":"02018220017000"}},{"type":"Feature","geometry":{"type":"MultiPolygon","coordinates":[[[[-87.66759593750601,41.78804211278025],[-87.66759713200908,41.78810386620167],[-87.66750728573656,41.788104717646256],[-87.66750607712217,41.788044336286674],[-87.66759593750601,41.78804211278025]]]]},"properties":{"no_stories":"0","suf_dir1":"","x_coord":"1165817.6169015","shape_area":"545.5","year_built":"0","cdb_city_i":"","stories":"0","y_coord":"1866068.96105914","unit_name":"","qc_date":null,"edit_date":null,"non_standa":"","label_hous":"0","st_name1":"","t_add1":"0","z_coord":"0","qc_userid":"","qc_source":"","orig_bldg_":"504483","footprint_":"AERIALS98","st_type1":"","bldg_statu":"ACTIVE","condition_":null,"bldg_name2":"","bldg_activ":"1998-04-01T08:00:00.000Z","edit_useri":"","bldg_sq_fo":"0.0","edit_sourc":"","f_add1":"0","vacancy_st":"","bldg_creat":"1998-04-01T08:00:00.000Z","no_of_unit":"0","bldg_end_d":null,"bldg_id":"504483","create_use":"","demolished":null,"pre_dir1":"","bldg_condi":"","bldg_name1":"","comments":"","shape_len":"93.5367371347","harris_str":""}},{"type":"Feature","geometry":{"type":"MultiPolygon","coordinates":[[[[-87.66744969142111,41.78870949947938],[-87.66744919445249,41.78875752164807],[-87.66735934726664,41.788758372970186],[-87.66735799677642,41.78871171223626],[-87.66744969142111,41.78870949947938]]]]},"properties":{"no_stories":"0","suf_dir1":"","x_coord":"1165856.01191913","shape_area":"427.125","year_built":"0","cdb_city_i":"","stories":"0","y_coord":"1866309.65241716","unit_name":"","qc_date":null,"edit_date":null,"non_standa":"","label_hous":"0","st_name1":"","t_add1":"0","z_coord":"0","qc_userid":"","qc_source":"","orig_bldg_":"502456","footprint_":"AERIALS98","st_type1":"","bldg_statu":"ACTIVE","condition_":null,"bldg_name2":"","bldg_activ":"1998-04-01T08:00:00.000Z","edit_useri":"","bldg_sq_fo":"0.0","edit_sourc":"","f_add1":"0","vacancy_st":"","bldg_creat":"1998-04-01T08:00:00.000Z","no_of_unit":"0","bldg_end_d":null,"bldg_id":"502456","create_use":"","demolished":null,"pre_dir1":"","bldg_condi":"","bldg_name1":"","comments":"","shape_len":"84.0324448678","harris_str":""}},{"type":"Feature","geometry":{"type":"MultiPolygon","coordinates":[[[[-87.66601508517246,41.78826208885902],[-87.66601818261988,41.78831699262456],[-87.66581646124344,41.7883213092631],[-87.66581519727968,41.78826641614603],[-87.66601508517246,41.78826208885902]]]]},"properties":{"no_stories":"0","suf_dir1":"","x_coord":"1166262.95748012","shape_area":"1096.5","year_built":"1899","cdb_city_i":"","stories":"1","y_coord":"1866151.89933074","unit_name":"","qc_date":"2003-06-16T07:00:00.000Z","edit_date":null,"non_standa":"","label_hous":"5804","st_name1":"MARSHFIELD","t_add1":"5804","z_coord":"0","qc_userid":"DS06284","qc_source":"PARCELS","orig_bldg_":"503807","footprint_":"AERIALS98","st_type1":"AVE","bldg_statu":"ACTIVE","condition_":"2001-12-01T08:00:00.000Z","bldg_name2":"","bldg_activ":"1998-04-01T08:00:00.000Z","edit_useri":"","bldg_sq_fo":"1044.0","edit_sourc":"","f_add1":"5804","vacancy_st":"","bldg_creat":"1998-04-01T08:00:00.000Z","no_of_unit":"1","bldg_end_d":null,"bldg_id":"503807","create_use":"","demolished":null,"pre_dir1":"S","bldg_condi":"NEEDS MINOR REPAIR","bldg_name1":"","comments":"","shape_len":"149.604269943","harris_str":"02018230013000"}},{"type":"Feature","geometry":{"type":"MultiPolygon","coordinates":[[[[-87.66893166692118,41.78812256931762],[-87.66893317438506,41.788154137358376],[-87.66886900854945,41.78815376624171],[-87.66886748694851,41.78812357026284],[-87.66893166692118,41.78812256931762]]]]},"properties":{"no_stories":"0","suf_dir1":"","x_coord":"1165449.62002221","shape_area":"197.0","year_built":"0","cdb_city_i":"","stories":"0","y_coord":"1866089.0011826","unit_name":"","qc_date":null,"edit_date":null,"non_standa":"","label_hous":"0","st_name1":"","t_add1":"0","z_coord":"0","qc_userid":"","qc_source":"","orig_bldg_":"504365","footprint_":"AERIALS98","st_type1":"","bldg_statu":"ACTIVE","condition_":null,"bldg_name2":"","bldg_activ":"1998-04-01T08:00:00.000Z","edit_useri":"","bldg_sq_fo":"0.0","edit_sourc":"","f_add1":"0","vacancy_st":"","bldg_creat":"1998-04-01T08:00:00.000Z","no_of_unit":"0","bldg_end_d":null,"bldg_id":"504365","create_use":"","demolished":null,"pre_dir1":"","bldg_condi":"","bldg_name1":"","comments":"","shape_len":"57.529363606","harris_str":""}},{"type":"Feature","geometry":{"type":"MultiPolygon","coordinates":[[[[-87.66760032809,41.78797215885736],[-87.66760156518339,41.78802979609299],[-87.6675080524032,41.78803062629078],[-87.66750681539358,41.787972989054765],[-87.66760032809,41.78797215885736]]]]},"properties":{"no_stories":"0","suf_dir1":"","x_coord":"1165817.11430699","shape_area":"535.75","year_built":"0","cdb_city_i":"","stories":"0","y_coord":"1866042.61846655","unit_name":"","qc_date":null,"edit_date":null,"non_standa":"","label_hous":"0","st_name1":"","t_add1":"0","z_coord":"0","qc_userid":"","qc_source":"","orig_bldg_":"504691","footprint_":"AERIALS98","st_type1":"","bldg_statu":"ACTIVE","condition_":null,"bldg_name2":"","bldg_activ":"1998-04-01T08:00:00.000Z","edit_useri":"","bldg_sq_fo":"0.0","edit_sourc":"","f_add1":"0","vacancy_st":"","bldg_creat":"1998-04-01T08:00:00.000Z","no_of_unit":"0","bldg_end_d":null,"bldg_id":"504691","create_use":"","demolished":null,"pre_dir1":"","bldg_condi":"","bldg_name1":"","comments":"","shape_len":"93.0217060546","harris_str":""}},{"type":"Feature","geometry":{"type":"MultiPolygon","coordinates":[[[[-87.66743839005198,41.78838423577068],[-87.66743968380008,41.788436384754796],[-87.6673626560815,41.7884386825311],[-87.6673613765966,41.78838516148456],[-87.66743839005198,41.78838423577068]]]]},"properties":{"no_stories":"0","suf_dir1":"","x_coord":"1165857.86046013","shape_area":"404.625","year_built":"0","cdb_city_i":"","stories":"0","y_coord":"1866192.27587396","unit_name":"","qc_date":null,"edit_date":null,"non_standa":"","label_hous":"0","st_name1":"","t_add1":"0","z_coord":"0","qc_userid":"","qc_source":"","orig_bldg_":"503488","footprint_":"AERIALS98","st_type1":"","bldg_statu":"ACTIVE","condition_":null,"bldg_name2":"","bldg_activ":"1998-04-01T08:00:00.000Z","edit_useri":"","bldg_sq_fo":"0.0","edit_sourc":"","f_add1":"0","vacancy_st":"","bldg_creat":"1998-04-01T08:00:00.000Z","no_of_unit":"0","bldg_end_d":null,"bldg_id":"503488","create_use":"","demolished":null,"pre_dir1":"","bldg_condi":"","bldg_name1":"","comments":"","shape_len":"80.5427345911","harris_str":""}},{"type":"Feature","geometry":{"type":"MultiPolygon","coordinates":[[[[-87.66722207302118,41.788381609551806],[-87.66722325296368,41.788444735032876],[-87.66703805951113,41.78844640536056],[-87.6670368655426,41.78838465194085],[-87.66722207302118,41.788381609551806]]]]},"properties":{"no_stories":"0","suf_dir1":"","x_coord":"1165931.61624064","shape_area":"1149.5","year_built":"1923","cdb_city_i":"","stories":"1","y_coord":"1866194.02278754","unit_name":"","qc_date":"2003-06-16T07:00:00.000Z","edit_date":null,"non_standa":"","label_hous":"5800","st_name1":"PAULINA","t_add1":"5800","z_coord":"0","qc_userid":"DS06284","qc_source":"PARCELS","orig_bldg_":"503457","footprint_":"AERIALS98","st_type1":"ST","bldg_statu":"ACTIVE","condition_":"2001-12-01T08:00:00.000Z","bldg_name2":"","bldg_activ":"1998-04-01T08:00:00.000Z","edit_useri":"","bldg_sq_fo":"995.0","edit_sourc":"","f_add1":"5800","vacancy_st":"","bldg_creat":"1998-04-01T08:00:00.000Z","no_of_unit":"1","bldg_end_d":null,"bldg_id":"503457","create_use":"","demolished":null,"pre_dir1":"S","bldg_condi":"NEEDS MINOR REPAIR","bldg_name1":"","comments":"","shape_len":"146.543161346","harris_str":"02018229009000"}},{"type":"Feature","geometry":{"type":"MultiPolygon","coordinates":[[[[-87.66911165693624,41.78809205081615],[-87.66911285289453,41.78815380423184],[-87.66893499352751,41.7881555200237],[-87.66893546104262,41.78811024196053],[-87.66897029390157,41.78811044340799],[-87.66897046389788,41.788093978657535],[-87.66911165693624,41.78809205081615]]]]},"properties":{"no_stories":"0","suf_dir1":"","x_coord":"1165415.99923253","shape_area":"1024.125","year_built":"1899","cdb_city_i":"","stories":"2","y_coord":"1866084.24192334","unit_name":"","qc_date":"2003-06-16T07:00:00.000Z","edit_date":null,"non_standa":"","label_hous":"5811","st_name1":"WOOD","t_add1":"5811","z_coord":"0","qc_userid":"DS06284","qc_source":"PARCELS","orig_bldg_":"504360","footprint_":"AERIALS98","st_type1":"ST","bldg_statu":"ACTIVE","condition_":"2001-12-01T08:00:00.000Z","bldg_name2":"","bldg_activ":"1998-04-01T08:00:00.000Z","edit_useri":"","bldg_sq_fo":"756.0","edit_sourc":"","f_add1":"5811","vacancy_st":"","bldg_creat":"1998-04-01T08:00:00.000Z","no_of_unit":"1","bldg_end_d":null,"bldg_id":"504360","create_use":"","demolished":null,"pre_dir1":"S","bldg_condi":"SOUND","bldg_name1":"","comments":"","shape_len":"141.528847876","harris_str":"02018228003000"}},{"type":"Feature","geometry":{"type":"MultiPolygon","coordinates":[[[[-87.66719481380625,41.78818111841335],[-87.66719600792516,41.78824287183466],[-87.66703281479118,41.788244669722786],[-87.66703162082892,41.78818291630094],[-87.66719481380625,41.78818111841335]]]]},"properties":{"no_stories":"0","suf_dir1":"","x_coord":"1165936.61367011","shape_area":"1001.75","year_built":"1899","cdb_city_i":"","stories":"2","y_coord":"1866120.74192333","unit_name":"","qc_date":"2003-06-16T07:00:00.000Z","edit_date":null,"non_standa":"","label_hous":"5806","st_name1":"PAULINA","t_add1":"5806","z_coord":"0","qc_userid":"DS06284","qc_source":"PARCELS","orig_bldg_":"504033","footprint_":"AERIALS98","st_type1":"ST","bldg_statu":"ACTIVE","condition_":"2001-12-01T08:00:00.000Z","bldg_name2":"","bldg_activ":"1998-04-01T08:00:00.000Z","edit_useri":"","bldg_sq_fo":"772.0","edit_sourc":"","f_add1":"5806","vacancy_st":"","bldg_creat":"1998-04-01T08:00:00.000Z","no_of_unit":"1","bldg_end_d":null,"bldg_id":"504033","create_use":"","demolished":null,"pre_dir1":"S","bldg_condi":"NEEDS MAJOR REPAIR","bldg_name1":"","comments":"","shape_len":"134.033578814","harris_str":"02018229012000"}},{"type":"Feature","geometry":{"type":"MultiPolygon","coordinates":[[[[-87.66722700791162,41.78896754377024],[-87.6672282020662,41.78902929718313],[-87.66705034026648,41.78903101003878],[-87.66704914628264,41.78896925662531],[-87.66722700791162,41.78896754377024]]]]},"properties":{"no_stories":"0","suf_dir1":"","x_coord":"1165927.61367011","shape_area":"1091.75","year_built":"1919","cdb_city_i":"","stories":"2","y_coord":"1866407.24192334","unit_name":"","qc_date":"2003-06-16T07:00:00.000Z","edit_date":"2008-01-04T08:00:00.000Z","non_standa":"","label_hous":"5746","st_name1":"PAULINA","t_add1":"5746","z_coord":"0","qc_userid":"DS06284","qc_source":"PARCELS","orig_bldg_":"501410","footprint_":"AERIALS98","st_type1":"ST","bldg_statu":"ACTIVE","condition_":"2001-12-01T08:00:00.000Z","bldg_name2":"","bldg_activ":"1998-04-01T08:00:00.000Z","edit_useri":"DT00211","bldg_sq_fo":"1656.0","edit_sourc":"","f_add1":"5746","vacancy_st":"","bldg_creat":"1998-04-01T08:00:00.000Z","no_of_unit":"2","bldg_end_d":null,"bldg_id":"501410","create_use":"","demolished":null,"pre_dir1":"S","bldg_condi":"NEEDS MINOR REPAIR","bldg_name1":"","comments":"","shape_len":"142.031726106","harris_str":"02018221042000"}},{"type":"Feature","geometry":{"type":"MultiPolygon","coordinates":[[[[-87.66622827394264,41.78838956431794],[-87.66622946713503,41.78845131774033],[-87.66618545329983,41.78845243428891],[-87.66618426014969,41.788390680866385],[-87.66622827394264,41.78838956431794]]]]},"properties":{"no_stories":"0","suf_dir1":"","x_coord":"1166183.36435598","shape_area":"270.25","year_built":"0","cdb_city_i":"","stories":"0","y_coord":"1866198.46105914","unit_name":"","qc_date":null,"edit_date":null,"non_standa":"","label_hous":"0","st_name1":"","t_add1":"0","z_coord":"0","qc_userid":"","qc_source":"","orig_bldg_":"503423","footprint_":"AERIALS98","st_type1":"","bldg_statu":"ACTIVE","condition_":null,"bldg_name2":"","bldg_activ":"1998-04-01T08:00:00.000Z","edit_useri":"","bldg_sq_fo":"0.0","edit_sourc":"","f_add1":"0","vacancy_st":"","bldg_creat":"1998-04-01T08:00:00.000Z","no_of_unit":"0","bldg_end_d":null,"bldg_id":"503423","create_use":"","demolished":null,"pre_dir1":"","bldg_condi":"","bldg_name1":"","comments":"","shape_len":"69.0319340386","harris_str":""}},{"type":"Feature","geometry":{"type":"MultiPolygon","coordinates":[[[[-87.66880714362992,41.78810812763205],[-87.66880848099443,41.788156160423846],[-87.66872413458144,41.78815704463401],[-87.66872279727988,41.7881090118417],[-87.66880714362992,41.78810812763205]]]]},"properties":{"no_stories":"0","suf_dir1":"","x_coord":"1165486.36416002","shape_area":"402.75","year_built":"0","cdb_city_i":"","stories":"0","y_coord":"1866087.65241717","unit_name":"","qc_date":null,"edit_date":null,"non_standa":"","label_hous":"0","st_name1":"","t_add1":"0","z_coord":"0","qc_userid":"","qc_source":"","orig_bldg_":"504354","footprint_":"AERIALS98","st_type1":"","bldg_statu":"ACTIVE","condition_":null,"bldg_name2":"","bldg_activ":"1998-04-01T08:00:00.000Z","edit_useri":"","bldg_sq_fo":"0.0","edit_sourc":"","f_add1":"0","vacancy_st":"","bldg_creat":"1998-04-01T08:00:00.000Z","no_of_unit":"0","bldg_end_d":null,"bldg_id":"504354","create_use":"","demolished":null,"pre_dir1":"","bldg_condi":"","bldg_name1":"","comments":"","shape_len":"81.0251510813","harris_str":""}},{"type":"Feature","geometry":{"type":"MultiPolygon","coordinates":[[[[-87.66551258645771,41.788982288836024],[-87.66551564078136,41.78904130878943],[-87.66534872196279,41.789048571199906],[-87.66534383445997,41.78898954058301],[-87.66551258645771,41.788982288836024]]]]},"properties":{"no_stories":"0","suf_dir1":"","x_coord":"1166393.45042084","shape_area":"987.375","year_built":"0","cdb_city_i":"","stories":"2","y_coord":"1866416.80365173","unit_name":"","qc_date":"2003-06-16T07:00:00.000Z","edit_date":null,"non_standa":"","label_hous":"5747","st_name1":"MARSHFIELD","t_add1":"5747","z_coord":"0","qc_userid":"DS06284","qc_source":"PARCELS","orig_bldg_":"501317","footprint_":"AERIALS98","st_type1":"AVE","bldg_statu":"ACTIVE","condition_":"2001-12-01T08:00:00.000Z","bldg_name2":"","bldg_activ":"1998-04-01T08:00:00.000Z","edit_useri":"","bldg_sq_fo":"704.0","edit_sourc":"","f_add1":"5747","vacancy_st":"","bldg_creat":"1998-04-01T08:00:00.000Z","no_of_unit":"1","bldg_end_d":null,"bldg_id":"501317","create_use":"","demolished":null,"pre_dir1":"S","bldg_condi":"NEEDS MINOR REPAIR","bldg_name1":"","comments":"","shape_len":"134.772021442","harris_str":"02018223019000"}},{"type":"Feature","geometry":{"type":"MultiPolygon","coordinates":[[[[-87.66792777776938,41.78875206182866],[-87.6679292847513,41.78878362987566],[-87.66794945135018,41.78878374668257],[-87.66794912501518,41.78881530411055],[-87.66778776376435,41.78881711367922],[-87.66778658326588,41.788753988203936],[-87.66792777776938,41.78875206182866]]]]},"properties":{"no_stories":"0","suf_dir1":"","x_coord":"1165729.26023777","shape_area":"954.875","year_built":"1909","cdb_city_i":"","stories":"2","y_coord":"1866327.52278754","unit_name":"","qc_date":"2003-06-16T07:00:00.000Z","edit_date":null,"non_standa":"","label_hous":"5753","st_name1":"HERMITAGE","t_add1":"5753","z_coord":"0","qc_userid":"DS06284","qc_source":"PARCELS","orig_bldg_":"502243","footprint_":"AERIALS98","st_type1":"AVE","bldg_statu":"ACTIVE","condition_":"2001-12-01T08:00:00.000Z","bldg_name2":"","bldg_activ":"1998-04-01T08:00:00.000Z","edit_useri":"","bldg_sq_fo":"1320.0","edit_sourc":"","f_add1":"5753","vacancy_st":"","bldg_creat":"1998-04-01T08:00:00.000Z","no_of_unit":"1","bldg_end_d":null,"bldg_id":"502243","create_use":"","demolished":null,"pre_dir1":"S","bldg_condi":"NEEDS MINOR REPAIR","bldg_name1":"","comments":"","shape_len":"134.040645567","harris_str":"02018221022000"}},{"type":"Feature","geometry":{"type":"MultiPolygon","coordinates":[[[[-87.6674257824411,41.7881852017568],[-87.66742706197773,41.788238722804834],[-87.66735554863087,41.78823968039659],[-87.66735426915372,41.7881861593482],[-87.6674257824411,41.7881852017568]]]]},"properties":{"no_stories":"0","suf_dir1":"","x_coord":"1165861.11425047","shape_area":"380.5","year_built":"0","cdb_city_i":"","stories":"0","y_coord":"1866119.77587395","unit_name":"","qc_date":null,"edit_date":null,"non_standa":"","label_hous":"0","st_name1":"","t_add1":"0","z_coord":"0","qc_userid":"","qc_source":"","orig_bldg_":"504060","footprint_":"AERIALS98","st_type1":"","bldg_statu":"ACTIVE","condition_":null,"bldg_name2":"","bldg_activ":"1998-04-01T08:00:00.000Z","edit_useri":"","bldg_sq_fo":"0.0","edit_sourc":"","f_add1":"0","vacancy_st":"","bldg_creat":"1998-04-01T08:00:00.000Z","no_of_unit":"0","bldg_end_d":null,"bldg_id":"504060","create_use":"","demolished":null,"pre_dir1":"","bldg_condi":"","bldg_name1":"","comments":"","shape_len":"78.0256368125","harris_str":""}},{"type":"Feature","geometry":{"type":"MultiPolygon","coordinates":[[[[-87.66669306979074,41.78812195000222],[-87.66669616781172,41.78817685375499],[-87.66654762709777,41.78818010812412],[-87.66654636251135,41.78812521500923],[-87.66669306979074,41.78812195000222]]]]},"properties":{"no_stories":"0","suf_dir1":"","x_coord":"1166071.21176253","shape_area":"806.125","year_built":"1899","cdb_city_i":"","stories":"1","y_coord":"1866099.11846655","unit_name":"","qc_date":"2003-06-16T07:00:00.000Z","edit_date":null,"non_standa":"","label_hous":"5809","st_name1":"PAULINA","t_add1":"5809","z_coord":"0","qc_userid":"DS06284","qc_source":"PARCELS","orig_bldg_":"504233","footprint_":"AERIALS98","st_type1":"ST","bldg_statu":"ACTIVE","condition_":"2001-12-01T08:00:00.000Z","bldg_name2":"","bldg_activ":"1998-04-01T08:00:00.000Z","edit_useri":"","bldg_sq_fo":"690.0","edit_sourc":"","f_add1":"5809","vacancy_st":"","bldg_creat":"1998-04-01T08:00:00.000Z","no_of_unit":"1","bldg_end_d":null,"bldg_id":"504233","create_use":"","demolished":null,"pre_dir1":"S","bldg_condi":"NEEDS MINOR REPAIR","bldg_name1":"","comments":"","shape_len":"120.587116796","harris_str":"02018230005000"}},{"type":"Feature","geometry":{"type":"MultiPolygon","coordinates":[[[[-87.66669507241393,41.788636515745374],[-87.66669632291645,41.78869278091653],[-87.6664964479351,41.78869573731746],[-87.66649519760738,41.788639472145434],[-87.66669507241393,41.788636515745374]]]]},"properties":{"no_stories":"0","suf_dir1":"","x_coord":"1166076.6127835","shape_area":"1118.0","year_built":"1961","cdb_city_i":"","stories":"1","y_coord":"1866286.89933074","unit_name":"","qc_date":"2003-06-16T07:00:00.000Z","edit_date":null,"non_standa":"","label_hous":"5757","st_name1":"PAULINA","t_add1":"5757","z_coord":"0","qc_userid":"DS06284","qc_source":"PARCELS","orig_bldg_":"502678","footprint_":"AERIALS98","st_type1":"ST","bldg_statu":"ACTIVE","condition_":"2001-12-01T08:00:00.000Z","bldg_name2":"","bldg_activ":"1998-04-01T08:00:00.000Z","edit_useri":"","bldg_sq_fo":"1040.0","edit_sourc":"","f_add1":"5757","vacancy_st":"","bldg_creat":"1998-04-01T08:00:00.000Z","no_of_unit":"1","bldg_end_d":null,"bldg_id":"502678","create_use":"","demolished":null,"pre_dir1":"S","bldg_condi":"SOUND","bldg_name1":"","comments":"","shape_len":"150.053469897","harris_str":"02018222023000"}},{"type":"Feature","geometry":{"type":"MultiPolygon","coordinates":[[[[-87.66910406080981,41.788295084274],[-87.66910529925288,41.78835272150004],[-87.66889810629105,41.78835426762513],[-87.6688968680336,41.78829663039823],[-87.66910406080981,41.788295084274]]]]},"properties":{"no_stories":"0","suf_dir1":"","x_coord":"1165421.61357213","shape_area":"1187.0","year_built":"1962","cdb_city_i":"","stories":"1","y_coord":"1866157.39933075","unit_name":"","qc_date":"2003-06-16T07:00:00.000Z","edit_date":null,"non_standa":"","label_hous":"5803","st_name1":"WOOD","t_add1":"5803","z_coord":"0","qc_userid":"DS06284","qc_source":"PARCELS","orig_bldg_":"503770","footprint_":"AERIALS98","st_type1":"ST","bldg_statu":"ACTIVE","condition_":"2001-12-01T08:00:00.000Z","bldg_name2":"","bldg_activ":"1998-04-01T08:00:00.000Z","edit_useri":"","bldg_sq_fo":"1056.0","edit_sourc":"","f_add1":"5803","vacancy_st":"","bldg_creat":"1998-04-01T08:00:00.000Z","no_of_unit":"1","bldg_end_d":null,"bldg_id":"503770","create_use":"","demolished":null,"pre_dir1":"S","bldg_condi":"SOUND","bldg_name1":"","comments":"","shape_len":"155.029600804","harris_str":"02018228016000"}},{"type":"Feature","geometry":{"type":"MultiPolygon","coordinates":[[[[-87.66792391779582,41.788238857488814],[-87.66792505585994,41.78830609915582],[-87.66777101494822,41.78830932324812],[-87.66776989123713,41.78824070951862],[-87.66792391779582,41.788238857488814]]]]},"properties":{"no_stories":"0","suf_dir1":"","x_coord":"1165736.36082669","shape_area":"1040.125","year_built":"1899","cdb_city_i":"","stories":"2","y_coord":"1866141.64624433","unit_name":"","qc_date":"2003-06-16T07:00:00.000Z","edit_date":null,"non_standa":"","label_hous":"5805","st_name1":"HERMITAGE","t_add1":"5805","z_coord":"0","qc_userid":"DS06284","qc_source":"PARCELS","orig_bldg_":"503880","footprint_":"AERIALS98","st_type1":"AVE","bldg_statu":"ACTIVE","condition_":"2001-12-01T08:00:00.000Z","bldg_name2":"","bldg_activ":"1998-04-01T08:00:00.000Z","edit_useri":"","bldg_sq_fo":"792.0","edit_sourc":"","f_add1":"5805","vacancy_st":"","bldg_creat":"1998-04-01T08:00:00.000Z","no_of_unit":"1","bldg_end_d":null,"bldg_id":"503880","create_use":"","demolished":null,"pre_dir1":"S","bldg_condi":"NEEDS MINOR REPAIR","bldg_name1":"","comments":"","shape_len":"133.548781263","harris_str":"02018229002000"}},{"type":"Feature","geometry":{"type":"MultiPolygon","coordinates":[[[[-87.66881434058068,41.788298897339146],[-87.66881562127357,41.78835241837908],[-87.66872210802728,41.7883532495618],[-87.66872082741219,41.7882997285214],[-87.66881434058068,41.788298897339146]]]]},"properties":{"no_stories":"0","suf_dir1":"","x_coord":"1165485.11425047","shape_area":"497.5","year_built":"0","cdb_city_i":"","stories":"0","y_coord":"1866158.27587395","unit_name":"","qc_date":null,"edit_date":null,"non_standa":"","label_hous":"0","st_name1":"","t_add1":"0","z_coord":"0","qc_userid":"","qc_source":"","orig_bldg_":"503773","footprint_":"AERIALS98","st_type1":"","bldg_statu":"ACTIVE","condition_":null,"bldg_name2":"","bldg_activ":"1998-04-01T08:00:00.000Z","edit_useri":"","bldg_sq_fo":"0.0","edit_sourc":"","f_add1":"0","vacancy_st":"","bldg_creat":"1998-04-01T08:00:00.000Z","no_of_unit":"0","bldg_end_d":null,"bldg_id":"503773","create_use":"","demolished":null,"pre_dir1":"","bldg_condi":"","bldg_name1":"","comments":"","shape_len":"90.0226213857","harris_str":""}},{"type":"Feature","geometry":{"type":"MultiPolygon","coordinates":[[[[-87.66880392166853,41.78824257914964],[-87.66880530154204,41.78828649575303],[-87.66872645489813,41.788287411778164],[-87.66872507507843,41.78824349517425],[-87.66880392166853,41.78824257914964]]]]},"properties":{"no_stories":"0","suf_dir1":"","x_coord":"1165486.11407735","shape_area":"344.25","year_built":"0","cdb_city_i":"","stories":"0","y_coord":"1866135.80982457","unit_name":"","qc_date":null,"edit_date":null,"non_standa":"","label_hous":"0","st_name1":"","t_add1":"0","z_coord":"0","qc_userid":"","qc_source":"","orig_bldg_":"503951","footprint_":"AERIALS98","st_type1":"","bldg_statu":"ACTIVE","condition_":null,"bldg_name2":"","bldg_activ":"1998-04-01T08:00:00.000Z","edit_useri":"","bldg_sq_fo":"0.0","edit_sourc":"","f_add1":"0","vacancy_st":"","bldg_creat":"1998-04-01T08:00:00.000Z","no_of_unit":"0","bldg_end_d":null,"bldg_id":"503951","create_use":"","demolished":null,"pre_dir1":"","bldg_condi":"","bldg_name1":"","comments":"","shape_len":"75.0272475224","harris_str":""}},{"type":"Feature","geometry":{"type":"MultiPolygon","coordinates":[[[[-87.6661541246506,41.788998365750096],[-87.666234791287,41.78899883420486],[-87.66623437875764,41.78903862398996],[-87.66615369784449,41.789039527596074],[-87.6661541246506,41.788998365750096]]]]},"properties":{"no_stories":"0","suf_dir1":"","x_coord":"1166185.14590605","shape_area":"324.5","year_built":"0","cdb_city_i":"","stories":"0","y_coord":"1866415.96723198","unit_name":"","qc_date":null,"edit_date":null,"non_standa":"","label_hous":"0","st_name1":"","t_add1":"0","z_coord":"0","qc_userid":"","qc_source":"","orig_bldg_":"501371","footprint_":"AERIALS98","st_type1":"","bldg_statu":"ACTIVE","condition_":null,"bldg_name2":"","bldg_activ":"1998-04-01T08:00:00.000Z","edit_useri":"","bldg_sq_fo":"0.0","edit_sourc":"","f_add1":"0","vacancy_st":"","bldg_creat":"1998-04-01T08:00:00.000Z","no_of_unit":"0","bldg_end_d":null,"bldg_id":"501371","create_use":"","demolished":null,"pre_dir1":"","bldg_condi":"","bldg_name1":"","comments":"","shape_len":"73.5056810847","harris_str":""}},{"type":"Feature","geometry":{"type":"MultiPolygon","coordinates":[[[[-87.66745431270702,41.78897160581587],[-87.66745557807542,41.78902649891847],[-87.66737673051738,41.78902741401035],[-87.66737546521625,41.78897252090738],[-87.66745431270702,41.78897160581587]]]]},"properties":{"no_stories":"0","suf_dir1":"","x_coord":"1165852.11427025","shape_area":"430.25","year_built":"0","cdb_city_i":"","stories":"0","y_coord":"1866406.55673815","unit_name":"","qc_date":null,"edit_date":null,"non_standa":"","label_hous":"0","st_name1":"","t_add1":"0","z_coord":"0","qc_userid":"","qc_source":"","orig_bldg_":"501432","footprint_":"AERIALS98","st_type1":"","bldg_statu":"ACTIVE","condition_":null,"bldg_name2":"","bldg_activ":"1998-04-01T08:00:00.000Z","edit_useri":"","bldg_sq_fo":"0.0","edit_sourc":"","f_add1":"0","vacancy_st":"","bldg_creat":"1998-04-01T08:00:00.000Z","no_of_unit":"0","bldg_end_d":null,"bldg_id":"501432","create_use":"","demolished":null,"pre_dir1":"","bldg_condi":"","bldg_name1":"","comments":"","shape_len":"83.0241243827","harris_str":""}},{"type":"Feature","geometry":{"type":"MultiPolygon","coordinates":[[[[-87.66502048066249,41.78817123410944],[-87.66502170119547,41.788230243415406],[-87.66491168832533,41.78823097550879],[-87.66491043406066,41.7883517169084],[-87.66502411376476,41.78835100614829],[-87.66502293095931,41.7884648872414],[-87.66463973920989,41.78846540168054],[-87.66464020975239,41.78842012365938],[-87.66462004328105,41.788420006272396],[-87.66461989255791,41.788258092371294],[-87.66463639235657,41.78825818841516],[-87.66463729066201,41.788171748553225],[-87.66502048066249,41.78817123410944]]]]},"properties":{"no_stories":"0","suf_dir1":"","x_coord":"1166576.77655577","shape_area":"10178.375","year_built":"0","cdb_city_i":"","stories":"0","y_coord":"1866169.20797272","unit_name":"","qc_date":null,"edit_date":null,"non_standa":"","label_hous":"5800","st_name1":"ASHLAND","t_add1":"5810","z_coord":"0","qc_userid":"","qc_source":"","orig_bldg_":"503353","footprint_":"AERIALS98","st_type1":"AVE","bldg_statu":"ACTIVE","condition_":null,"bldg_name2":"","bldg_activ":"1998-04-01T08:00:00.000Z","edit_useri":"","bldg_sq_fo":"0.0","edit_sourc":"","f_add1":"5800","vacancy_st":"","bldg_creat":"1998-04-01T08:00:00.000Z","no_of_unit":"0","bldg_end_d":null,"bldg_id":"503353","create_use":"","demolished":null,"pre_dir1":"S","bldg_condi":"","bldg_name1":"","comments":"","shape_len":"494.025699306","harris_str":""}},{"type":"Feature","geometry":{"type":"MultiPolygon","coordinates":[[[[-87.66602856385023,41.78890707495393],[-87.66602977108354,41.788967456310004],[-87.66582075704264,41.78896761415877],[-87.66582114135889,41.78893056849946],[-87.66583397467288,41.78893064306724],[-87.66583421664475,41.788907318022304],[-87.66602856385023,41.78890707495393]]]]},"properties":{"no_stories":"0","suf_dir1":"","x_coord":"1166258.75228232","shape_area":"1218.0","year_built":"1899","cdb_city_i":"","stories":"2","y_coord":"1866387.18019493","unit_name":"","qc_date":"2003-06-16T07:00:00.000Z","edit_date":null,"non_standa":"","label_hous":"5748","st_name1":"MARSHFIELD","t_add1":"5748","z_coord":"0","qc_userid":"DS06284","qc_source":"PARCELS","orig_bldg_":"501607","footprint_":"AERIALS98","st_type1":"AVE","bldg_statu":"ACTIVE","condition_":"2001-12-01T08:00:00.000Z","bldg_name2":"","bldg_activ":"1998-04-01T08:00:00.000Z","edit_useri":"","bldg_sq_fo":"1828.0","edit_sourc":"","f_add1":"5748","vacancy_st":"","bldg_creat":"1998-04-01T08:00:00.000Z","no_of_unit":"2","bldg_end_d":null,"bldg_id":"501607","create_use":"","demolished":null,"pre_dir1":"S","bldg_condi":"NEEDS MAJOR REPAIR","bldg_name1":"","comments":"","shape_len":"157.510232463","harris_str":"02018222041000"}},{"type":"Feature","geometry":{"type":"MultiPolygon","coordinates":[[[[-87.66474352513214,41.78906398618266],[-87.66479853655619,41.7890632086166],[-87.66479969986862,41.78912770615893],[-87.66480084892676,41.78919357576166],[-87.66464315337164,41.78919540224344],[-87.6646420244378,41.789127611754815],[-87.66464084702427,41.78906448627312],[-87.66474352513214,41.78906398618266]]]]},"properties":{"no_stories":"0","suf_dir1":"","x_coord":"1166586.94311211","shape_area":"2044.8","year_built":"0","cdb_city_i":"","stories":"0","y_coord":"1866446.23851212","unit_name":"","qc_date":"2007-11-08T08:00:00.000Z","edit_date":"2007-11-08T08:00:00.000Z","non_standa":"","label_hous":"5744","st_name1":"ASHLAND","t_add1":"5744","z_coord":"0","qc_userid":"DS06183","qc_source":"","orig_bldg_":"500792","footprint_":"AERIALS","st_type1":"AVE","bldg_statu":"ACTIVE","condition_":null,"bldg_name2":"","bldg_activ":"2007-11-08T08:00:00.000Z","edit_useri":"DS06183","bldg_sq_fo":"0.0","edit_sourc":"PARCELS","f_add1":"5744","vacancy_st":"","bldg_creat":"2007-11-08T08:00:00.000Z","no_of_unit":"0","bldg_end_d":null,"bldg_id":"868204","create_use":"DS06183","demolished":null,"pre_dir1":"S","bldg_condi":"","bldg_name1":"","comments":"","shape_len":"181.240836384","harris_str":""}},{"type":"Feature","geometry":{"type":"MultiPolygon","coordinates":[[[[-87.66602415725156,41.78897840085396],[-87.6660253644812,41.789038782209325],[-87.66582733597677,41.78904037602575],[-87.66582794803116,41.78898137738369],[-87.66602415725156,41.78897840085396]]]]},"properties":{"no_stories":"0","suf_dir1":"","x_coord":"1166258.24909068","shape_area":"1169.375","year_built":"1926","cdb_city_i":"","stories":"1","y_coord":"1866413.46105914","unit_name":"","qc_date":"2003-06-16T07:00:00.000Z","edit_date":null,"non_standa":"","label_hous":"5746","st_name1":"MARSHFIELD","t_add1":"5746","z_coord":"0","qc_userid":"DS06284","qc_source":"PARCELS","orig_bldg_":"501360","footprint_":"AERIALS98","st_type1":"AVE","bldg_statu":"ACTIVE","condition_":"2001-12-01T08:00:00.000Z","bldg_name2":"","bldg_activ":"1998-04-01T08:00:00.000Z","edit_useri":"","bldg_sq_fo":"745.0","edit_sourc":"","f_add1":"5746","vacancy_st":"","bldg_creat":"1998-04-01T08:00:00.000Z","no_of_unit":"1","bldg_end_d":null,"bldg_id":"501360","create_use":"","demolished":null,"pre_dir1":"S","bldg_condi":"NEEDS MINOR REPAIR","bldg_name1":"","comments":"","shape_len":"151.035963457","harris_str":"02018222040000"}},{"type":"Feature","geometry":{"type":"MultiPolygon","coordinates":[[[[-87.6662906351109,41.78838718214275],[-87.66642813375826,41.788387980438365],[-87.66642747960464,41.78845109527897],[-87.66628998082241,41.78845029698161],[-87.6662906351109,41.78838718214275]]]]},"properties":{"no_stories":"0","suf_dir1":"","x_coord":"1166141.89590605","shape_area":"862.5","year_built":"1899","cdb_city_i":"","stories":"2","y_coord":"1866197.46105914","unit_name":"","qc_date":"2003-06-16T07:00:00.000Z","edit_date":null,"non_standa":"","label_hous":"5801","st_name1":"PAULINA","t_add1":"5801","z_coord":"0","qc_userid":"DS06284","qc_source":"PARCELS","orig_bldg_":"503431","footprint_":"AERIALS98","st_type1":"ST","bldg_statu":"ACTIVE","condition_":"2001-12-01T08:00:00.000Z","bldg_name2":"","bldg_activ":"1998-04-01T08:00:00.000Z","edit_useri":"","bldg_sq_fo":"1320.0","edit_sourc":"","f_add1":"5801","vacancy_st":"","bldg_creat":"1998-04-01T08:00:00.000Z","no_of_unit":"1","bldg_end_d":null,"bldg_id":"503431","create_use":"","demolished":null,"pre_dir1":"S","bldg_condi":"NEEDS MAJOR REPAIR","bldg_name1":"","comments":"","shape_len":"121.0","harris_str":"02018230001000"}},{"type":"Feature","geometry":{"type":"MultiPolygon","coordinates":[[[[-87.66793655832255,41.788612153969105],[-87.66793775315605,41.78867390738333],[-87.6677543923714,41.78867558947989],[-87.66775318352133,41.788615208127126],[-87.66793655832255,41.788612153969105]]]]},"properties":{"no_stories":"0","suf_dir1":"","x_coord":"1165735.86627097","shape_area":"1113.125","year_built":"0","cdb_city_i":"","stories":"0","y_coord":"1866276.24192333","unit_name":"","qc_date":"2003-06-16T07:00:00.000Z","edit_date":null,"non_standa":"","label_hous":"5759","st_name1":"HERMITAGE","t_add1":"5759","z_coord":"0","qc_userid":"DS06284","qc_source":"PARCELS","orig_bldg_":"502783","footprint_":"AERIALS98","st_type1":"AVE","bldg_statu":"ACTIVE","condition_":null,"bldg_name2":"","bldg_activ":"1998-04-01T08:00:00.000Z","edit_useri":"","bldg_sq_fo":"0.0","edit_sourc":"","f_add1":"5759","vacancy_st":"","bldg_creat":"1998-04-01T08:00:00.000Z","no_of_unit":"0","bldg_end_d":null,"bldg_id":"502783","create_use":"","demolished":null,"pre_dir1":"S","bldg_condi":"","bldg_name1":"","comments":"","shape_len":"144.543729894","harris_str":""}},{"type":"Feature","geometry":{"type":"MultiPolygon","coordinates":[[[[-87.66759379395378,41.788249294164],[-87.66759508782658,41.78830144314849],[-87.66751074121801,41.788302326466216],[-87.6675094474136,41.788250177481274],[-87.66759379395378,41.788249294164]]]]},"properties":{"no_stories":"0","suf_dir1":"","x_coord":"1165816.86422964","shape_area":"437.25","year_built":"0","cdb_city_i":"","stories":"0","y_coord":"1866142.49500975","unit_name":"","qc_date":null,"edit_date":null,"non_standa":"","label_hous":"0","st_name1":"","t_add1":"0","z_coord":"0","qc_userid":"","qc_source":"","orig_bldg_":"503898","footprint_":"AERIALS98","st_type1":"","bldg_statu":"ACTIVE","condition_":null,"bldg_name2":"","bldg_activ":"1998-04-01T08:00:00.000Z","edit_useri":"","bldg_sq_fo":"0.0","edit_sourc":"","f_add1":"0","vacancy_st":"","bldg_creat":"1998-04-01T08:00:00.000Z","no_of_unit":"0","bldg_end_d":null,"bldg_id":"503898","create_use":"","demolished":null,"pre_dir1":"","bldg_condi":"","bldg_name1":"","comments":"","shape_len":"84.0240238988","harris_str":""}},{"type":"Feature","geometry":{"type":"MultiPolygon","coordinates":[[[[-87.66547761831129,41.78864179379511],[-87.6654903661218,41.788650100769466],[-87.66549200007302,41.78866932028738],[-87.66548091468874,41.78867748870838],[-87.66548033080487,41.788733743226565],[-87.66549127379045,41.78873929541994],[-87.66549293622552,41.788755770814745],[-87.66548000325953,41.788765300638964],[-87.66529294705967,41.788769701610846],[-87.6652913131658,41.78875048209085],[-87.66524729911428,41.78875159827831],[-87.6652475128052,41.78873101735813],[-87.665177832221,41.78873198425163],[-87.66517320135223,41.78864825652134],[-87.66547761831129,41.78864179379511]]]]},"properties":{"no_stories":"0","suf_dir1":"","x_coord":"1166422.07046584","shape_area":"3440.0","year_built":"0","cdb_city_i":"","stories":"0","y_coord":"1866305.44254063","unit_name":"","qc_date":null,"edit_date":"2008-01-21T08:00:00.000Z","non_standa":"","label_hous":"5757","st_name1":"MARSHFIELD","t_add1":"5757","z_coord":"0","qc_userid":"","qc_source":"","orig_bldg_":"502368","footprint_":"AERIALS98","st_type1":"AVE","bldg_statu":"ACTIVE","condition_":null,"bldg_name2":"","bldg_activ":"1998-04-01T08:00:00.000Z","edit_useri":"DT00211","bldg_sq_fo":"0.0","edit_sourc":"","f_add1":"5757","vacancy_st":"","bldg_creat":"1998-04-01T08:00:00.000Z","no_of_unit":"0","bldg_end_d":null,"bldg_id":"502368","create_use":"","demolished":null,"pre_dir1":"S","bldg_condi":"","bldg_name1":"","comments":"","shape_len":"261.111430516","harris_str":""}},{"type":"Feature","geometry":{"type":"MultiPolygon","coordinates":[[[[-87.6661538562704,41.78884742833166],[-87.66623085606084,41.78884787549313],[-87.66623032972981,41.788898641771915],[-87.66615516320842,41.78889820525698],[-87.6661538562704,41.78884742833166]]]]},"properties":{"no_stories":"0","suf_dir1":"","x_coord":"1166186.00547395","shape_area":"383.875","year_built":"0","cdb_city_i":"","stories":"0","y_coord":"1866362.93328136","unit_name":"","qc_date":null,"edit_date":null,"non_standa":"","label_hous":"0","st_name1":"","t_add1":"0","z_coord":"0","qc_userid":"","qc_source":"","orig_bldg_":"501881","footprint_":"AERIALS98","st_type1":"","bldg_statu":"ACTIVE","condition_":null,"bldg_name2":"","bldg_activ":"1998-04-01T08:00:00.000Z","edit_useri":"","bldg_sq_fo":"0.0","edit_sourc":"","f_add1":"0","vacancy_st":"","bldg_creat":"1998-04-01T08:00:00.000Z","no_of_unit":"0","bldg_end_d":null,"bldg_id":"501881","create_use":"","demolished":null,"pre_dir1":"","bldg_condi":"","bldg_name1":"","comments":"","shape_len":"78.5067555233","harris_str":""}},{"type":"Feature","geometry":{"type":"MultiPolygon","coordinates":[[[[-87.66474352513214,41.78906398618266],[-87.66464084702427,41.78906448627312],[-87.6646397922409,41.78898956106517],[-87.66474247308058,41.78898878656255],[-87.6647423019971,41.78900525129626],[-87.66479181622525,41.78900416731104],[-87.66479198729606,41.78898770257716],[-87.66483415392796,41.788987947958205],[-87.66483527451071,41.789056561684745],[-87.66477476023994,41.78905758167272],[-87.66477308372578,41.78904247833081],[-87.66474375039208,41.78904230761682],[-87.66474352513214,41.78906398618266]]]]},"properties":{"no_stories":"0","suf_dir1":"","x_coord":"1166582.44311212","shape_area":"1270.5","year_built":"0","cdb_city_i":"","stories":"0","y_coord":"1866420.83851212","unit_name":"","qc_date":"2007-11-08T08:00:00.000Z","edit_date":"2007-11-08T08:00:00.000Z","non_standa":"","label_hous":"5746","st_name1":"ASHLAND","t_add1":"5746","z_coord":"0","qc_userid":"DS06183","qc_source":"","orig_bldg_":"500792","footprint_":"AERIALS","st_type1":"AVE","bldg_statu":"ACTIVE","condition_":null,"bldg_name2":"","bldg_activ":"2007-11-08T08:00:00.000Z","edit_useri":"DS06183","bldg_sq_fo":"0.0","edit_sourc":"PARCELS","f_add1":"5746","vacancy_st":"","bldg_creat":"2007-11-08T08:00:00.000Z","no_of_unit":"0","bldg_end_d":null,"bldg_id":"868203","create_use":"DS06183","demolished":null,"pre_dir1":"S","bldg_condi":"","bldg_name1":"","comments":"","shape_len":"183.256409412","harris_str":""}},{"type":"Feature","geometry":{"type":"MultiPolygon","coordinates":[[[[-87.66724998684549,41.78869599244801],[-87.66725300014335,41.78875912855536],[-87.66704763919783,41.7887606819627],[-87.66704644521822,41.78869892854635],[-87.66724998684549,41.78869599244801]]]]},"properties":{"no_stories":"0","suf_dir1":"","x_coord":"1165925.4697028","shape_area":"1269.25","year_built":"1928","cdb_city_i":"","stories":"1","y_coord":"1866308.52278753","unit_name":"","qc_date":"2003-06-16T07:00:00.000Z","edit_date":null,"non_standa":"","label_hous":"5756","st_name1":"PAULINA","t_add1":"5756","z_coord":"0","qc_userid":"DS06284","qc_source":"PARCELS","orig_bldg_":"502433","footprint_":"AERIALS98","st_type1":"ST","bldg_statu":"ACTIVE","condition_":"2001-12-01T08:00:00.000Z","bldg_name2":"","bldg_activ":"1998-04-01T08:00:00.000Z","edit_useri":"","bldg_sq_fo":"918.0","edit_sourc":"","f_add1":"5756","vacancy_st":"","bldg_creat":"1998-04-01T08:00:00.000Z","no_of_unit":"1","bldg_end_d":null,"bldg_id":"502433","create_use":"","demolished":null,"pre_dir1":"S","bldg_condi":"NEEDS MINOR REPAIR","bldg_name1":"","comments":"","shape_len":"157.056478166","harris_str":"02018221046000"}},{"type":"Feature","geometry":{"type":"MultiPolygon","coordinates":[[[[-87.66662664481684,41.78798572222774],[-87.66662796633567,41.78803512709596],[-87.66642809339602,41.78803808339317],[-87.66642678625122,41.787987306461936],[-87.66662664481684,41.78798572222774]]]]},"properties":{"no_stories":"0","suf_dir1":"","x_coord":"1166097.10926177","shape_area":"995.25","year_built":"1959","cdb_city_i":"","stories":"1","y_coord":"1866048.49500977","unit_name":"","qc_date":"2003-06-16T07:00:00.000Z","edit_date":null,"non_standa":"","label_hous":"5815","st_name1":"PAULINA","t_add1":"5815","z_coord":"0","qc_userid":"DS06284","qc_source":"PARCELS","orig_bldg_":"504656","footprint_":"AERIALS98","st_type1":"ST","bldg_statu":"ACTIVE","condition_":"2001-12-01T08:00:00.000Z","bldg_name2":"","bldg_activ":"1998-04-01T08:00:00.000Z","edit_useri":"","bldg_sq_fo":"1647.0","edit_sourc":"","f_add1":"5815","vacancy_st":"","bldg_creat":"1998-04-01T08:00:00.000Z","no_of_unit":"1","bldg_end_d":null,"bldg_id":"504656","create_use":"","demolished":null,"pre_dir1":"S","bldg_condi":"NEEDS MINOR REPAIR","bldg_name1":"","comments":"","shape_len":"145.543510463","harris_str":"02018230006000"}},{"type":"Feature","geometry":{"type":"MultiPolygon","coordinates":[[[[-87.66848606783734,41.78901737375256],[-87.66848545821937,41.78907637242613],[-87.66838644391291,41.789077171497226],[-87.66837170632928,41.7890839469131],[-87.6682745111652,41.78908612856169],[-87.66827290473677,41.7890641649544],[-87.66826382315175,41.78905587951364],[-87.66826032666532,41.78903939354085],[-87.66827142594488,41.78902985278792],[-87.66837044017866,41.78902905381543],[-87.6683888869557,41.78901818343654],[-87.66848606783734,41.78901737375256]]]]},"properties":{"no_stories":"0","suf_dir1":"","x_coord":"1165590.41056655","shape_area":"1237.375","year_built":"1909","cdb_city_i":"","stories":"2","y_coord":"1866423.86538013","unit_name":"","qc_date":"2003-06-16T07:00:00.000Z","edit_date":null,"non_standa":"","label_hous":"5742","st_name1":"HERMITAGE","t_add1":"5742","z_coord":"0","qc_userid":"DS06284","qc_source":"PARCELS","orig_bldg_":"501229","footprint_":"AERIALS98","st_type1":"AVE","bldg_statu":"ACTIVE","condition_":"2001-12-01T08:00:00.000Z","bldg_name2":"","bldg_activ":"1998-04-01T08:00:00.000Z","edit_useri":"","bldg_sq_fo":"2272.0","edit_sourc":"","f_add1":"5742","vacancy_st":"","bldg_creat":"1998-04-01T08:00:00.000Z","no_of_unit":"2","bldg_end_d":null,"bldg_id":"501229","create_use":"","demolished":null,"pre_dir1":"S","bldg_condi":"NEEDS MINOR REPAIR","bldg_name1":"","comments":"","shape_len":"162.266220411","harris_str":"02018220037000"}},{"type":"Feature","geometry":{"type":"MultiPolygon","coordinates":[[[[-87.66794510664201,41.789026591048525],[-87.66794812063345,41.7890897271391],[-87.66777575867899,41.78909147297289],[-87.66777456399845,41.78902971956253],[-87.66794510664201,41.789026591048525]]]]},"properties":{"no_stories":"0","suf_dir1":"","x_coord":"1165730.46970279","shape_area":"1064.5","year_built":"1979","cdb_city_i":"","stories":"2","y_coord":"1866427.52278753","unit_name":"","qc_date":"2003-06-16T07:00:00.000Z","edit_date":null,"non_standa":"","label_hous":"5743","st_name1":"HERMITAGE","t_add1":"5743","z_coord":"0","qc_userid":"DS06284","qc_source":"PARCELS","orig_bldg_":"501193","footprint_":"AERIALS98","st_type1":"AVE","bldg_statu":"ACTIVE","condition_":"2001-12-01T08:00:00.000Z","bldg_name2":"","bldg_activ":"1998-04-01T08:00:00.000Z","edit_useri":"","bldg_sq_fo":"1648.0","edit_sourc":"","f_add1":"5743","vacancy_st":"","bldg_creat":"1998-04-01T08:00:00.000Z","no_of_unit":"1","bldg_end_d":null,"bldg_id":"501193","create_use":"","demolished":null,"pre_dir1":"S","bldg_condi":"NEEDS MINOR REPAIR","bldg_name1":"","comments":"","shape_len":"139.062108088","harris_str":"02018221018000"}},{"type":"Feature","geometry":{"type":"MultiPolygon","coordinates":[[[[-87.66670625633168,41.78897275597949],[-87.66670750684669,41.78902902114735],[-87.6665149925941,41.78902927600331],[-87.6665155755795,41.78897302147615],[-87.66670625633168,41.78897275597949]]]]},"properties":{"no_stories":"0","suf_dir1":"","x_coord":"1166071.50204878","shape_area":"1071.25","year_built":"1899","cdb_city_i":"","stories":"2","y_coord":"1866408.83760235","unit_name":"","qc_date":"2003-06-16T07:00:00.000Z","edit_date":null,"non_standa":"","label_hous":"5747","st_name1":"PAULINA","t_add1":"5747","z_coord":"0","qc_userid":"DS06284","qc_source":"PARCELS","orig_bldg_":"501407","footprint_":"AERIALS98","st_type1":"ST","bldg_statu":"ACTIVE","condition_":"2001-12-01T08:00:00.000Z","bldg_name2":"","bldg_activ":"1998-04-01T08:00:00.000Z","edit_useri":"","bldg_sq_fo":"1473.0","edit_sourc":"","f_add1":"5747","vacancy_st":"","bldg_creat":"1998-04-01T08:00:00.000Z","no_of_unit":"2","bldg_end_d":null,"bldg_id":"501407","create_use":"","demolished":null,"pre_dir1":"S","bldg_condi":"NEEDS MINOR REPAIR","bldg_name1":"","comments":"","shape_len":"145.510881343","harris_str":"02018222018000"}},{"type":"Feature","geometry":{"type":"MultiPolygon","coordinates":[[[[-87.66909772698176,41.78802061876115],[-87.66909893708984,41.78808100011508],[-87.66888439760469,41.78808387588354],[-87.66888135439208,41.788023483925244],[-87.66909772698176,41.78802061876115]]]]},"properties":{"no_stories":"0","suf_dir1":"","x_coord":"1165425.22997592","shape_area":"1293.625","year_built":"1966","cdb_city_i":"","stories":"1","y_coord":"1866058.24192333","unit_name":"","qc_date":"2003-06-16T07:00:00.000Z","edit_date":null,"non_standa":"","label_hous":"5813","st_name1":"WOOD","t_add1":"5813","z_coord":"0","qc_userid":"DS06284","qc_source":"PARCELS","orig_bldg_":"504568","footprint_":"AERIALS98","st_type1":"ST","bldg_statu":"ACTIVE","condition_":"2001-12-01T08:00:00.000Z","bldg_name2":"","bldg_activ":"1998-04-01T08:00:00.000Z","edit_useri":"","bldg_sq_fo":"1040.0","edit_sourc":"","f_add1":"5813","vacancy_st":"","bldg_creat":"1998-04-01T08:00:00.000Z","no_of_unit":"1","bldg_end_d":null,"bldg_id":"504568","create_use":"","demolished":null,"pre_dir1":"S","bldg_condi":"SOUND","bldg_name1":"","comments":"","shape_len":"161.566688956","harris_str":"02018228004000"}},{"type":"Feature","geometry":{"type":"MultiPolygon","coordinates":[[[[-87.66721088646983,41.78804536931454],[-87.66721209480718,41.78810575067519],[-87.66702690233033,41.788107420992084],[-87.667025679959,41.78804841169278],[-87.66721088646983,41.78804536931454]]]]},"properties":{"no_stories":"0","suf_dir1":"","x_coord":"1165935.61630285","shape_area":"1099.0","year_built":"1899","cdb_city_i":"","stories":"2","y_coord":"1866070.96105915","unit_name":"","qc_date":"2003-06-16T07:00:00.000Z","edit_date":null,"non_standa":"","label_hous":"5812","st_name1":"PAULINA","t_add1":"5812","z_coord":"0","qc_userid":"DS06284","qc_source":"PARCELS","orig_bldg_":"504464","footprint_":"AERIALS98","st_type1":"ST","bldg_statu":"ACTIVE","condition_":"2001-12-01T08:00:00.000Z","bldg_name2":"","bldg_activ":"1998-04-01T08:00:00.000Z","edit_useri":"","bldg_sq_fo":"1740.0","edit_sourc":"","f_add1":"5812","vacancy_st":"","bldg_creat":"1998-04-01T08:00:00.000Z","no_of_unit":"2","bldg_end_d":null,"bldg_id":"504464","create_use":"","demolished":null,"pre_dir1":"S","bldg_condi":"NEEDS MAJOR REPAIR","bldg_name1":"","comments":"","shape_len":"144.543666588","harris_str":"02018229014000"}},{"type":"Feature","geometry":{"type":"MultiPolygon","coordinates":[[[[-87.66867302539448,41.789022572020706],[-87.66867426345691,41.789080209241405],[-87.66858806832096,41.78908245479776],[-87.66858684451074,41.789023445514495],[-87.66867302539448,41.789022572020706]]]]},"properties":{"no_stories":"0","suf_dir1":"","x_coord":"1165520.6109027","shape_area":"499.75","year_built":"0","cdb_city_i":"","stories":"0","y_coord":"1866423.39933074","unit_name":"","qc_date":null,"edit_date":null,"non_standa":"","label_hous":"0","st_name1":"","t_add1":"0","z_coord":"0","qc_userid":"","qc_source":"","orig_bldg_":"501258","footprint_":"AERIALS98","st_type1":"","bldg_statu":"ACTIVE","condition_":null,"bldg_name2":"","bldg_activ":"1998-04-01T08:00:00.000Z","edit_useri":"","bldg_sq_fo":"0.0","edit_sourc":"","f_add1":"0","vacancy_st":"","bldg_creat":"1998-04-01T08:00:00.000Z","no_of_unit":"0","bldg_end_d":null,"bldg_id":"501258","create_use":"","demolished":null,"pre_dir1":"","bldg_condi":"","bldg_name1":"","comments":"","shape_len":"89.538350225","harris_str":""}},{"type":"Feature","geometry":{"type":"MultiPolygon","coordinates":[[[[-87.66490627032063,41.78787007002119],[-87.6649079040805,41.78788928954861],[-87.6647281836036,41.787893732287635],[-87.66472654989735,41.78787451275808],[-87.66490627032063,41.78787007002119]]]]},"properties":{"no_stories":"0","suf_dir1":"","x_coord":"1166563.85622351","shape_area":"344.0","year_built":"0","cdb_city_i":"","stories":"0","y_coord":"1866004.09686161","unit_name":"","qc_date":null,"edit_date":null,"non_standa":"","label_hous":"0","st_name1":"","t_add1":"0","z_coord":"0","qc_userid":"","qc_source":"","orig_bldg_":"505041","footprint_":"AERIALS98","st_type1":"","bldg_statu":"ACTIVE","condition_":null,"bldg_name2":"","bldg_activ":"1998-04-01T08:00:00.000Z","edit_useri":"","bldg_sq_fo":"0.0","edit_sourc":"","f_add1":"0","vacancy_st":"","bldg_creat":"1998-04-01T08:00:00.000Z","no_of_unit":"0","bldg_end_d":null,"bldg_id":"505041","create_use":"","demolished":null,"pre_dir1":"","bldg_condi":"","bldg_name1":"","comments":"","shape_len":"112.11726753","harris_str":""}},{"type":"Feature","geometry":{"type":"MultiPolygon","coordinates":[[[[-87.66909130023691,41.787932764353776],[-87.66909239702875,41.7880041222094],[-87.66893102365667,41.78800730546179],[-87.66892994121096,41.787934575543396],[-87.66909130023691,41.787932764353776]]]]},"properties":{"no_stories":"0","suf_dir1":"","x_coord":"1165419.86107464","shape_area":"1155.625","year_built":"1958","cdb_city_i":"","stories":"1","y_coord":"1866028.48883691","unit_name":"","qc_date":"2003-06-16T07:00:00.000Z","edit_date":null,"non_standa":"","label_hous":"5817","st_name1":"WOOD","t_add1":"5817","z_coord":"0","qc_userid":"DS06284","qc_source":"PARCELS","orig_bldg_":"504779","footprint_":"AERIALS98","st_type1":"ST","bldg_statu":"ACTIVE","condition_":"2001-12-01T08:00:00.000Z","bldg_name2":"","bldg_activ":"1998-04-01T08:00:00.000Z","edit_useri":"","bldg_sq_fo":"1008.0","edit_sourc":"","f_add1":"5817","vacancy_st":"","bldg_creat":"1998-04-01T08:00:00.000Z","no_of_unit":"1","bldg_end_d":null,"bldg_id":"504779","create_use":"","demolished":null,"pre_dir1":"S","bldg_condi":"SOUND","bldg_name1":"","comments":"","shape_len":"140.546446736","harris_str":"02018228005000"}},{"type":"Feature","geometry":{"type":"MultiPolygon","coordinates":[[[[-87.66549670689801,41.78786252679315],[-87.66550552426963,41.7882495227619],[-87.66505811090477,41.78825515382008],[-87.66505713258555,41.788172819470276],[-87.66539268506365,41.78816928237049],[-87.66538765915486,41.78794696576216],[-87.66503376056247,41.787951768268755],[-87.66503671465883,41.788020392672095],[-87.66491753562592,41.7880210714485],[-87.66491528004089,41.787885216032],[-87.66494829370109,41.78788403596968],[-87.66494661717314,41.78786893262716],[-87.66549670689801,41.78786252679315]]]]},"properties":{"no_stories":"0","suf_dir1":"","x_coord":"1166436.67108336","shape_area":"11673.375","year_built":"1963","cdb_city_i":"","stories":"2","y_coord":"1866111.93019493","unit_name":"","qc_date":null,"edit_date":"2008-05-13T07:00:00.000Z","non_standa":"","label_hous":"5812","st_name1":"ASHLAND","t_add1":"5820","z_coord":"0","qc_userid":"","qc_source":"","orig_bldg_":"503983","footprint_":"AERIALS98","st_type1":"AVE","bldg_statu":"ACTIVE","condition_":"2001-12-01T08:00:00.000Z","bldg_name2":"","bldg_activ":"1998-04-01T08:00:00.000Z","edit_useri":"DT00255","bldg_sq_fo":"9900.0","edit_sourc":"","f_add1":"5812","vacancy_st":"","bldg_creat":"1998-04-01T08:00:00.000Z","no_of_unit":"0","bldg_end_d":null,"bldg_id":"503983","create_use":"","demolished":null,"pre_dir1":"S","bldg_condi":"NEEDS MINOR REPAIR","bldg_name1":"","comments":"","shape_len":"833.77472436","harris_str":"02018231003000"}},{"type":"Feature","geometry":{"type":"MultiPolygon","coordinates":[[[[-87.6696940497398,41.78868681090729],[-87.66969523210953,41.788749936377286],[-87.66944402386864,41.78875260135304],[-87.66944257277022,41.78871554507026],[-87.66947557263461,41.788715735772065],[-87.6694758415964,41.788689666583906],[-87.6696940497398,41.78868681090729]]]]},"properties":{"no_stories":"0","suf_dir1":"","x_coord":"1165265.69516079","shape_area":"1486.375","year_built":"1913","cdb_city_i":"","stories":"2","y_coord":"1866300.30365172","unit_name":"","qc_date":"2003-06-16T07:00:00.000Z","edit_date":null,"non_standa":"","label_hous":"5756","st_name1":"WOOD","t_add1":"5756","z_coord":"0","qc_userid":"DS06284","qc_source":"PARCELS","orig_bldg_":"502534","footprint_":"AERIALS98","st_type1":"ST","bldg_statu":"ACTIVE","condition_":"2001-12-01T08:00:00.000Z","bldg_name2":"","bldg_activ":"1998-04-01T08:00:00.000Z","edit_useri":"","bldg_sq_fo":"1146.0","edit_sourc":"","f_add1":"5756","vacancy_st":"","bldg_creat":"1998-04-01T08:00:00.000Z","no_of_unit":"1","bldg_end_d":null,"bldg_id":"502534","create_use":"","demolished":null,"pre_dir1":"S","bldg_condi":"SOUND","bldg_name1":"","comments":"","shape_len":"183.050016176","harris_str":"02018219039000"}},{"type":"Feature","geometry":{"type":"MultiPolygon","coordinates":[[[[-87.67121250347209,41.787938148950296],[-87.67121384263068,41.7879861817285],[-87.67113866297906,41.78798712054498],[-87.6711373238766,41.78793908776632],[-87.67121250347209,41.787938148950296]]]]},"properties":{"no_stories":"0","suf_dir1":"","x_coord":"1164829.61416002","shape_area":"359.0","year_built":"0","cdb_city_i":"","stories":"0","y_coord":"1866020.65241716","unit_name":"","qc_date":null,"edit_date":null,"non_standa":"","label_hous":"0","st_name1":"","t_add1":"0","z_coord":"0","qc_userid":"","qc_source":"","orig_bldg_":"504882","footprint_":"AERIALS98","st_type1":"","bldg_statu":"ACTIVE","condition_":null,"bldg_name2":"","bldg_activ":"1998-04-01T08:00:00.000Z","edit_useri":"","bldg_sq_fo":"0.0","edit_sourc":"","f_add1":"0","vacancy_st":"","bldg_creat":"1998-04-01T08:00:00.000Z","no_of_unit":"0","bldg_end_d":null,"bldg_id":"504882","create_use":"","demolished":null,"pre_dir1":"","bldg_condi":"","bldg_name1":"","comments":"","shape_len":"76.0264761088","harris_str":""}},{"type":"Feature","geometry":{"type":"MultiPolygon","coordinates":[[[[-87.67106590973931,41.787930443228554],[-87.67106714993722,41.78798808044977],[-87.67098463705983,41.78798897689025],[-87.67098339693584,41.78793133966868],[-87.67106590973931,41.787930443228554]]]]},"properties":{"no_stories":"0","suf_dir1":"","x_coord":"1164870.61430699","shape_area":"472.75","year_built":"0","cdb_city_i":"","stories":"0","y_coord":"1866020.11846655","unit_name":"","qc_date":null,"edit_date":null,"non_standa":"","label_hous":"0","st_name1":"","t_add1":"0","z_coord":"0","qc_userid":"","qc_source":"","orig_bldg_":"504873","footprint_":"AERIALS98","st_type1":"","bldg_statu":"ACTIVE","condition_":null,"bldg_name2":"","bldg_activ":"1998-04-01T08:00:00.000Z","edit_useri":"","bldg_sq_fo":"0.0","edit_sourc":"","f_add1":"0","vacancy_st":"","bldg_creat":"1998-04-01T08:00:00.000Z","no_of_unit":"0","bldg_end_d":null,"bldg_id":"504873","create_use":"","demolished":null,"pre_dir1":"","bldg_condi":"","bldg_name1":"","comments":"","shape_len":"87.0230128149","harris_str":""}},{"type":"Feature","geometry":{"type":"MultiPolygon","coordinates":[[[[-87.67069378789343,41.788102559751614],[-87.67069504188889,41.78815882490973],[-87.67061802872196,41.78815975280922],[-87.67061677479384,41.788103487650766],[-87.67069378789343,41.788102559751614]]]]},"properties":{"no_stories":"0","suf_dir1":"","x_coord":"1164970.86428907","shape_area":"430.75","year_built":"0","cdb_city_i":"","stories":"0","y_coord":"1866083.33760235","unit_name":"","qc_date":null,"edit_date":null,"non_standa":"","label_hous":"0","st_name1":"","t_add1":"0","z_coord":"0","qc_userid":"","qc_source":"","orig_bldg_":"504375","footprint_":"AERIALS98","st_type1":"","bldg_statu":"ACTIVE","condition_":null,"bldg_name2":"","bldg_activ":"1998-04-01T08:00:00.000Z","edit_useri":"","bldg_sq_fo":"0.0","edit_sourc":"","f_add1":"0","vacancy_st":"","bldg_creat":"1998-04-01T08:00:00.000Z","no_of_unit":"0","bldg_end_d":null,"bldg_id":"504375","create_use":"","demolished":null,"pre_dir1":"","bldg_condi":"","bldg_name1":"","comments":"","shape_len":"83.024096384","harris_str":""}},{"type":"Feature","geometry":{"type":"MultiPolygon","coordinates":[[[[-87.67094177608539,41.78823434363398],[-87.6709457505961,41.788382558154225],[-87.67086690384592,41.78838347564784],[-87.67086292951682,41.78823526112622],[-87.67094177608539,41.78823434363398]]]]},"properties":{"no_stories":"0","suf_dir1":"","x_coord":"1164902.55245613","shape_area":"1161.75","year_built":"1911","cdb_city_i":"","stories":"1","y_coord":"1866149.65550358","unit_name":"","qc_date":"2003-06-16T07:00:00.000Z","edit_date":null,"non_standa":"","label_hous":"1841","st_name1":"58TH","t_add1":"1841","z_coord":"0","qc_userid":"DS06284","qc_source":"PARCELS","orig_bldg_":"503717","footprint_":"AERIALS98","st_type1":"ST","bldg_statu":"ACTIVE","condition_":"2001-12-01T08:00:00.000Z","bldg_name2":"","bldg_activ":"1998-04-01T08:00:00.000Z","edit_useri":"","bldg_sq_fo":"902.0","edit_sourc":"","f_add1":"1841","vacancy_st":"","bldg_creat":"1998-04-01T08:00:00.000Z","no_of_unit":"1","bldg_end_d":null,"bldg_id":"503717","create_use":"","demolished":null,"pre_dir1":"W","bldg_condi":"NEEDS MINOR REPAIR","bldg_name1":"","comments":"","shape_len":"151.053284967","harris_str":"02018226007000"}},{"type":"Feature","geometry":{"type":"MultiPolygon","coordinates":[[[[-87.6700435959169,41.789104589366474],[-87.6700448352079,41.7891622265805],[-87.66995865414238,41.78916310110219],[-87.66995741492856,41.7891054638878],[-87.6700435959169,41.789104589366474]]]]},"properties":{"no_stories":"0","suf_dir1":"","x_coord":"1165146.61430699","shape_area":"493.75","year_built":"0","cdb_city_i":"","stories":"0","y_coord":"1866450.11846655","unit_name":"","qc_date":null,"edit_date":null,"non_standa":"","label_hous":"0","st_name1":"","t_add1":"0","z_coord":"0","qc_userid":"","qc_source":"","orig_bldg_":"500998","footprint_":"AERIALS98","st_type1":"","bldg_statu":"ACTIVE","condition_":null,"bldg_name2":"","bldg_activ":"1998-04-01T08:00:00.000Z","edit_useri":"","bldg_sq_fo":"0.0","edit_sourc":"","f_add1":"0","vacancy_st":"","bldg_creat":"1998-04-01T08:00:00.000Z","no_of_unit":"0","bldg_end_d":null,"bldg_id":"500998","create_use":"","demolished":null,"pre_dir1":"","bldg_condi":"","bldg_name1":"","comments":"","shape_len":"89.0225401694","harris_str":""}},{"type":"Feature","geometry":{"type":"MultiPolygon","coordinates":[[[[-87.6709024371782,41.78867183087792],[-87.67090362073355,41.78873495634421],[-87.67067257916261,41.78873774029203],[-87.67067139583395,41.78867461482503],[-87.6709024371782,41.78867183087792]]]]},"properties":{"no_stories":"0","suf_dir1":"","x_coord":"1164933.36302897","shape_area":"1449.75","year_built":"1914","cdb_city_i":"","stories":"2","y_coord":"1866292.30365173","unit_name":"","qc_date":"2003-06-16T07:00:00.000Z","edit_date":null,"non_standa":"","label_hous":"5754","st_name1":"HONORE","t_add1":"5754","z_coord":"0","qc_userid":"DS06284","qc_source":"PARCELS","orig_bldg_":"502615","footprint_":"AERIALS98","st_type1":"ST","bldg_statu":"ACTIVE","condition_":"2001-12-01T08:00:00.000Z","bldg_name2":"","bldg_activ":"1998-04-01T08:00:00.000Z","edit_useri":"","bldg_sq_fo":"1104.0","edit_sourc":"","f_add1":"5754","vacancy_st":"","bldg_creat":"1998-04-01T08:00:00.000Z","no_of_unit":"1","bldg_end_d":null,"bldg_id":"502615","create_use":"","demolished":null,"pre_dir1":"S","bldg_condi":"NEEDS MINOR REPAIR","bldg_name1":"","comments":"","shape_len":"172.046577507","harris_str":"02018218039000"}},{"type":"Feature","geometry":{"type":"MultiPolygon","coordinates":[[[[-87.67126455206473,41.78822522713392],[-87.67126844261385,41.78838167402727],[-87.67118409591563,41.78838256004171],[-87.6711817988565,41.788249448787],[-87.67120746524077,41.78824959672154],[-87.67120770525908,41.78822627164839],[-87.67126455206473,41.78822522713392]]]]},"properties":{"no_stories":"0","suf_dir1":"","x_coord":"1164815.23071436","shape_area":"1240.375","year_built":"1911","cdb_city_i":"","stories":"1","y_coord":"1866147.34068877","unit_name":"","qc_date":"2003-06-16T07:00:00.000Z","edit_date":null,"non_standa":"","label_hous":"1849","st_name1":"58TH","t_add1":"1849","z_coord":"0","qc_userid":"DS06284","qc_source":"PARCELS","orig_bldg_":"503723","footprint_":"AERIALS98","st_type1":"ST","bldg_statu":"ACTIVE","condition_":"2001-12-01T08:00:00.000Z","bldg_name2":"","bldg_activ":"1998-04-01T08:00:00.000Z","edit_useri":"","bldg_sq_fo":"1378.0","edit_sourc":"","f_add1":"1849","vacancy_st":"","bldg_creat":"1998-04-01T08:00:00.000Z","no_of_unit":"1","bldg_end_d":null,"bldg_id":"503723","create_use":"","demolished":null,"pre_dir1":"W","bldg_condi":"NEEDS MINOR REPAIR","bldg_name1":"","comments":"","shape_len":"159.543538169","harris_str":"02018226004000"}},{"type":"Feature","geometry":{"type":"MultiPolygon","coordinates":[[[[-87.67155485161301,41.78798677450824],[-87.671556064027,41.78804715585333],[-87.67135802447304,41.788050131290404],[-87.6713568122449,41.7879897499446],[-87.67155485161301,41.78798677450824]]]]},"properties":{"no_stories":"0","suf_dir1":"","x_coord":"1164752.86293748","shape_area":"1188.75","year_built":"1912","cdb_city_i":"","stories":"2","y_coord":"1866040.74192333","unit_name":"","qc_date":"2003-06-16T07:00:00.000Z","edit_date":null,"non_standa":"","label_hous":"5815","st_name1":"WOLCOTT","t_add1":"5815","z_coord":"0","qc_userid":"DS06284","qc_source":"PARCELS","orig_bldg_":"504705","footprint_":"AERIALS98","st_type1":"AVE","bldg_statu":"ACTIVE","condition_":"2001-12-01T08:00:00.000Z","bldg_name2":"","bldg_activ":"1998-04-01T08:00:00.000Z","edit_useri":"","bldg_sq_fo":"924.0","edit_sourc":"","f_add1":"5815","vacancy_st":"","bldg_creat":"1998-04-01T08:00:00.000Z","no_of_unit":"1","bldg_end_d":null,"bldg_id":"504705","create_use":"","demolished":null,"pre_dir1":"S","bldg_condi":"NEEDS MINOR REPAIR","bldg_name1":"","comments":"","shape_len":"152.053020802","harris_str":"02018226010000"}},{"type":"Feature","geometry":{"type":"MultiPolygon","coordinates":[[[[-87.67015329618896,41.7882448881831],[-87.6701531264944,41.78826135293706],[-87.67016414051407,41.78826004437396],[-87.67016643546776,41.78839315563351],[-87.67008758870041,41.78839407259205],[-87.67008344645407,41.788262322810475],[-87.67011277946405,41.78826249215854],[-87.67011294916894,41.78824602740472],[-87.67015329618896,41.7882448881831]]]]},"properties":{"no_stories":"0","suf_dir1":"","x_coord":"1165115.01021247","shape_area":"1110.375","year_built":"1914","cdb_city_i":"","stories":"1","y_coord":"1866155.15550358","unit_name":"","qc_date":"2003-06-16T07:00:00.000Z","edit_date":null,"non_standa":"","label_hous":"1819","st_name1":"58TH","t_add1":"1819","z_coord":"0","qc_userid":"DS06284","qc_source":"PARCELS","orig_bldg_":"503672","footprint_":"AERIALS98","st_type1":"ST","bldg_statu":"ACTIVE","condition_":"2001-12-01T08:00:00.000Z","bldg_name2":"","bldg_activ":"1998-04-01T08:00:00.000Z","edit_useri":"","bldg_sq_fo":"1355.0","edit_sourc":"","f_add1":"1819","vacancy_st":"","bldg_creat":"1998-04-01T08:00:00.000Z","no_of_unit":"1","bldg_end_d":null,"bldg_id":"503672","create_use":"","demolished":null,"pre_dir1":"W","bldg_condi":"NEEDS MAJOR REPAIR","bldg_name1":"","comments":"","shape_len":"152.092292169","harris_str":"02018227003000"}},{"type":"Feature","geometry":{"type":"MultiPolygon","coordinates":[[[[-87.67156993577422,41.78883759097372],[-87.67157114820807,41.78889797230996],[-87.67136027271275,41.788900873804664],[-87.67135906047679,41.78884049246766],[-87.67156993577422,41.78883759097372]]]]},"properties":{"no_stories":"0","suf_dir1":"","x_coord":"1164748.11293748","shape_area":"1265.75","year_built":"1909","cdb_city_i":"","stories":"2","y_coord":"1866350.74192334","unit_name":"","qc_date":"2003-06-16T07:00:00.000Z","edit_date":null,"non_standa":"","label_hous":"5749","st_name1":"WOLCOTT","t_add1":"5749","z_coord":"0","qc_userid":"DS06284","qc_source":"PARCELS","orig_bldg_":"501996","footprint_":"AERIALS98","st_type1":"AVE","bldg_statu":"ACTIVE","condition_":"2001-12-01T08:00:00.000Z","bldg_name2":"","bldg_activ":"1998-04-01T08:00:00.000Z","edit_useri":"","bldg_sq_fo":"900.0","edit_sourc":"","f_add1":"5749","vacancy_st":"","bldg_creat":"1998-04-01T08:00:00.000Z","no_of_unit":"1","bldg_end_d":null,"bldg_id":"501996","create_use":"","demolished":null,"pre_dir1":"S","bldg_condi":"NEEDS MAJOR REPAIR","bldg_name1":"","comments":"","shape_len":"159.050485949","harris_str":"02018218017000"}},{"type":"Feature","geometry":{"type":"MultiPolygon","coordinates":[[[[-87.67036738008869,41.78899805897238],[-87.670370226813,41.78907765976928],[-87.67015203149889,41.78907914465809],[-87.67014917090286,41.78900091592041],[-87.67036738008869,41.78899805897238]]]]},"properties":{"no_stories":"0","suf_dir1":"","x_coord":"1165076.33602615","shape_area":"1711.875","year_built":"1911","cdb_city_i":"","stories":"1","y_coord":"1866415.3931579","unit_name":"","qc_date":"2003-06-16T07:00:00.000Z","edit_date":null,"non_standa":"","label_hous":"5743","st_name1":"HONORE","t_add1":"5743","z_coord":"0","qc_userid":"DS06284","qc_source":"PARCELS","orig_bldg_":"501301","footprint_":"AERIALS98","st_type1":"ST","bldg_statu":"ACTIVE","condition_":"2001-12-01T08:00:00.000Z","bldg_name2":"","bldg_activ":"1998-04-01T08:00:00.000Z","edit_useri":"","bldg_sq_fo":"1174.0","edit_sourc":"","f_add1":"5743","vacancy_st":"","bldg_creat":"1998-04-01T08:00:00.000Z","no_of_unit":"1","bldg_end_d":null,"bldg_id":"501301","create_use":"","demolished":null,"pre_dir1":"S","bldg_condi":"NEEDS MINOR REPAIR","bldg_name1":"","comments":"","shape_len":"176.562082048","harris_str":"02018219015000"}},{"type":"Feature","geometry":{"type":"MultiPolygon","coordinates":[[[[-87.6710832959145,41.789091377646606],[-87.67108447964969,41.789154503107795],[-87.67100379861525,41.789155410119704],[-87.6710026149592,41.78909228465826],[-87.6710832959145,41.789091377646606]]]]},"properties":{"no_stories":"0","suf_dir1":"","x_coord":"1164862.36437089","shape_area":"506.25","year_built":"0","cdb_city_i":"","stories":"0","y_coord":"1866444.24192334","unit_name":"","qc_date":null,"edit_date":null,"non_standa":"","label_hous":"0","st_name1":"","t_add1":"0","z_coord":"0","qc_userid":"","qc_source":"","orig_bldg_":"501046","footprint_":"AERIALS98","st_type1":"","bldg_statu":"ACTIVE","condition_":null,"bldg_name2":"","bldg_activ":"1998-04-01T08:00:00.000Z","edit_useri":"","bldg_sq_fo":"0.0","edit_sourc":"","f_add1":"0","vacancy_st":"","bldg_creat":"1998-04-01T08:00:00.000Z","no_of_unit":"0","bldg_end_d":null,"bldg_id":"501046","create_use":"","demolished":null,"pre_dir1":"","bldg_condi":"","bldg_name1":"","comments":"","shape_len":"90.0222304506","harris_str":""}},{"type":"Feature","geometry":{"type":"MultiPolygon","coordinates":[[[[-87.67127307553018,41.78900053785003],[-87.67127428768651,41.789060919185694],[-87.6711679400622,41.78906167839183],[-87.67116672800569,41.78900129705578],[-87.67127307553018,41.78900053785003]]]]},"properties":{"no_stories":"0","suf_dir1":"","x_coord":"1164814.3643404","shape_area":"638.25","year_built":"0","cdb_city_i":"","stories":"0","y_coord":"1866410.18019494","unit_name":"","qc_date":null,"edit_date":null,"non_standa":"","label_hous":"0","st_name1":"","t_add1":"0","z_coord":"0","qc_userid":"","qc_source":"","orig_bldg_":"501386","footprint_":"AERIALS98","st_type1":"","bldg_statu":"ACTIVE","condition_":null,"bldg_name2":"","bldg_activ":"1998-04-01T08:00:00.000Z","edit_useri":"","bldg_sq_fo":"0.0","edit_sourc":"","f_add1":"0","vacancy_st":"","bldg_creat":"1998-04-01T08:00:00.000Z","no_of_unit":"0","bldg_end_d":null,"bldg_id":"501386","create_use":"","demolished":null,"pre_dir1":"","bldg_condi":"","bldg_name1":"","comments":"","shape_len":"102.019982218","harris_str":""}},{"type":"Feature","geometry":{"type":"MultiPolygon","coordinates":[[[[-87.66983446957964,41.78822658148099],[-87.66983820102305,41.788398121087326],[-87.66975568761407,41.78839901664107],[-87.66975195639064,41.78822747703368],[-87.66983446957964,41.78822658148099]]]]},"properties":{"no_stories":"0","suf_dir1":"","x_coord":"1165205.05257273","shape_area":"1407.0","year_built":"1914","cdb_city_i":"","stories":"1","y_coord":"1866153.93019494","unit_name":"","qc_date":"2003-06-16T07:00:00.000Z","edit_date":null,"non_standa":"","label_hous":"1811","st_name1":"58TH","t_add1":"1811","z_coord":"0","qc_userid":"DS06284","qc_source":"PARCELS","orig_bldg_":"503643","footprint_":"AERIALS98","st_type1":"ST","bldg_statu":"ACTIVE","condition_":"2001-12-01T08:00:00.000Z","bldg_name2":"","bldg_activ":"1998-04-01T08:00:00.000Z","edit_useri":"","bldg_sq_fo":"1134.0","edit_sourc":"","f_add1":"1811","vacancy_st":"","bldg_creat":"1998-04-01T08:00:00.000Z","no_of_unit":"1","bldg_end_d":null,"bldg_id":"503643","create_use":"","demolished":null,"pre_dir1":"W","bldg_condi":"NEEDS MINOR REPAIR","bldg_name1":"","comments":"","shape_len":"170.047104557","harris_str":"02018227006000"}},{"type":"Feature","geometry":{"type":"MultiPolygon","coordinates":[[[[-87.66988020838964,41.78894722143844],[-87.66988147582782,41.78900211452957],[-87.66980262831258,41.789003031286995],[-87.66980136094168,41.7889481381955],[-87.66988020838964,41.78894722143844]]]]},"properties":{"no_stories":"0","suf_dir1":"","x_coord":"1165190.61427025","shape_area":"430.25","year_built":"0","cdb_city_i":"","stories":"0","y_coord":"1866392.55673815","unit_name":"","qc_date":null,"edit_date":null,"non_standa":"","label_hous":"0","st_name1":"","t_add1":"0","z_coord":"0","qc_userid":"","qc_source":"","orig_bldg_":"501562","footprint_":"AERIALS98","st_type1":"","bldg_statu":"ACTIVE","condition_":null,"bldg_name2":"","bldg_activ":"1998-04-01T08:00:00.000Z","edit_useri":"","bldg_sq_fo":"0.0","edit_sourc":"","f_add1":"0","vacancy_st":"","bldg_creat":"1998-04-01T08:00:00.000Z","no_of_unit":"0","bldg_end_d":null,"bldg_id":"501562","create_use":"","demolished":null,"pre_dir1":"","bldg_condi":"","bldg_name1":"","comments":"","shape_len":"83.0241243827","harris_str":""}},{"type":"Feature","geometry":{"type":"MultiPolygon","coordinates":[[[[-87.67005449531392,41.78822510775919],[-87.67005825563061,41.788393903237136],[-87.66997574222805,41.788394798949],[-87.66997182653208,41.78824109616059],[-87.67000115953171,41.78824126553708],[-87.6700013151206,41.78822617284636],[-87.67005449531392,41.78822510775919]]]]},"properties":{"no_stories":"0","suf_dir1":"","x_coord":"1165145.08510655","shape_area":"1342.625","year_built":"1914","cdb_city_i":"","stories":"1","y_coord":"1866152.36846655","unit_name":"","qc_date":"2003-06-16T07:00:00.000Z","edit_date":null,"non_standa":"","label_hous":"1817","st_name1":"58TH","t_add1":"1817","z_coord":"0","qc_userid":"DS06284","qc_source":"PARCELS","orig_bldg_":"503667","footprint_":"AERIALS98","st_type1":"ST","bldg_statu":"ACTIVE","condition_":"2001-12-01T08:00:00.000Z","bldg_name2":"","bldg_activ":"1998-04-01T08:00:00.000Z","edit_useri":"","bldg_sq_fo":"1086.0","edit_sourc":"","f_add1":"1817","vacancy_st":"","bldg_creat":"1998-04-01T08:00:00.000Z","no_of_unit":"1","bldg_end_d":null,"bldg_id":"503667","create_use":"","demolished":null,"pre_dir1":"W","bldg_condi":"NEEDS MINOR REPAIR","bldg_name1":"","comments":"","shape_len":"168.052548645","harris_str":"02018227004000"}},{"type":"Feature","geometry":{"type":"MultiPolygon","coordinates":[[[[-87.66969516916863,41.78893380335137],[-87.66969635154086,41.78899692881869],[-87.66946714234221,41.78899972092557],[-87.66946596019487,41.788936595457564],[-87.66969516916863,41.78893380335137]]]]},"properties":{"no_stories":"0","suf_dir1":"","x_coord":"1165261.61302897","shape_area":"1438.25","year_built":"1914","cdb_city_i":"","stories":"2","y_coord":"1866390.30365172","unit_name":"","qc_date":"2003-06-16T07:00:00.000Z","edit_date":null,"non_standa":"","label_hous":"5746","st_name1":"WOOD","t_add1":"5746","z_coord":"0","qc_userid":"DS06284","qc_source":"PARCELS","orig_bldg_":"501568","footprint_":"AERIALS98","st_type1":"ST","bldg_statu":"ACTIVE","condition_":"2001-12-01T08:00:00.000Z","bldg_name2":"","bldg_activ":"1998-04-01T08:00:00.000Z","edit_useri":"","bldg_sq_fo":"1146.0","edit_sourc":"","f_add1":"5746","vacancy_st":"","bldg_creat":"1998-04-01T08:00:00.000Z","no_of_unit":"1","bldg_end_d":null,"bldg_id":"501568","create_use":"","demolished":null,"pre_dir1":"S","bldg_condi":"NEEDS MINOR REPAIR","bldg_name1":"","comments":"","shape_len":"171.046863099","harris_str":"02018219036000"}},{"type":"Feature","geometry":{"type":"MultiPolygon","coordinates":[[[[-87.67003546175312,41.78900437586944],[-87.67003849193975,41.78906613985768],[-87.66995597767489,41.789067035548996],[-87.66995478090169,41.789005282145865],[-87.67003546175312,41.78900437586944]]]]},"properties":{"no_stories":"0","suf_dir1":"","x_coord":"1165148.22080317","shape_area":"501.0","year_built":"0","cdb_city_i":"","stories":"0","y_coord":"1866414.46105914","unit_name":"","qc_date":null,"edit_date":null,"non_standa":"","label_hous":"0","st_name1":"","t_add1":"0","z_coord":"0","qc_userid":"","qc_source":"","orig_bldg_":"501347","footprint_":"AERIALS98","st_type1":"","bldg_statu":"ACTIVE","condition_":null,"bldg_name2":"","bldg_activ":"1998-04-01T08:00:00.000Z","edit_useri":"","bldg_sq_fo":"0.0","edit_sourc":"","f_add1":"0","vacancy_st":"","bldg_creat":"1998-04-01T08:00:00.000Z","no_of_unit":"0","bldg_end_d":null,"bldg_id":"501347","create_use":"","demolished":null,"pre_dir1":"","bldg_condi":"","bldg_name1":"","comments":"","shape_len":"89.5390020835","harris_str":""}},{"type":"Feature","geometry":{"type":"MultiPolygon","coordinates":[[[[-87.66948680562021,41.788160082201784],[-87.66949185985693,41.788381026662954],[-87.66940751315201,41.78838191137278],[-87.66940245920493,41.788160966910034],[-87.66948680562021,41.788160082201784]]]]},"properties":{"no_stories":"0","suf_dir1":"","x_coord":"1165300.02168245","shape_area":"1852.5","year_built":"1901","cdb_city_i":"","stories":"1","y_coord":"1866140.54130605","unit_name":"","qc_date":"2003-06-16T07:00:00.000Z","edit_date":null,"non_standa":"","label_hous":"1801","st_name1":"58TH","t_add1":"1801","z_coord":"0","qc_userid":"DS06284","qc_source":"PARCELS","orig_bldg_":"503696","footprint_":"AERIALS98","st_type1":"ST","bldg_statu":"ACTIVE","condition_":"2001-12-01T08:00:00.000Z","bldg_name2":"","bldg_activ":"1998-04-01T08:00:00.000Z","edit_useri":"","bldg_sq_fo":"1900.0","edit_sourc":"","f_add1":"1801","vacancy_st":"","bldg_creat":"1998-04-01T08:00:00.000Z","no_of_unit":"0","bldg_end_d":null,"bldg_id":"503696","create_use":"","demolished":null,"pre_dir1":"W","bldg_condi":"NEEDS MINOR REPAIR","bldg_name1":"","comments":"","shape_len":"207.060550057","harris_str":"02018227009000"}},{"type":"Feature","geometry":{"type":"MultiPolygon","coordinates":[[[[-87.67157650709153,41.78891172462315],[-87.67157769130968,41.7889748500847],[-87.67135031555675,41.78897765651098],[-87.67134914567775,41.78891315898572],[-87.67157650709153,41.78891172462315]]]]},"properties":{"no_stories":"0","suf_dir1":"","x_coord":"1164748.3605457","shape_area":"1442.125","year_built":"1914","cdb_city_i":"","stories":"1","y_coord":"1866378.30365173","unit_name":"","qc_date":"2003-06-16T07:00:00.000Z","edit_date":null,"non_standa":"","label_hous":"5747","st_name1":"WOLCOTT","t_add1":"5747","z_coord":"0","qc_userid":"DS06284","qc_source":"PARCELS","orig_bldg_":"501705","footprint_":"AERIALS98","st_type1":"AVE","bldg_statu":"ACTIVE","condition_":"2001-12-01T08:00:00.000Z","bldg_name2":"","bldg_activ":"1998-04-01T08:00:00.000Z","edit_useri":"","bldg_sq_fo":"1440.0","edit_sourc":"","f_add1":"5747","vacancy_st":"","bldg_creat":"1998-04-01T08:00:00.000Z","no_of_unit":"1","bldg_end_d":null,"bldg_id":"501705","create_use":"","demolished":null,"pre_dir1":"S","bldg_condi":"NEEDS MINOR REPAIR","bldg_name1":"","comments":"","shape_len":"170.536959186","harris_str":"02018218016000"}},{"type":"Feature","geometry":{"type":"MultiPolygon","coordinates":[[[[-87.66972245359412,41.78824377234619],[-87.66972635454398,41.78839884720139],[-87.66964567445042,41.78839975326629],[-87.66964177369502,41.78824467840979],[-87.66972245359412,41.78824377234619]]]]},"properties":{"no_stories":"0","suf_dir1":"","x_coord":"1165235.30249405","shape_area":"1243.75","year_built":"1914","cdb_city_i":"","stories":"1","y_coord":"1866157.05982457","unit_name":"","qc_date":"2003-06-16T07:00:00.000Z","edit_date":null,"non_standa":"","label_hous":"1807","st_name1":"58TH","t_add1":"1807","z_coord":"0","qc_userid":"DS06284","qc_source":"PARCELS","orig_bldg_":"503638","footprint_":"AERIALS98","st_type1":"ST","bldg_statu":"ACTIVE","condition_":"2001-12-01T08:00:00.000Z","bldg_name2":"","bldg_activ":"1998-04-01T08:00:00.000Z","edit_useri":"","bldg_sq_fo":"950.0","edit_sourc":"","f_add1":"1807","vacancy_st":"","bldg_creat":"1998-04-01T08:00:00.000Z","no_of_unit":"1","bldg_end_d":null,"bldg_id":"503638","create_use":"","demolished":null,"pre_dir1":"W","bldg_condi":"NEEDS MINOR REPAIR","bldg_name1":"","comments":"","shape_len":"157.051178164","harris_str":"02018227007000"}},{"type":"Feature","geometry":{"type":"MultiPolygon","coordinates":[[[[-87.67108662615243,41.7889459495473],[-87.6710880358365,41.788987122003476],[-87.67101285501441,41.78898806072897],[-87.67101144537844,41.78894688827223],[-87.67108662615243,41.7889459495473]]]]},"properties":{"no_stories":"0","suf_dir1":"","x_coord":"1164861.11401305","shape_area":"307.75","year_built":"0","cdb_city_i":"","stories":"0","y_coord":"1866386.74809618","unit_name":"","qc_date":null,"edit_date":null,"non_standa":"","label_hous":"0","st_name1":"","t_add1":"0","z_coord":"0","qc_userid":"","qc_source":"","orig_bldg_":"501655","footprint_":"AERIALS98","st_type1":"","bldg_statu":"ACTIVE","condition_":null,"bldg_name2":"","bldg_activ":"1998-04-01T08:00:00.000Z","edit_useri":"","bldg_sq_fo":"0.0","edit_sourc":"","f_add1":"0","vacancy_st":"","bldg_creat":"1998-04-01T08:00:00.000Z","no_of_unit":"0","bldg_end_d":null,"bldg_id":"501655","create_use":"","demolished":null,"pre_dir1":"","bldg_condi":"","bldg_name1":"","comments":"","shape_len":"71.0288553484","harris_str":""}},{"type":"Feature","geometry":{"type":"MultiPolygon","coordinates":[[[[-87.67158303608964,41.78898997446051],[-87.67158416387024,41.78905858817333],[-87.6713512878124,41.78906136291711],[-87.67135016028017,41.788992749203835],[-87.67158303608964,41.78898997446051]]]]},"properties":{"no_stories":"0","suf_dir1":"","x_coord":"1164747.11319","shape_area":"1588.25","year_built":"1919","cdb_city_i":"","stories":"2","y_coord":"1866407.92710851","unit_name":"","qc_date":"2003-06-16T07:00:00.000Z","edit_date":null,"non_standa":"","label_hous":"5743","st_name1":"WOLCOTT","t_add1":"5743","z_coord":"0","qc_userid":"DS06284","qc_source":"PARCELS","orig_bldg_":"501393","footprint_":"AERIALS98","st_type1":"AVE","bldg_statu":"ACTIVE","condition_":"2001-12-01T08:00:00.000Z","bldg_name2":"","bldg_activ":"1998-04-01T08:00:00.000Z","edit_useri":"","bldg_sq_fo":"1303.0","edit_sourc":"","f_add1":"5743","vacancy_st":"","bldg_creat":"1998-04-01T08:00:00.000Z","no_of_unit":"1","bldg_end_d":null,"bldg_id":"501393","create_use":"","demolished":null,"pre_dir1":"S","bldg_condi":"NEEDS MINOR REPAIR","bldg_name1":"","comments":"","shape_len":"177.04542713","harris_str":"02018218015000"}},{"type":"Feature","geometry":{"type":"MultiPolygon","coordinates":[[[[-87.67153537671761,41.78791942723502],[-87.67153660322444,41.787978436517584],[-87.67134774452508,41.787980092681096],[-87.67134651819146,41.78792108339776],[-87.67153537671761,41.78791942723502]]]]},"properties":{"no_stories":"0","suf_dir1":"","x_coord":"1164757.11360631","shape_area":"1107.75","year_built":"1911","cdb_city_i":"","stories":"1","y_coord":"1866015.68019494","unit_name":"","qc_date":"2003-06-16T07:00:00.000Z","edit_date":null,"non_standa":"","label_hous":"5817","st_name1":"WOLCOTT","t_add1":"5817","z_coord":"0","qc_userid":"DS06284","qc_source":"PARCELS","orig_bldg_":"504910","footprint_":"AERIALS98","st_type1":"AVE","bldg_statu":"ACTIVE","condition_":"2001-12-01T08:00:00.000Z","bldg_name2":"","bldg_activ":"1998-04-01T08:00:00.000Z","edit_useri":"","bldg_sq_fo":"924.0","edit_sourc":"","f_add1":"5817","vacancy_st":"","bldg_creat":"1998-04-01T08:00:00.000Z","no_of_unit":"1","bldg_end_d":null,"bldg_id":"504910","create_use":"","demolished":null,"pre_dir1":"S","bldg_condi":"NEEDS MINOR REPAIR","bldg_name1":"","comments":"","shape_len":"146.031041981","harris_str":"02018226011000"}},{"type":"Feature","geometry":{"type":"MultiPolygon","coordinates":[[[[-87.671158191702,41.78822735840427],[-87.67116046047255,41.788363213785765],[-87.67107794711445,41.78836411028973],[-87.67107545257352,41.788250207917315],[-87.67110478558386,41.788250377012055],[-87.67110501151849,41.7882284240025],[-87.671158191702,41.78822735840427]]]]},"properties":{"no_stories":"0","suf_dir1":"","x_coord":"1164844.37622388","shape_area":"1052.25","year_built":"1911","cdb_city_i":"","stories":"1","y_coord":"1866144.12772581","unit_name":"","qc_date":"2003-06-16T07:00:00.000Z","edit_date":null,"non_standa":"","label_hous":"1847","st_name1":"58TH","t_add1":"1847","z_coord":"0","qc_userid":"DS06284","qc_source":"PARCELS","orig_bldg_":"503780","footprint_":"AERIALS98","st_type1":"ST","bldg_statu":"ACTIVE","condition_":"2001-12-01T08:00:00.000Z","bldg_name2":"","bldg_activ":"1998-04-01T08:00:00.000Z","edit_useri":"","bldg_sq_fo":"902.0","edit_sourc":"","f_add1":"1847","vacancy_st":"","bldg_creat":"1998-04-01T08:00:00.000Z","no_of_unit":"1","bldg_end_d":null,"bldg_id":"503780","create_use":"","demolished":null,"pre_dir1":"W","bldg_condi":"NEEDS MINOR REPAIR","bldg_name1":"","comments":"","shape_len":"144.036319422","harris_str":"02018226005000"}},{"type":"Feature","geometry":{"type":"MultiPolygon","coordinates":[[[[-87.67137099711306,41.78821486338598],[-87.6713747608837,41.78838365884614],[-87.67128124759812,41.788384492111994],[-87.67127748407282,41.78821569665058],[-87.67137099711306,41.78821486338598]]]]},"properties":{"no_stories":"0","suf_dir1":"","x_coord":"1164787.55256067","shape_area":"1569.0","year_built":"1914","cdb_city_i":"","stories":"1","y_coord":"1866145.86846655","unit_name":"","qc_date":"2003-06-16T07:00:00.000Z","edit_date":null,"non_standa":"","label_hous":"1853","st_name1":"58TH","t_add1":"1853","z_coord":"0","qc_userid":"DS06284","qc_source":"PARCELS","orig_bldg_":"503721","footprint_":"AERIALS98","st_type1":"ST","bldg_statu":"ACTIVE","condition_":"2001-12-01T08:00:00.000Z","bldg_name2":"","bldg_activ":"1998-04-01T08:00:00.000Z","edit_useri":"","bldg_sq_fo":"968.0","edit_sourc":"","f_add1":"1853","vacancy_st":"","bldg_creat":"1998-04-01T08:00:00.000Z","no_of_unit":"1","bldg_end_d":null,"bldg_id":"503721","create_use":"","demolished":null,"pre_dir1":"W","bldg_condi":"NEEDS MINOR REPAIR","bldg_name1":"","comments":"","shape_len":"174.046382906","harris_str":"02018226003000"}},{"type":"Feature","geometry":{"type":"MultiPolygon","coordinates":[[[[-87.67153965943078,41.788572592693555],[-87.67155419900726,41.78858502575139],[-87.67155405789215,41.788598746382775],[-87.6715632245084,41.78859879918785],[-87.67156459215886,41.788644087832196],[-87.67121806560058,41.788644835419994],[-87.67121496370216,41.78858993176551],[-87.67124063022241,41.78859007969362],[-87.67124078552249,41.78857498700003],[-87.67153965943078,41.788572592693555]]]]},"properties":{"no_stories":"0","suf_dir1":"","x_coord":"1164769.35588079","shape_area":"2369.5","year_built":"0","cdb_city_i":"","stories":"0","y_coord":"1866256.20797272","unit_name":"","qc_date":"2003-06-16T07:00:00.000Z","edit_date":null,"non_standa":"","label_hous":"5759","st_name1":"WOLCOTT","t_add1":"5759","z_coord":"0","qc_userid":"DS06284","qc_source":"PARCELS","orig_bldg_":"502934","footprint_":"AERIALS98","st_type1":"AVE","bldg_statu":"ACTIVE","condition_":null,"bldg_name2":"","bldg_activ":"1998-04-01T08:00:00.000Z","edit_useri":"","bldg_sq_fo":"0.0","edit_sourc":"","f_add1":"5759","vacancy_st":"","bldg_creat":"1998-04-01T08:00:00.000Z","no_of_unit":"0","bldg_end_d":null,"bldg_id":"502934","create_use":"","demolished":null,"pre_dir1":"S","bldg_condi":"","bldg_name1":"","comments":"","shape_len":"238.572449073","harris_str":""}},{"type":"Feature","geometry":{"type":"MultiPolygon","coordinates":[[[[-87.66994429855382,41.78824368148887],[-87.66994822832974,41.788396012214946],[-87.66986754824084,41.78839691843573],[-87.66986361865594,41.78824458770831],[-87.66994429855382,41.78824368148887]]]]},"properties":{"no_stories":"0","suf_dir1":"","x_coord":"1165174.80247929","shape_area":"1221.75","year_built":"1914","cdb_city_i":"","stories":"1","y_coord":"1866155.99809618","unit_name":"","qc_date":"2003-06-16T07:00:00.000Z","edit_date":null,"non_standa":"","label_hous":"1813","st_name1":"58TH","t_add1":"1813","z_coord":"0","qc_userid":"DS06284","qc_source":"PARCELS","orig_bldg_":"503659","footprint_":"AERIALS98","st_type1":"ST","bldg_statu":"ACTIVE","condition_":"2001-12-01T08:00:00.000Z","bldg_name2":"","bldg_activ":"1998-04-01T08:00:00.000Z","edit_useri":"","bldg_sq_fo":"910.0","edit_sourc":"","f_add1":"1813","vacancy_st":"","bldg_creat":"1998-04-01T08:00:00.000Z","no_of_unit":"1","bldg_end_d":null,"bldg_id":"503659","create_use":"","demolished":null,"pre_dir1":"W","bldg_condi":"NEEDS MINOR REPAIR","bldg_name1":"","comments":"","shape_len":"155.051895309","harris_str":"02018227005000"}},{"type":"Feature","geometry":{"type":"MultiPolygon","coordinates":[[[[-87.66977567820729,41.78859397661467],[-87.66980845163177,41.788616120222756],[-87.66980797057388,41.788662770352566],[-87.6694852488681,41.78866639449168],[-87.66948371281319,41.788637570584015],[-87.66947278365126,41.78863064670593],[-87.66947299598979,41.788610065767635],[-87.66948412332748,41.78859778076988],[-87.66977567820729,41.78859397661467]]]]},"properties":{"no_stories":"0","suf_dir1":"","x_coord":"1165245.69590607","shape_area":"2216.375","year_built":"0","cdb_city_i":"","stories":"0","y_coord":"1866267.70797271","unit_name":"","qc_date":null,"edit_date":"2009-05-13T07:00:00.000Z","non_standa":"","label_hous":"5758","st_name1":"WOOD","t_add1":"5758","z_coord":"0","qc_userid":"","qc_source":"","orig_bldg_":"502845","footprint_":"AERIALS98","st_type1":"ST","bldg_statu":"ACTIVE","condition_":null,"bldg_name2":"","bldg_activ":"1998-04-01T08:00:00.000Z","edit_useri":"DS01228","bldg_sq_fo":"0.0","edit_sourc":"","f_add1":"5758","vacancy_st":"","bldg_creat":"1998-04-01T08:00:00.000Z","no_of_unit":"0","bldg_end_d":null,"bldg_id":"502845","create_use":"","demolished":null,"pre_dir1":"S","bldg_condi":"","bldg_name1":"","comments":"","shape_len":"223.914821943","harris_str":""}},{"type":"Feature","geometry":{"type":"MultiPolygon","coordinates":[[[[-87.67158918949784,41.78821337616024],[-87.67159145917837,41.788349231540145],[-87.67150161257564,41.7883500861066],[-87.67150117639709,41.78821424128819],[-87.67158918949784,41.78821337616024]]]]},"properties":{"no_stories":"0","suf_dir1":"","x_coord":"1164727.72287949","shape_area":"1200.75","year_built":"1909","cdb_city_i":"","stories":"2","y_coord":"1866138.12772581","unit_name":"","qc_date":"2003-06-16T07:00:00.000Z","edit_date":null,"non_standa":"","label_hous":"1859","st_name1":"58TH","t_add1":"1859","z_coord":"0","qc_userid":"DS06284","qc_source":"PARCELS","orig_bldg_":"503820","footprint_":"AERIALS98","st_type1":"ST","bldg_statu":"ACTIVE","condition_":"2001-12-01T08:00:00.000Z","bldg_name2":"","bldg_activ":"1998-04-01T08:00:00.000Z","edit_useri":"","bldg_sq_fo":"2024.0","edit_sourc":"","f_add1":"1859","vacancy_st":"","bldg_creat":"1998-04-01T08:00:00.000Z","no_of_unit":"2","bldg_end_d":null,"bldg_id":"503820","create_use":"","demolished":null,"pre_dir1":"W","bldg_condi":"NEEDS MINOR REPAIR","bldg_name1":"","comments":"","shape_len":"147.522934446","harris_str":"02018226001000"}},{"type":"Feature","geometry":{"type":"MultiPolygon","coordinates":[[[[-87.67092649055974,41.78900677279595],[-87.67092770239081,41.78906715413285],[-87.67068932628183,41.78906989582061],[-87.67068811467448,41.789009514482835],[-87.67092649055974,41.78900677279595]]]]},"properties":{"no_stories":"0","suf_dir1":"","x_coord":"1164926.86293748","shape_area":"1430.75","year_built":"1914","cdb_city_i":"","stories":"2","y_coord":"1866413.74192335","unit_name":"","qc_date":"2003-06-16T07:00:00.000Z","edit_date":null,"non_standa":"","label_hous":"5742","st_name1":"HONORE","t_add1":"5742","z_coord":"0","qc_userid":"DS06284","qc_source":"PARCELS","orig_bldg_":"501353","footprint_":"AERIALS98","st_type1":"ST","bldg_statu":"ACTIVE","condition_":"2001-12-01T08:00:00.000Z","bldg_name2":"","bldg_activ":"1998-04-01T08:00:00.000Z","edit_useri":"","bldg_sq_fo":"2300.0","edit_sourc":"","f_add1":"5742","vacancy_st":"","bldg_creat":"1998-04-01T08:00:00.000Z","no_of_unit":"2","bldg_end_d":null,"bldg_id":"501353","create_use":"","demolished":null,"pre_dir1":"S","bldg_condi":"NEEDS MINOR REPAIR","bldg_name1":"","comments":"","shape_len":"174.045972947","harris_str":"02018218035000"}},{"type":"Feature","geometry":{"type":"MultiPolygon","coordinates":[[[[-87.67082505471036,41.78799628956359],[-87.67082626643948,41.78805667091132],[-87.67066305968225,41.78805984602383],[-87.67066186223654,41.78799809261248],[-87.67082505471036,41.78799628956359]]]]},"properties":{"no_stories":"0","suf_dir1":"","x_coord":"1164947.11033662","shape_area":"990.75","year_built":"1909","cdb_city_i":"","stories":"1","y_coord":"1866045.74192333","unit_name":"","qc_date":"2003-06-16T07:00:00.000Z","edit_date":null,"non_standa":"","label_hous":"5816","st_name1":"HONORE","t_add1":"5816","z_coord":"0","qc_userid":"DS06284","qc_source":"PARCELS","orig_bldg_":"504666","footprint_":"AERIALS98","st_type1":"ST","bldg_statu":"ACTIVE","condition_":"2001-12-01T08:00:00.000Z","bldg_name2":"","bldg_activ":"1998-04-01T08:00:00.000Z","edit_useri":"","bldg_sq_fo":"924.0","edit_sourc":"","f_add1":"5816","vacancy_st":"","bldg_creat":"1998-04-01T08:00:00.000Z","no_of_unit":"1","bldg_end_d":null,"bldg_id":"504666","create_use":"","demolished":null,"pre_dir1":"S","bldg_condi":"NEEDS MAJOR REPAIR","bldg_name1":"","comments":"","shape_len":"133.547744213","harris_str":"02018226015000"}},{"type":"Feature","geometry":{"type":"MultiPolygon","coordinates":[[[[-87.67109140595169,41.78901595646175],[-87.67109270266712,41.789068105420576],[-87.67101385507752,41.78906902300887],[-87.67101255842597,41.789016874049636],[-87.67109140595169,41.78901595646175]]]]},"properties":{"no_stories":"0","suf_dir1":"","x_coord":"1164860.11422964","shape_area":"408.75","year_built":"0","cdb_city_i":"","stories":"0","y_coord":"1866414.49500976","unit_name":"","qc_date":null,"edit_date":null,"non_standa":"","label_hous":"0","st_name1":"","t_add1":"0","z_coord":"0","qc_userid":"","qc_source":"","orig_bldg_":"501363","footprint_":"AERIALS98","st_type1":"","bldg_statu":"ACTIVE","condition_":null,"bldg_name2":"","bldg_activ":"1998-04-01T08:00:00.000Z","edit_useri":"","bldg_sq_fo":"0.0","edit_sourc":"","f_add1":"0","vacancy_st":"","bldg_creat":"1998-04-01T08:00:00.000Z","no_of_unit":"0","bldg_end_d":null,"bldg_id":"501363","create_use":"","demolished":null,"pre_dir1":"","bldg_condi":"","bldg_name1":"","comments":"","shape_len":"81.0247819527","harris_str":""}},{"type":"Feature","geometry":{"type":"MultiPolygon","coordinates":[[[[-87.67153240157978,41.78785217501071],[-87.67153364219502,41.7879098122307],[-87.6713649500366,41.7879115845962],[-87.67136354018994,41.78787041213463],[-87.67138737312156,41.787870549463904],[-87.67138755661269,41.78785271264143],[-87.67153240157978,41.78785217501071]]]]},"properties":{"no_stories":"0","suf_dir1":"","x_coord":"1164755.4094863","shape_area":"935.625","year_built":"1899","cdb_city_i":"","stories":"1","y_coord":"1865990.89933075","unit_name":"","qc_date":"2003-06-16T07:00:00.000Z","edit_date":null,"non_standa":"","label_hous":"5819","st_name1":"WOLCOTT","t_add1":"5819","z_coord":"0","qc_userid":"DS06284","qc_source":"PARCELS","orig_bldg_":"505116","footprint_":"AERIALS98","st_type1":"AVE","bldg_statu":"ACTIVE","condition_":"2001-12-01T08:00:00.000Z","bldg_name2":"","bldg_activ":"1998-04-01T08:00:00.000Z","edit_useri":"","bldg_sq_fo":"798.0","edit_sourc":"","f_add1":"5819","vacancy_st":"","bldg_creat":"1998-04-01T08:00:00.000Z","no_of_unit":"1","bldg_end_d":null,"bldg_id":"505116","create_use":"","demolished":null,"pre_dir1":"S","bldg_condi":"NEEDS MINOR REPAIR","bldg_name1":"","comments":"","shape_len":"134.528315269","harris_str":"02018226012000"}},{"type":"Feature","geometry":{"type":"MultiPolygon","coordinates":[[[[-87.67098588309291,41.78858037834678],[-87.67102051850041,41.78859978805625],[-87.6710200241986,41.788647810260635],[-87.67069915004627,41.788650076317666],[-87.6706957942539,41.788619869784554],[-87.67068486496304,41.78861294602084],[-87.67068504865368,41.78859510920322],[-87.67069982827408,41.78858421729872],[-87.67098588309291,41.78858037834678]]]]},"properties":{"no_stories":"0","suf_dir1":"","x_coord":"1164914.6329431","shape_area":"2143.875","year_built":"0","cdb_city_i":"","stories":"0","y_coord":"1866259.64624433","unit_name":"","qc_date":null,"edit_date":null,"non_standa":"","label_hous":"1840","st_name1":"58TH","t_add1":"1840","z_coord":"0","qc_userid":"","qc_source":"","orig_bldg_":"502918","footprint_":"AERIALS98","st_type1":"ST","bldg_statu":"ACTIVE","condition_":null,"bldg_name2":"","bldg_activ":"1998-04-01T08:00:00.000Z","edit_useri":"","bldg_sq_fo":"0.0","edit_sourc":"","f_add1":"1840","vacancy_st":"","bldg_creat":"1998-04-01T08:00:00.000Z","no_of_unit":"0","bldg_end_d":null,"bldg_id":"502918","create_use":"","demolished":null,"pre_dir1":"W","bldg_condi":"","bldg_name1":"","comments":"","shape_len":"221.946256837","harris_str":""}},{"type":"Feature","geometry":{"type":"MultiPolygon","coordinates":[[[[-87.6703499187378,41.78909126401351],[-87.67034967840125,41.789114589079084],[-87.67036251176376,41.78911466314127],[-87.67036394926099,41.78915309147644],[-87.67013290617906,41.7891558743276],[-87.67013170923548,41.78909412092602],[-87.6703499187378,41.78909126401351]]]]},"properties":{"no_stories":"0","suf_dir1":"","x_coord":"1165079.42382345","shape_area":"1389.0","year_built":"1914","cdb_city_i":"","stories":"2","y_coord":"1866446.02278754","unit_name":"","qc_date":"2003-06-16T07:00:00.000Z","edit_date":null,"non_standa":"","label_hous":"5741","st_name1":"HONORE","t_add1":"5741","z_coord":"0","qc_userid":"DS06284","qc_source":"PARCELS","orig_bldg_":"501021","footprint_":"AERIALS98","st_type1":"ST","bldg_statu":"ACTIVE","condition_":"2001-12-01T08:00:00.000Z","bldg_name2":"","bldg_activ":"1998-04-01T08:00:00.000Z","edit_useri":"","bldg_sq_fo":"1140.0","edit_sourc":"","f_add1":"5741","vacancy_st":"","bldg_creat":"1998-04-01T08:00:00.000Z","no_of_unit":"1","bldg_end_d":null,"bldg_id":"501021","create_use":"","demolished":null,"pre_dir1":"S","bldg_condi":"NEEDS MINOR REPAIR","bldg_name1":"","comments":"","shape_len":"171.051239769","harris_str":"02018219014000"}},{"type":"Feature","geometry":{"type":"MultiPolygon","coordinates":[[[[-87.67091804722116,41.78875836598497],[-87.67091921666716,41.78882286351318],[-87.67067717480447,41.788825584039806],[-87.67067600560111,41.788761086510895],[-87.67091804722116,41.78875836598497]]]]},"properties":{"no_stories":"0","suf_dir1":"","x_coord":"1164930.3630718","shape_area":"1551.75","year_built":"1909","cdb_city_i":"","stories":"1","y_coord":"1866324.08451592","unit_name":"","qc_date":"2003-06-16T07:00:00.000Z","edit_date":null,"non_standa":"","label_hous":"5748","st_name1":"HONORE","t_add1":"5748","z_coord":"0","qc_userid":"DS06284","qc_source":"PARCELS","orig_bldg_":"502279","footprint_":"AERIALS98","st_type1":"ST","bldg_statu":"ACTIVE","condition_":"2001-12-01T08:00:00.000Z","bldg_name2":"","bldg_activ":"1998-04-01T08:00:00.000Z","edit_useri":"","bldg_sq_fo":"1124.0","edit_sourc":"","f_add1":"5748","vacancy_st":"","bldg_creat":"1998-04-01T08:00:00.000Z","no_of_unit":"1","bldg_end_d":null,"bldg_id":"502279","create_use":"","demolished":null,"pre_dir1":"S","bldg_condi":"NEEDS MINOR REPAIR","bldg_name1":"","comments":"","shape_len":"179.044723602","harris_str":"02018218038000"}},{"type":"Feature","geometry":{"type":"MultiPolygon","coordinates":[[[[-87.67091451886319,41.7889230029618],[-87.67091752164058,41.78898751105955],[-87.67070847917189,41.7889904219267],[-87.67070730993629,41.78892592439971],[-87.67091451886319,41.7889230029618]]]]},"properties":{"no_stories":"0","suf_dir1":"","x_coord":"1164925.96367596","shape_area":"1334.75","year_built":"1914","cdb_city_i":"","stories":"1","y_coord":"1866384.08451592","unit_name":"","qc_date":"2003-06-16T07:00:00.000Z","edit_date":null,"non_standa":"","label_hous":"5744","st_name1":"HONORE","t_add1":"5744","z_coord":"0","qc_userid":"DS06284","qc_source":"PARCELS","orig_bldg_":"501637","footprint_":"AERIALS98","st_type1":"ST","bldg_statu":"ACTIVE","condition_":"2001-12-01T08:00:00.000Z","bldg_name2":"","bldg_activ":"1998-04-01T08:00:00.000Z","edit_useri":"","bldg_sq_fo":"1104.0","edit_sourc":"","f_add1":"5744","vacancy_st":"","bldg_creat":"1998-04-01T08:00:00.000Z","no_of_unit":"1","bldg_end_d":null,"bldg_id":"501637","create_use":"","demolished":null,"pre_dir1":"S","bldg_condi":"NEEDS MINOR REPAIR","bldg_name1":"","comments":"","shape_len":"160.566226943","harris_str":"02018218036000"}},{"type":"Feature","geometry":{"type":"MultiPolygon","coordinates":[[[[-87.67035972609382,41.78885119535975],[-87.670360951529,41.788910204637645],[-87.6701702567575,41.78891184826482],[-87.67016883352069,41.7888720478638],[-87.67018533349541,41.78887214311187],[-87.67018553146701,41.788852934234164],[-87.67035972609382,41.78885119535975]]]]},"properties":{"no_stories":"0","suf_dir1":"","x_coord":"1165075.41896139","shape_area":"1086.5","year_built":"1911","cdb_city_i":"","stories":"2","y_coord":"1866357.68019495","unit_name":"","qc_date":"2003-06-16T07:00:00.000Z","edit_date":null,"non_standa":"","label_hous":"5751","st_name1":"HONORE","t_add1":"5751","z_coord":"0","qc_userid":"DS06284","qc_source":"PARCELS","orig_bldg_":"501915","footprint_":"AERIALS98","st_type1":"ST","bldg_statu":"ACTIVE","condition_":"2001-12-01T08:00:00.000Z","bldg_name2":"","bldg_activ":"1998-04-01T08:00:00.000Z","edit_useri":"","bldg_sq_fo":"828.0","edit_sourc":"","f_add1":"5751","vacancy_st":"","bldg_creat":"1998-04-01T08:00:00.000Z","no_of_unit":"1","bldg_end_d":null,"bldg_id":"501915","create_use":"","demolished":null,"pre_dir1":"S","bldg_condi":"NEEDS MAJOR REPAIR","bldg_name1":"","comments":"","shape_len":"147.034570942","harris_str":"02018219017000"}},{"type":"Feature","geometry":{"type":"MultiPolygon","coordinates":[[[[-87.6707072109816,41.78822338589293],[-87.67070937989392,41.788368845717216],[-87.67062319989377,41.788369720745344],[-87.67061919786406,41.78822425034494],[-87.6707072109816,41.78822338589293]]]]},"properties":{"no_stories":"0","suf_dir1":"","x_coord":"1164967.94419687","shape_area":"1259.375","year_built":"1912","cdb_city_i":"","stories":"2","y_coord":"1866145.59377519","unit_name":"","qc_date":"2003-06-16T07:00:00.000Z","edit_date":null,"non_standa":"","label_hous":"1835","st_name1":"58TH","t_add1":"1835","z_coord":"0","qc_userid":"DS06284","qc_source":"PARCELS","orig_bldg_":"503756","footprint_":"AERIALS98","st_type1":"ST","bldg_statu":"ACTIVE","condition_":"2001-12-01T08:00:00.000Z","bldg_name2":"","bldg_activ":"1998-04-01T08:00:00.000Z","edit_useri":"","bldg_sq_fo":"1589.0","edit_sourc":"","f_add1":"1835","vacancy_st":"","bldg_creat":"1998-04-01T08:00:00.000Z","no_of_unit":"1","bldg_end_d":null,"bldg_id":"503756","create_use":"","demolished":null,"pre_dir1":"W","bldg_condi":"NEEDS MINOR REPAIR","bldg_name1":"","comments":"","shape_len":"153.541181604","harris_str":"02018226009000"}},{"type":"Feature","geometry":{"type":"MultiPolygon","coordinates":[[[[-87.66972372712557,41.788120286700696],[-87.66972498027278,41.78817655186307],[-87.66965530032121,41.788177521477415],[-87.66965404723494,41.788121256314724],[-87.66972372712557,41.788120286700696]]]]},"properties":{"no_stories":"0","suf_dir1":"","x_coord":"1165234.36428907","shape_area":"389.75","year_built":"0","cdb_city_i":"","stories":"0","y_coord":"1866091.83760235","unit_name":"","qc_date":null,"edit_date":null,"non_standa":"","label_hous":"0","st_name1":"","t_add1":"0","z_coord":"0","qc_userid":"","qc_source":"","orig_bldg_":"504302","footprint_":"AERIALS98","st_type1":"","bldg_statu":"ACTIVE","condition_":null,"bldg_name2":"","bldg_activ":"1998-04-01T08:00:00.000Z","edit_useri":"","bldg_sq_fo":"0.0","edit_sourc":"","f_add1":"0","vacancy_st":"","bldg_creat":"1998-04-01T08:00:00.000Z","no_of_unit":"0","bldg_end_d":null,"bldg_id":"504302","create_use":"","demolished":null,"pre_dir1":"","bldg_condi":"","bldg_name1":"","comments":"","shape_len":"79.0253489263","harris_str":""}},{"type":"Feature","geometry":{"type":"MultiPolygon","coordinates":[[[[-87.67004827939608,41.788116672456354],[-87.6700494055366,41.78818528618266],[-87.66996872571248,41.78818619247646],[-87.66996759965801,41.788117578750004],[-87.67004827939608,41.788116672456354]]]]},"properties":{"no_stories":"0","suf_dir1":"","x_coord":"1165147.36442457","shape_area":"550.25","year_built":"0","cdb_city_i":"","stories":"0","y_coord":"1866092.36538013","unit_name":"","qc_date":null,"edit_date":null,"non_standa":"","label_hous":"0","st_name1":"","t_add1":"0","z_coord":"0","qc_userid":"","qc_source":"","orig_bldg_":"504279","footprint_":"AERIALS98","st_type1":"","bldg_statu":"ACTIVE","condition_":null,"bldg_name2":"","bldg_activ":"1998-04-01T08:00:00.000Z","edit_useri":"","bldg_sq_fo":"0.0","edit_sourc":"","f_add1":"0","vacancy_st":"","bldg_creat":"1998-04-01T08:00:00.000Z","no_of_unit":"0","bldg_end_d":null,"bldg_id":"504279","create_use":"","demolished":null,"pre_dir1":"","bldg_condi":"","bldg_name1":"","comments":"","shape_len":"94.0213611695","harris_str":""}},{"type":"Feature","geometry":{"type":"MultiPolygon","coordinates":[[[[-87.66986355864181,41.78878384010853],[-87.66986488265495,41.78883324495084],[-87.66979520199311,41.788834214644794],[-87.66979387803346,41.788784809802074],[-87.66986355864181,41.78878384010853]]]]},"properties":{"no_stories":"0","suf_dir1":"","x_coord":"1165194.36418452","shape_area":"342.25","year_built":"0","cdb_city_i":"","stories":"0","y_coord":"1866331.93328136","unit_name":"","qc_date":null,"edit_date":null,"non_standa":"","label_hous":"0","st_name1":"","t_add1":"0","z_coord":"0","qc_userid":"","qc_source":"","orig_bldg_":"502222","footprint_":"AERIALS98","st_type1":"","bldg_statu":"ACTIVE","condition_":null,"bldg_name2":"","bldg_activ":"1998-04-01T08:00:00.000Z","edit_useri":"","bldg_sq_fo":"0.0","edit_sourc":"","f_add1":"0","vacancy_st":"","bldg_creat":"1998-04-01T08:00:00.000Z","no_of_unit":"0","bldg_end_d":null,"bldg_id":"502222","create_use":"","demolished":null,"pre_dir1":"","bldg_condi":"","bldg_name1":"","comments":"","shape_len":"74.0270418282","harris_str":""}},{"type":"Feature","geometry":{"type":"MultiPolygon","coordinates":[[[[-87.66988301206757,41.78903093843144],[-87.66988429365622,41.78908445945922],[-87.66980544604009,41.78908537621783],[-87.66980416451702,41.78903185518966],[-87.66988301206757,41.78903093843144]]]]},"properties":{"no_stories":"0","suf_dir1":"","x_coord":"1165189.61425047","shape_area":"419.5","year_built":"0","cdb_city_i":"","stories":"0","y_coord":"1866422.77587395","unit_name":"","qc_date":null,"edit_date":null,"non_standa":"","label_hous":"0","st_name1":"","t_add1":"0","z_coord":"0","qc_userid":"","qc_source":"","orig_bldg_":"501270","footprint_":"AERIALS98","st_type1":"","bldg_statu":"ACTIVE","condition_":null,"bldg_name2":"","bldg_activ":"1998-04-01T08:00:00.000Z","edit_useri":"","bldg_sq_fo":"0.0","edit_sourc":"","f_add1":"0","vacancy_st":"","bldg_creat":"1998-04-01T08:00:00.000Z","no_of_unit":"0","bldg_end_d":null,"bldg_id":"501270","create_use":"","demolished":null,"pre_dir1":"","bldg_condi":"","bldg_name1":"","comments":"","shape_len":"82.0244447415","harris_str":""}},{"type":"Feature","geometry":{"type":"MultiPolygon","coordinates":[[[[-87.6715601752699,41.789073543575014],[-87.67156130302642,41.789142157286896],[-87.67139627431429,41.789143950796756],[-87.67139514673377,41.78907533708454],[-87.6715601752699,41.789073543575014]]]]},"properties":{"no_stories":"0","suf_dir1":"","x_coord":"1164743.86380729","shape_area":"1125.5","year_built":"1914","cdb_city_i":"","stories":"2","y_coord":"1866438.14624432","unit_name":"","qc_date":"2003-06-16T07:00:00.000Z","edit_date":null,"non_standa":"","label_hous":"5741","st_name1":"WOLCOTT","t_add1":"5741","z_coord":"0","qc_userid":"DS06284","qc_source":"PARCELS","orig_bldg_":"501097","footprint_":"AERIALS98","st_type1":"AVE","bldg_statu":"ACTIVE","condition_":"2001-12-01T08:00:00.000Z","bldg_name2":"","bldg_activ":"1998-04-01T08:00:00.000Z","edit_useri":"","bldg_sq_fo":"864.0","edit_sourc":"","f_add1":"5741","vacancy_st":"","bldg_creat":"1998-04-01T08:00:00.000Z","no_of_unit":"1","bldg_end_d":null,"bldg_id":"501097","create_use":"","demolished":null,"pre_dir1":"S","bldg_condi":"NEEDS MINOR REPAIR","bldg_name1":"","comments":"","shape_len":"140.03221848","harris_str":"02018218014000"}},{"type":"Feature","geometry":{"type":"MultiPolygon","coordinates":[[[[-87.67033584081057,41.78867816732655],[-87.67033743379814,41.78870150297429],[-87.6703557670554,41.78870160877808],[-87.67035719040547,41.78874140917876],[-87.67013164878253,41.78874422377883],[-87.6701304801265,41.78867972624744],[-87.67033584081057,41.78867816732655]]]]},"properties":{"no_stories":"0","suf_dir1":"","x_coord":"1165081.66940632","shape_area":"1386.5","year_built":"1914","cdb_city_i":"","stories":"2","y_coord":"1866295.80365173","unit_name":"","qc_date":"2003-06-16T07:00:00.000Z","edit_date":null,"non_standa":"","label_hous":"5755","st_name1":"HONORE","t_add1":"5755","z_coord":"0","qc_userid":"DS06284","qc_source":"PARCELS","orig_bldg_":"502579","footprint_":"AERIALS98","st_type1":"ST","bldg_statu":"ACTIVE","condition_":"2001-12-01T08:00:00.000Z","bldg_name2":"","bldg_activ":"1998-04-01T08:00:00.000Z","edit_useri":"","bldg_sq_fo":"1146.0","edit_sourc":"","f_add1":"5755","vacancy_st":"","bldg_creat":"1998-04-01T08:00:00.000Z","no_of_unit":"1","bldg_end_d":null,"bldg_id":"502579","create_use":"","demolished":null,"pre_dir1":"S","bldg_condi":"NEEDS MAJOR REPAIR","bldg_name1":"","comments":"","shape_len":"169.055847682","harris_str":"02018219019000"}},{"type":"Feature","geometry":{"type":"MultiPolygon","coordinates":[[[[-87.67032207903006,41.78859027066297],[-87.67033663251071,41.788601331810405],[-87.67033833859662,41.78861369095607],[-87.67035117185918,41.78861376501881],[-87.6703507336064,41.788656298965414],[-87.67000604034001,41.78865705347682],[-87.67000292533118,41.78860352185993],[-87.67002675852774,41.78860365947342],[-87.67002687168038,41.78859268297171],[-87.67032207903006,41.78859027066297]]]]},"properties":{"no_stories":"0","suf_dir1":"","x_coord":"1165099.92684939","shape_area":"2181.25","year_built":"0","cdb_city_i":"","stories":"0","y_coord":"1866264.08451593","unit_name":"","qc_date":null,"edit_date":null,"non_standa":"","label_hous":"1818","st_name1":"58TH","t_add1":"1818","z_coord":"0","qc_userid":"","qc_source":"","orig_bldg_":"502881","footprint_":"AERIALS98","st_type1":"ST","bldg_statu":"ACTIVE","condition_":null,"bldg_name2":"","bldg_activ":"1998-04-01T08:00:00.000Z","edit_useri":"","bldg_sq_fo":"0.0","edit_sourc":"","f_add1":"1818","vacancy_st":"","bldg_creat":"1998-04-01T08:00:00.000Z","no_of_unit":"0","bldg_end_d":null,"bldg_id":"502881","create_use":"","demolished":null,"pre_dir1":"W","bldg_condi":"","bldg_name1":"","comments":"","shape_len":"233.729463949","harris_str":""}},{"type":"Feature","geometry":{"type":"MultiPolygon","coordinates":[[[[-87.67032756028314,41.788770053209454],[-87.67032747545662,41.78877828558599],[-87.67034764206365,41.78877840197191],[-87.67034716139392,41.78882505210551],[-87.6701656335209,41.78882674862845],[-87.67016436584177,41.78877185553705],[-87.67032756028314,41.788770053209454]]]]},"properties":{"no_stories":"0","suf_dir1":"","x_coord":"1165078.01095235","shape_area":"981.5","year_built":"1914","cdb_city_i":"","stories":"2","y_coord":"1866327.33760235","unit_name":"","qc_date":"2003-06-16T07:00:00.000Z","edit_date":null,"non_standa":"","label_hous":"5753","st_name1":"HONORE","t_add1":"5753","z_coord":"0","qc_userid":"DS06284","qc_source":"PARCELS","orig_bldg_":"502259","footprint_":"AERIALS98","st_type1":"ST","bldg_statu":"ACTIVE","condition_":"2001-12-01T08:00:00.000Z","bldg_name2":"","bldg_activ":"1998-04-01T08:00:00.000Z","edit_useri":"","bldg_sq_fo":"828.0","edit_sourc":"","f_add1":"5753","vacancy_st":"","bldg_creat":"1998-04-01T08:00:00.000Z","no_of_unit":"2","bldg_end_d":null,"bldg_id":"502259","create_use":"","demolished":null,"pre_dir1":"S","bldg_condi":"NEEDS MAJOR REPAIR","bldg_name1":"","comments":"","shape_len":"139.52758354","harris_str":"02018219018000"}},{"type":"Feature","geometry":{"type":"MultiPolygon","coordinates":[[[[-87.6696142881611,41.78824314747084],[-87.6696181605448,41.788400966453125],[-87.66953564713117,41.788401861848776],[-87.66953360826223,41.78824405345847],[-87.6696142881611,41.78824314747084]]]]},"properties":{"no_stories":"0","suf_dir1":"","x_coord":"1165264.94198764","shape_area":"1280.0","year_built":"1914","cdb_city_i":"","stories":"1","y_coord":"1866157.62155297","unit_name":"","qc_date":"2003-06-16T07:00:00.000Z","edit_date":null,"non_standa":"","label_hous":"1803","st_name1":"58TH","t_add1":"1803","z_coord":"0","qc_userid":"DS06284","qc_source":"PARCELS","orig_bldg_":"503628","footprint_":"AERIALS98","st_type1":"ST","bldg_statu":"ACTIVE","condition_":"2001-12-01T08:00:00.000Z","bldg_name2":"","bldg_activ":"1998-04-01T08:00:00.000Z","edit_useri":"","bldg_sq_fo":"1086.0","edit_sourc":"","f_add1":"1803","vacancy_st":"","bldg_creat":"1998-04-01T08:00:00.000Z","no_of_unit":"1","bldg_end_d":null,"bldg_id":"503628","create_use":"","demolished":null,"pre_dir1":"W","bldg_condi":"NEEDS MINOR REPAIR","bldg_name1":"","comments":"","shape_len":"159.539492839","harris_str":"02018227008000"}},{"type":"Feature","geometry":{"type":"MultiPolygon","coordinates":[[[[-87.66965034836596,41.789013128789286],[-87.66965151654234,41.78907762631837],[-87.66946814046015,41.78908068320466],[-87.66946698662382,41.78901481361262],[-87.66965034836596,41.789013128789286]]]]},"properties":{"no_stories":"0","suf_dir1":"","x_coord":"1165267.36064343","shape_area":"1188.125","year_built":"1914","cdb_city_i":"","stories":"2","y_coord":"1866419.58451592","unit_name":"","qc_date":"2003-06-16T07:00:00.000Z","edit_date":null,"non_standa":"","label_hous":"5742","st_name1":"WOOD","t_add1":"5742","z_coord":"0","qc_userid":"DS06284","qc_source":"PARCELS","orig_bldg_":"501287","footprint_":"AERIALS98","st_type1":"ST","bldg_statu":"ACTIVE","condition_":"2001-12-01T08:00:00.000Z","bldg_name2":"","bldg_activ":"1998-04-01T08:00:00.000Z","edit_useri":"","bldg_sq_fo":"864.0","edit_sourc":"","f_add1":"5742","vacancy_st":"","bldg_creat":"1998-04-01T08:00:00.000Z","no_of_unit":"1","bldg_end_d":null,"bldg_id":"501287","create_use":"","demolished":null,"pre_dir1":"S","bldg_condi":"NEEDS MINOR REPAIR","bldg_name1":"","comments":"","shape_len":"147.543020255","harris_str":"02018219035000"}},{"type":"Feature","geometry":{"type":"MultiPolygon","coordinates":[[[[-87.67038086728247,41.788222875226765],[-87.6703848263642,41.78837246182021],[-87.67029681304157,41.788373326023695],[-87.67029444712732,41.788247075078715],[-87.67031279439279,41.78824580882554],[-87.67031118728546,41.788223845238655],[-87.67038086728247,41.788222875226765]]]]},"properties":{"no_stories":"0","suf_dir1":"","x_coord":"1165056.73275485","shape_area":"1258.875","year_built":"1914","cdb_city_i":"","stories":"2","y_coord":"1866146.93636778","unit_name":"","qc_date":"2003-06-16T07:00:00.000Z","edit_date":null,"non_standa":"","label_hous":"1825","st_name1":"58TH","t_add1":"1825","z_coord":"0","qc_userid":"DS06284","qc_source":"PARCELS","orig_bldg_":"503738","footprint_":"AERIALS98","st_type1":"ST","bldg_statu":"ACTIVE","condition_":"2001-12-01T08:00:00.000Z","bldg_name2":"","bldg_activ":"1998-04-01T08:00:00.000Z","edit_useri":"","bldg_sq_fo":"2024.0","edit_sourc":"","f_add1":"1825","vacancy_st":"O","bldg_creat":"1998-04-01T08:00:00.000Z","no_of_unit":"2","bldg_end_d":null,"bldg_id":"503738","create_use":"","demolished":null,"pre_dir1":"W","bldg_condi":"UNINHABITABLE","bldg_name1":"","comments":"","shape_len":"156.583839734","harris_str":"02018227001000"}},{"type":"Feature","geometry":{"type":"MultiPolygon","coordinates":[[[[-87.67129153131246,41.78809777317528],[-87.67136486366827,41.78809819575892],[-87.67136607590469,41.78815857710357],[-87.67129272936317,41.78815952658339],[-87.67129153131246,41.78809777317528]]]]},"properties":{"no_stories":"0","suf_dir1":"","x_coord":"1164787.36185022","shape_area":"445.125","year_built":"0","cdb_city_i":"","stories":"0","y_coord":"1866081.18019494","unit_name":"","qc_date":null,"edit_date":null,"non_standa":"","label_hous":"0","st_name1":"","t_add1":"0","z_coord":"0","qc_userid":"","qc_source":"","orig_bldg_":"504390","footprint_":"AERIALS98","st_type1":"","bldg_statu":"ACTIVE","condition_":null,"bldg_name2":"","bldg_activ":"1998-04-01T08:00:00.000Z","edit_useri":"","bldg_sq_fo":"0.0","edit_sourc":"","f_add1":"0","vacancy_st":"","bldg_creat":"1998-04-01T08:00:00.000Z","no_of_unit":"0","bldg_end_d":null,"bldg_id":"504390","create_use":"","demolished":null,"pre_dir1":"","bldg_condi":"","bldg_name1":"","comments":"","shape_len":"84.5174849783","harris_str":""}},{"type":"Feature","geometry":{"type":"MultiPolygon","coordinates":[[[[-87.67156714401735,41.78875250194016],[-87.67156831411404,41.78881699946655],[-87.67135377222515,41.788819879829404],[-87.6713526023435,41.78875538230241],[-87.67156714401735,41.78875250194016]]]]},"properties":{"no_stories":"0","suf_dir1":"","x_coord":"1164749.6130718","shape_area":"1375.5","year_built":"1909","cdb_city_i":"","stories":"2","y_coord":"1866320.58451593","unit_name":"","qc_date":"2003-06-16T07:00:00.000Z","edit_date":null,"non_standa":"","label_hous":"5751","st_name1":"WOLCOTT","t_add1":"5751","z_coord":"0","qc_userid":"DS06284","qc_source":"PARCELS","orig_bldg_":"502317","footprint_":"AERIALS98","st_type1":"AVE","bldg_statu":"ACTIVE","condition_":"2001-12-01T08:00:00.000Z","bldg_name2":"","bldg_activ":"1998-04-01T08:00:00.000Z","edit_useri":"","bldg_sq_fo":"900.0","edit_sourc":"","f_add1":"5751","vacancy_st":"","bldg_creat":"1998-04-01T08:00:00.000Z","no_of_unit":"1","bldg_end_d":null,"bldg_id":"502317","create_use":"","demolished":null,"pre_dir1":"S","bldg_condi":"NEEDS MINOR REPAIR","bldg_name1":"","comments":"","shape_len":"164.049092313","harris_str":"02018218018000"}},{"type":"Feature","geometry":{"type":"MultiPolygon","coordinates":[[[[-87.67083915295898,41.78822963543507],[-87.67084307072685,41.788383338209236],[-87.67075689070779,41.78838421333753],[-87.67075295901739,41.78823188262495],[-87.67083915295898,41.78822963543507]]]]},"properties":{"no_stories":"0","suf_dir1":"","x_coord":"1164931.55547448","shape_area":"1311.25","year_built":"1911","cdb_city_i":"","stories":"1","y_coord":"1866149.27896037","unit_name":"","qc_date":"2003-06-16T07:00:00.000Z","edit_date":null,"non_standa":"","label_hous":"1837","st_name1":"58TH","t_add1":"1837","z_coord":"0","qc_userid":"DS06284","qc_source":"PARCELS","orig_bldg_":"503712","footprint_":"AERIALS98","st_type1":"ST","bldg_statu":"ACTIVE","condition_":"2001-12-01T08:00:00.000Z","bldg_name2":"","bldg_activ":"1998-04-01T08:00:00.000Z","edit_useri":"","bldg_sq_fo":"1533.0","edit_sourc":"","f_add1":"1837","vacancy_st":"","bldg_creat":"1998-04-01T08:00:00.000Z","no_of_unit":"1","bldg_end_d":null,"bldg_id":"503712","create_use":"","demolished":null,"pre_dir1":"W","bldg_condi":"NEEDS MINOR REPAIR","bldg_name1":"","comments":"","shape_len":"158.566937773","harris_str":"02018226008000"}},{"type":"Feature","geometry":{"type":"MultiPolygon","coordinates":[[[[-87.67094492295841,41.788106752339274],[-87.67094616304928,41.78816438955927],[-87.67089114960493,41.78816544448814],[-87.67088990956333,41.78810780726791],[-87.67094492295841,41.788106752339274]]]]},"properties":{"no_stories":"0","suf_dir1":"","x_coord":"1164899.36430699","shape_area":"315.25","year_built":"0","cdb_city_i":"","stories":"0","y_coord":"1866084.61846655","unit_name":"","qc_date":null,"edit_date":null,"non_standa":"","label_hous":"0","st_name1":"","t_add1":"0","z_coord":"0","qc_userid":"","qc_source":"","orig_bldg_":"504368","footprint_":"AERIALS98","st_type1":"","bldg_statu":"ACTIVE","condition_":null,"bldg_name2":"","bldg_activ":"1998-04-01T08:00:00.000Z","edit_useri":"","bldg_sq_fo":"0.0","edit_sourc":"","f_add1":"0","vacancy_st":"","bldg_creat":"1998-04-01T08:00:00.000Z","no_of_unit":"0","bldg_end_d":null,"bldg_id":"504368","create_use":"","demolished":null,"pre_dir1":"","bldg_condi":"","bldg_name1":"","comments":"","shape_len":"72.0285651148","harris_str":""}},{"type":"Feature","geometry":{"type":"MultiPolygon","coordinates":[[[[-87.66949277267318,41.78811483591536],[-87.66949423794667,41.78815052013881],[-87.66940439161485,41.78815137306683],[-87.66940475969987,41.78811569943791],[-87.66949277267318,41.78811483591536]]]]},"properties":{"no_stories":"0","suf_dir1":"","x_coord":"1165300.00007272","shape_area":"315.375","year_built":"0","cdb_city_i":"","stories":"0","y_coord":"1866086.12463938","unit_name":"","qc_date":null,"edit_date":null,"non_standa":"","label_hous":"0","st_name1":"","t_add1":"0","z_coord":"0","qc_userid":"","qc_source":"","orig_bldg_":"504378","footprint_":"AERIALS98","st_type1":"","bldg_statu":"ACTIVE","condition_":null,"bldg_name2":"","bldg_activ":"1998-04-01T08:00:00.000Z","edit_useri":"","bldg_sq_fo":"0.0","edit_sourc":"","f_add1":"0","vacancy_st":"","bldg_creat":"1998-04-01T08:00:00.000Z","no_of_unit":"0","bldg_end_d":null,"bldg_id":"504378","create_use":"","demolished":null,"pre_dir1":"","bldg_condi":"","bldg_name1":"","comments":"","shape_len":"74.5199211093","harris_str":""}},{"type":"Feature","geometry":{"type":"MultiPolygon","coordinates":[[[[-87.6696989710138,41.78909848262628],[-87.66970018169334,41.78915886396682],[-87.66946913857927,41.789161645482615],[-87.66946949248523,41.789127343921955],[-87.66948599252308,41.789127439270935],[-87.66948442814771,41.78910135949041],[-87.6696989710138,41.78909848262628]]]]},"properties":{"no_stories":"0","suf_dir1":"","x_coord":"1165260.24589904","shape_area":"1337.5","year_built":"1914","cdb_city_i":"","stories":"1","y_coord":"1866449.74192333","unit_name":"","qc_date":"2003-06-16T07:00:00.000Z","edit_date":null,"non_standa":"","label_hous":"5740","st_name1":"WOOD","t_add1":"5740","z_coord":"0","qc_userid":"DS06284","qc_source":"PARCELS","orig_bldg_":"500991","footprint_":"AERIALS98","st_type1":"ST","bldg_statu":"ACTIVE","condition_":"2001-12-01T08:00:00.000Z","bldg_name2":"","bldg_activ":"1998-04-01T08:00:00.000Z","edit_useri":"","bldg_sq_fo":"1194.0","edit_sourc":"","f_add1":"5740","vacancy_st":"","bldg_creat":"1998-04-01T08:00:00.000Z","no_of_unit":"1","bldg_end_d":null,"bldg_id":"500991","create_use":"","demolished":null,"pre_dir1":"S","bldg_condi":"NEEDS MINOR REPAIR","bldg_name1":"","comments":"","shape_len":"170.055912102","harris_str":"02018219034000"}},{"type":"Feature","geometry":{"type":"MultiPolygon","coordinates":[[[[-87.66994198991542,41.78811194228762],[-87.66994310179689,41.788181928076995],[-87.66986242197645,41.78818283429616],[-87.66986131018272,41.78811284850666],[-87.66994198991542,41.78811194228762]]]]},"properties":{"no_stories":"0","suf_dir1":"","x_coord":"1165176.36443667","shape_area":"561.25","year_built":"0","cdb_city_i":"","stories":"0","y_coord":"1866091.14624432","unit_name":"","qc_date":null,"edit_date":null,"non_standa":"","label_hous":"0","st_name1":"","t_add1":"0","z_coord":"0","qc_userid":"","qc_source":"","orig_bldg_":"504286","footprint_":"AERIALS98","st_type1":"","bldg_statu":"ACTIVE","condition_":null,"bldg_name2":"","bldg_activ":"1998-04-01T08:00:00.000Z","edit_useri":"","bldg_sq_fo":"0.0","edit_sourc":"","f_add1":"0","vacancy_st":"","bldg_creat":"1998-04-01T08:00:00.000Z","no_of_unit":"0","bldg_end_d":null,"bldg_id":"504286","create_use":"","demolished":null,"pre_dir1":"","bldg_condi":"","bldg_name1":"","comments":"","shape_len":"95.0211651488","harris_str":""}},{"type":"Feature","geometry":{"type":"MultiPolygon","coordinates":[[[[-87.67121889283933,41.78785174066705],[-87.6712200767005,41.787914866141215],[-87.67113573061408,41.787915752124626],[-87.67113454683566,41.787852626650206],[-87.67121889283933,41.78785174066705]]]]},"properties":{"no_stories":"0","suf_dir1":"","x_coord":"1164829.36437089","shape_area":"529.25","year_built":"0","cdb_city_i":"","stories":"0","y_coord":"1865992.24192334","unit_name":"","qc_date":null,"edit_date":null,"non_standa":"","label_hous":"0","st_name1":"","t_add1":"0","z_coord":"0","qc_userid":"","qc_source":"","orig_bldg_":"505086","footprint_":"AERIALS98","st_type1":"","bldg_statu":"ACTIVE","condition_":null,"bldg_name2":"","bldg_activ":"1998-04-01T08:00:00.000Z","edit_useri":"","bldg_sq_fo":"0.0","edit_sourc":"","f_add1":"0","vacancy_st":"","bldg_creat":"1998-04-01T08:00:00.000Z","no_of_unit":"0","bldg_end_d":null,"bldg_id":"505086","create_use":"","demolished":null,"pre_dir1":"","bldg_condi":"","bldg_name1":"","comments":"","shape_len":"92.0217365626","harris_str":""}},{"type":"Feature","geometry":{"type":"MultiPolygon","coordinates":[[[[-87.6708824229459,41.78883500064808],[-87.67088359235657,41.78889949817556],[-87.67068923095586,41.78890112152079],[-87.67068806174002,41.788836623992765],[-87.6708824229459,41.78883500064808]]]]},"properties":{"no_stories":"0","suf_dir1":"","x_coord":"1164933.36372848","shape_area":"1246.0","year_built":"1914","cdb_city_i":"","stories":"2","y_coord":"1866351.80365172","unit_name":"","qc_date":"2003-06-16T07:00:00.000Z","edit_date":null,"non_standa":"","label_hous":"5746","st_name1":"HONORE","t_add1":"5746","z_coord":"0","qc_userid":"DS06284","qc_source":"PARCELS","orig_bldg_":"501982","footprint_":"AERIALS98","st_type1":"ST","bldg_statu":"ACTIVE","condition_":"2001-12-01T08:00:00.000Z","bldg_name2":"","bldg_activ":"1998-04-01T08:00:00.000Z","edit_useri":"","bldg_sq_fo":"864.0","edit_sourc":"","f_add1":"5746","vacancy_st":"","bldg_creat":"1998-04-01T08:00:00.000Z","no_of_unit":"1","bldg_end_d":null,"bldg_id":"501982","create_use":"","demolished":null,"pre_dir1":"S","bldg_condi":"NEEDS MINOR REPAIR","bldg_name1":"","comments":"","shape_len":"153.02950334","harris_str":"02018218037000"}},{"type":"Feature","geometry":{"type":"MultiPolygon","coordinates":[[[[-87.67092018541693,41.78908494866489],[-87.67092136899205,41.78914807412667],[-87.67069399261506,41.78915087924915],[-87.67069280926303,41.78908775378668],[-87.67092018541693,41.78908494866489]]]]},"properties":{"no_stories":"0","suf_dir1":"","x_coord":"1164926.86302897","shape_area":"1426.75","year_built":"1914","cdb_city_i":"","stories":"1","y_coord":"1866442.80365173","unit_name":"","qc_date":"2003-06-16T07:00:00.000Z","edit_date":null,"non_standa":"","label_hous":"5740","st_name1":"HONORE","t_add1":"5740","z_coord":"0","qc_userid":"DS06284","qc_source":"PARCELS","orig_bldg_":"501055","footprint_":"AERIALS98","st_type1":"ST","bldg_statu":"ACTIVE","condition_":"2001-12-01T08:00:00.000Z","bldg_name2":"","bldg_activ":"1998-04-01T08:00:00.000Z","edit_useri":"","bldg_sq_fo":"1081.0","edit_sourc":"","f_add1":"5740","vacancy_st":"","bldg_creat":"1998-04-01T08:00:00.000Z","no_of_unit":"1","bldg_end_d":null,"bldg_id":"501055","create_use":"","demolished":null,"pre_dir1":"S","bldg_condi":"NEEDS MINOR REPAIR","bldg_name1":"","comments":"","shape_len":"170.047153295","harris_str":"02018218034000"}},{"type":"Feature","geometry":{"type":"MultiPolygon","coordinates":[[[[-87.67084594151595,41.7879264306427],[-87.67084716739048,41.78798543992798],[-87.67064180891812,41.78798699977925],[-87.67064058323194,41.78792799049315],[-87.67084594151595,41.7879264306427]]]]},"properties":{"no_stories":"0","suf_dir1":"","x_coord":"1164947.36360631","shape_area":"1204.5","year_built":"1909","cdb_city_i":"","stories":"1","y_coord":"1866019.68019494","unit_name":"","qc_date":"2003-06-16T07:00:00.000Z","edit_date":null,"non_standa":"","label_hous":"5818","st_name1":"HONORE","t_add1":"5818","z_coord":"0","qc_userid":"DS06284","qc_source":"PARCELS","orig_bldg_":"504871","footprint_":"AERIALS98","st_type1":"ST","bldg_statu":"ACTIVE","condition_":"2001-12-01T08:00:00.000Z","bldg_name2":"","bldg_activ":"1998-04-01T08:00:00.000Z","edit_useri":"","bldg_sq_fo":"0.0","edit_sourc":"","f_add1":"5818","vacancy_st":"","bldg_creat":"1998-04-01T08:00:00.000Z","no_of_unit":"1","bldg_end_d":null,"bldg_id":"504871","create_use":"","demolished":null,"pre_dir1":"S","bldg_condi":"NEEDS MINOR REPAIR","bldg_name1":"","comments":"","shape_len":"155.029482055","harris_str":"02018226016000"}},{"type":"Feature","geometry":{"type":"MultiPolygon","coordinates":[[[[-87.66964556245713,41.7887661151663],[-87.66964854980434,41.78883199535224],[-87.66947802188261,41.78883375433709],[-87.6694768680373,41.788767884742285],[-87.66964556245713,41.7887661151663]]]]},"properties":{"no_stories":"0","suf_dir1":"","x_coord":"1165267.21747241","shape_area":"1110.75","year_built":"1914","cdb_city_i":"","stories":"2","y_coord":"1866329.58451593","unit_name":"","qc_date":"2003-06-16T07:00:00.000Z","edit_date":null,"non_standa":"","label_hous":"5752","st_name1":"WOOD","t_add1":"5752","z_coord":"0","qc_userid":"DS06284","qc_source":"PARCELS","orig_bldg_":"502217","footprint_":"AERIALS98","st_type1":"ST","bldg_statu":"ACTIVE","condition_":"2001-12-01T08:00:00.000Z","bldg_name2":"","bldg_activ":"1998-04-01T08:00:00.000Z","edit_useri":"","bldg_sq_fo":"1350.0","edit_sourc":"","f_add1":"5752","vacancy_st":"","bldg_creat":"1998-04-01T08:00:00.000Z","no_of_unit":"1","bldg_end_d":null,"bldg_id":"502217","create_use":"","demolished":null,"pre_dir1":"S","bldg_condi":"SOUND","bldg_name1":"","comments":"","shape_len":"140.547651794","harris_str":"02018219038000"}},{"type":"Feature","geometry":{"type":"MultiPolygon","coordinates":[[[[-87.67033700511631,41.78892104359446],[-87.67033810329245,41.7889924014361],[-87.6701382274654,41.788995364167754],[-87.67013714365284,41.788922634263166],[-87.67033700511631,41.78892104359446]]]]},"properties":{"no_stories":"0","suf_dir1":"","x_coord":"1165082.61107464","shape_area":"1431.25","year_built":"1915","cdb_city_i":"","stories":"1","y_coord":"1866385.98883691","unit_name":"","qc_date":"2003-06-16T07:00:00.000Z","edit_date":null,"non_standa":"","label_hous":"5747","st_name1":"HONORE","t_add1":"5747","z_coord":"0","qc_userid":"DS06284","qc_source":"PARCELS","orig_bldg_":"501602","footprint_":"AERIALS98","st_type1":"ST","bldg_statu":"ACTIVE","condition_":"2001-12-01T08:00:00.000Z","bldg_name2":"","bldg_activ":"1998-04-01T08:00:00.000Z","edit_useri":"","bldg_sq_fo":"1175.0","edit_sourc":"","f_add1":"5747","vacancy_st":"","bldg_creat":"1998-04-01T08:00:00.000Z","no_of_unit":"1","bldg_end_d":null,"bldg_id":"501602","create_use":"","demolished":null,"pre_dir1":"S","bldg_condi":"NEEDS MINOR REPAIR","bldg_name1":"","comments":"","shape_len":"161.539335643","harris_str":"02018219016000"}},{"type":"Feature","geometry":{"type":"MultiPolygon","coordinates":[[[[-87.66229272231735,41.787080943965236],[-87.66229438389554,41.78709741940475],[-87.6623145642506,41.78709616513603],[-87.66231787311193,41.78713048807527],[-87.66211793132315,41.787140297197276],[-87.6621147943125,41.78708950952278],[-87.66229272231735,41.787080943965236]]]]},"properties":{"no_stories":"0","suf_dir1":"","x_coord":"1167275.38217899","shape_area":"973.0","year_built":"1894","cdb_city_i":"","stories":"1","y_coord":"1865729.39933074","unit_name":"","qc_date":"2003-06-16T07:00:00.000Z","edit_date":null,"non_standa":"","label_hous":"5850","st_name1":"LAFLIN","t_add1":"5850","z_coord":"0","qc_userid":"DS06284","qc_source":"PARCELS","orig_bldg_":"507259","footprint_":"AERIALS98","st_type1":"ST","bldg_statu":"ACTIVE","condition_":"2001-12-01T08:00:00.000Z","bldg_name2":"","bldg_activ":"1998-04-01T08:00:00.000Z","edit_useri":"","bldg_sq_fo":"876.0","edit_sourc":"","f_add1":"5850","vacancy_st":"","bldg_creat":"1998-04-01T08:00:00.000Z","no_of_unit":"1","bldg_end_d":null,"bldg_id":"507259","create_use":"","demolished":null,"pre_dir1":"S","bldg_condi":"NEEDS MINOR REPAIR","bldg_name1":"","comments":"","shape_len":"145.883137824","harris_str":"02017125031000"}},{"type":"Feature","geometry":{"type":"MultiPolygon","coordinates":[[[[-87.66228424273787,41.787015031497866],[-87.66228408534566,41.787030124168055],[-87.66231341774737,41.7870302955034],[-87.66231486471358,41.7870673518567],[-87.66211863260928,41.78707306621515],[-87.66211552422462,41.78701953441834],[-87.66228424273787,41.787015031497866]]]]},"properties":{"no_stories":"0","suf_dir1":"","x_coord":"1167275.76571806","shape_area":"999.0","year_built":"1894","cdb_city_i":"","stories":"1","y_coord":"1865705.11846656","unit_name":"","qc_date":"2003-06-16T07:00:00.000Z","edit_date":null,"non_standa":"","label_hous":"5852","st_name1":"LAFLIN","t_add1":"5852","z_coord":"0","qc_userid":"DS06284","qc_source":"PARCELS","orig_bldg_":"507484","footprint_":"AERIALS98","st_type1":"ST","bldg_statu":"ACTIVE","condition_":"2001-12-01T08:00:00.000Z","bldg_name2":"","bldg_activ":"1998-04-01T08:00:00.000Z","edit_useri":"","bldg_sq_fo":"897.0","edit_sourc":"","f_add1":"5852","vacancy_st":"","bldg_creat":"1998-04-01T08:00:00.000Z","no_of_unit":"1","bldg_end_d":null,"bldg_id":"507484","create_use":"","demolished":null,"pre_dir1":"S","bldg_condi":"NEEDS MINOR REPAIR","bldg_name1":"","comments":"","shape_len":"146.136717372","harris_str":"02017125032000"}},{"type":"Feature","geometry":{"type":"MultiPolygon","coordinates":[[[[-87.6625218961972,41.78708091024645],[-87.66252317164422,41.78713443132931],[-87.66242964584868,41.78713662946326],[-87.66242837047943,41.787083108379974],[-87.6625218961972,41.78708091024645]]]]},"properties":{"no_stories":"0","suf_dir1":"","x_coord":"1167204.61345908","shape_area":"497.75","year_built":"0","cdb_city_i":"","stories":"0","y_coord":"1865728.05673815","unit_name":"","qc_date":null,"edit_date":null,"non_standa":"","label_hous":"0","st_name1":"","t_add1":"0","z_coord":"0","qc_userid":"","qc_source":"","orig_bldg_":"507280","footprint_":"AERIALS98","st_type1":"","bldg_statu":"ACTIVE","condition_":null,"bldg_name2":"","bldg_activ":"1998-04-01T08:00:00.000Z","edit_useri":"","bldg_sq_fo":"0.0","edit_sourc":"","f_add1":"0","vacancy_st":"","bldg_creat":"1998-04-01T08:00:00.000Z","no_of_unit":"0","bldg_end_d":null,"bldg_id":"507280","create_use":"","demolished":null,"pre_dir1":"","bldg_condi":"","bldg_name1":"","comments":"","shape_len":"90.052019027","harris_str":""}},{"type":"Feature","geometry":{"type":"MultiPolygon","coordinates":[[[[-87.66363501924701,41.78599929390842],[-87.66371016806622,41.78600110410922],[-87.66370774944131,41.78605734794762],[-87.6636307815879,41.786054154996236],[-87.66363501924701,41.78599929390842]]]]},"properties":{"no_stories":"0","suf_dir1":"","x_coord":"1166881.82857317","shape_area":"420.75","year_built":"0","cdb_city_i":"","stories":"0","y_coord":"1865331.83760235","unit_name":"","qc_date":null,"edit_date":null,"non_standa":"","label_hous":"0","st_name1":"","t_add1":"0","z_coord":"0","qc_userid":"","qc_source":"","orig_bldg_":"510684","footprint_":"AERIALS98","st_type1":"","bldg_statu":"ACTIVE","condition_":null,"bldg_name2":"","bldg_activ":"1998-04-01T08:00:00.000Z","edit_useri":"","bldg_sq_fo":"0.0","edit_sourc":"","f_add1":"0","vacancy_st":"","bldg_creat":"1998-04-01T08:00:00.000Z","no_of_unit":"0","bldg_end_d":null,"bldg_id":"510684","create_use":"","demolished":null,"pre_dir1":"","bldg_condi":"","bldg_name1":"","comments":"","shape_len":"82.0609737449","harris_str":""}},{"type":"Feature","geometry":{"type":"MultiPolygon","coordinates":[[[[-87.66351475336009,41.78592861337002],[-87.66351595821477,41.785988994766036],[-87.66331057753608,41.785993285680554],[-87.6633075396299,41.78593289359172],[-87.66351475336009,41.78592861337002]]]]},"properties":{"no_stories":"0","suf_dir1":"","x_coord":"1166952.48176464","shape_area":"1239.0","year_built":"1904","cdb_city_i":"","stories":"1","y_coord":"1865308.02278754","unit_name":"","qc_date":"2003-06-16T07:00:00.000Z","edit_date":null,"non_standa":"","label_hous":"5926","st_name1":"JUSTINE","t_add1":"5926","z_coord":"0","qc_userid":"DS06284","qc_source":"PARCELS","orig_bldg_":"510867","footprint_":"AERIALS98","st_type1":"ST","bldg_statu":"ACTIVE","condition_":"2001-12-01T08:00:00.000Z","bldg_name2":"","bldg_activ":"1998-04-01T08:00:00.000Z","edit_useri":"","bldg_sq_fo":"1260.0","edit_sourc":"","f_add1":"5926","vacancy_st":"","bldg_creat":"1998-04-01T08:00:00.000Z","no_of_unit":"1","bldg_end_d":null,"bldg_id":"510867","create_use":"","demolished":null,"pre_dir1":"S","bldg_condi":"NEEDS MINOR REPAIR","bldg_name1":"","comments":"","shape_len":"156.599486683","harris_str":"02017300026000"}},{"type":"Feature","geometry":{"type":"MultiPolygon","coordinates":[[[[-87.66251106785212,41.78600920206394],[-87.66251592395804,41.78607097693361],[-87.66240591478281,41.78607170665445],[-87.6624026488376,41.786033267527905],[-87.66238249742925,41.78603177769242],[-87.66238086446405,41.78601255812877],[-87.66251106785212,41.78600920206394]]]]},"properties":{"no_stories":"0","suf_dir1":"","x_coord":"1167212.32525644","shape_area":"705.625","year_built":"1889","cdb_city_i":"","stories":"2","y_coord":"1865338.96105914","unit_name":"","qc_date":"2003-06-16T07:00:00.000Z","edit_date":null,"non_standa":"","label_hous":"5922","st_name1":"LAFLIN","t_add1":"5922","z_coord":"0","qc_userid":"DS06284","qc_source":"PARCELS","orig_bldg_":"510612","footprint_":"AERIALS98","st_type1":"ST","bldg_statu":"ACTIVE","condition_":"2001-12-01T08:00:00.000Z","bldg_name2":"","bldg_activ":"1998-04-01T08:00:00.000Z","edit_useri":"","bldg_sq_fo":"1380.0","edit_sourc":"","f_add1":"5922","vacancy_st":"","bldg_creat":"1998-04-01T08:00:00.000Z","no_of_unit":"1","bldg_end_d":null,"bldg_id":"510612","create_use":"","demolished":null,"pre_dir1":"S","bldg_condi":"UNINHABITABLE","bldg_name1":"","comments":"","shape_len":"114.661970734","harris_str":"02017301032000"}},{"type":"Feature","geometry":{"type":"MultiPolygon","coordinates":[[[[-87.6629669107514,41.787128788691874],[-87.66297415810172,41.78713706384947],[-87.66302183763328,41.78713596991877],[-87.66302178046243,41.7871414581632],[-87.66303454195007,41.78714839334663],[-87.66303431327079,41.787170346324295],[-87.66302322783837,41.78717851450985],[-87.66302275617862,41.787223792525865],[-87.66288156496125,41.7872257128964],[-87.66287878473872,41.787140623712546],[-87.6629319641094,41.78713956191671],[-87.66294123056274,41.78713001098065],[-87.6629669107514,41.787128788691874]]]]},"properties":{"no_stories":"0","suf_dir1":"","x_coord":"1167074.64685189","shape_area":"1289.125","year_built":"0","cdb_city_i":"","stories":"2","y_coord":"1865752.98266407","unit_name":"","qc_date":null,"edit_date":null,"non_standa":"","label_hous":"5847","st_name1":"JUSTINE","t_add1":"5847","z_coord":"0","qc_userid":"","qc_source":"","orig_bldg_":"506984","footprint_":"AERIALS98","st_type1":"ST","bldg_statu":"ACTIVE","condition_":"2001-12-01T08:00:00.000Z","bldg_name2":"","bldg_activ":"1998-04-01T08:00:00.000Z","edit_useri":"","bldg_sq_fo":"0.0","edit_sourc":"","f_add1":"5847","vacancy_st":"","bldg_creat":"1998-04-01T08:00:00.000Z","no_of_unit":"2","bldg_end_d":null,"bldg_id":"506984","create_use":"","demolished":null,"pre_dir1":"S","bldg_condi":"UNINHABITABLE","bldg_name1":"","comments":"","shape_len":"147.015691275","harris_str":"02017125012000"}},{"type":"Feature","geometry":{"type":"MultiPolygon","coordinates":[[[[-87.66256293568861,41.78648563913387],[-87.66256770606174,41.78655564636359],[-87.66258045308258,41.78656395365807],[-87.66258336161191,41.78663669430467],[-87.66255218182152,41.78663788439633],[-87.6625410821184,41.786647424597426],[-87.66252093051439,41.786645934784936],[-87.66250809766471,41.78664585985038],[-87.66249874299291,41.786488008593615],[-87.66256293568861,41.78648563913387]]]]},"properties":{"no_stories":"0","suf_dir1":"","x_coord":"1167187.96983531","shape_area":"1094.375","year_built":"1909","cdb_city_i":"","stories":"2","y_coord":"1865532.68328136","unit_name":"","qc_date":"2003-06-16T07:00:00.000Z","edit_date":null,"non_standa":"","label_hous":"1511","st_name1":"59TH","t_add1":"1511","z_coord":"0","qc_userid":"DS06284","qc_source":"PARCELS","orig_bldg_":"508933","footprint_":"AERIALS98","st_type1":"ST","bldg_statu":"ACTIVE","condition_":"2001-12-01T08:00:00.000Z","bldg_name2":"","bldg_activ":"1998-04-01T08:00:00.000Z","edit_useri":"","bldg_sq_fo":"2254.0","edit_sourc":"","f_add1":"1511","vacancy_st":"","bldg_creat":"1998-04-01T08:00:00.000Z","no_of_unit":"2","bldg_end_d":null,"bldg_id":"508933","create_use":"","demolished":null,"pre_dir1":"W","bldg_condi":"NEEDS MINOR REPAIR","bldg_name1":"","comments":"","shape_len":"153.926614736","harris_str":"02017301006000"}},{"type":"Feature","geometry":{"type":"MultiPolygon","coordinates":[[[[-87.66235289568104,41.78623331007581],[-87.66235409944728,41.78629369147286],[-87.66212308080989,41.78629508622745],[-87.66212371051283,41.78623471554068],[-87.66235289568104,41.78623331007581]]]]},"properties":{"no_stories":"0","suf_dir1":"","x_coord":"1167271.74909068","shape_area":"1380.75","year_built":"1925","cdb_city_i":"","stories":"2","y_coord":"1865420.96105915","unit_name":"","qc_date":"2003-06-16T07:00:00.000Z","edit_date":null,"non_standa":"","label_hous":"5916","st_name1":"LAFLIN","t_add1":"5916","z_coord":"0","qc_userid":"DS06284","qc_source":"PARCELS","orig_bldg_":"509906","footprint_":"AERIALS98","st_type1":"ST","bldg_statu":"ACTIVE","condition_":"2001-12-01T08:00:00.000Z","bldg_name2":"","bldg_activ":"1998-04-01T08:00:00.000Z","edit_useri":"","bldg_sq_fo":"1958.0","edit_sourc":"","f_add1":"5916","vacancy_st":"","bldg_creat":"1998-04-01T08:00:00.000Z","no_of_unit":"1","bldg_end_d":null,"bldg_id":"509906","create_use":"","demolished":null,"pre_dir1":"S","bldg_condi":"NEEDS MINOR REPAIR","bldg_name1":"","comments":"","shape_len":"169.521616581","harris_str":"02017301029000"}},{"type":"Feature","geometry":{"type":"MultiPolygon","coordinates":[[[[-87.6625927630545,41.78608651918282],[-87.66267159273377,41.78608697940936],[-87.66267471584598,41.7861391391416],[-87.66259221960311,41.78613865750961],[-87.6625927630545,41.78608651918282]]]]},"properties":{"no_stories":"0","suf_dir1":"","x_coord":"1167164.61504186","shape_area":"418.0","year_built":"0","cdb_city_i":"","stories":"0","y_coord":"1865364.71414556","unit_name":"","qc_date":null,"edit_date":null,"non_standa":"","label_hous":"0","st_name1":"","t_add1":"0","z_coord":"0","qc_userid":"","qc_source":"","orig_bldg_":"510370","footprint_":"AERIALS98","st_type1":"","bldg_statu":"ACTIVE","condition_":null,"bldg_name2":"","bldg_activ":"1998-04-01T08:00:00.000Z","edit_useri":"","bldg_sq_fo":"0.0","edit_sourc":"","f_add1":"0","vacancy_st":"","bldg_creat":"1998-04-01T08:00:00.000Z","no_of_unit":"0","bldg_end_d":null,"bldg_id":"510370","create_use":"","demolished":null,"pre_dir1":"","bldg_condi":"","bldg_name1":"","comments":"","shape_len":"82.0262975904","harris_str":""}},{"type":"Feature","geometry":{"type":"MultiPolygon","coordinates":[[[[-87.66303935068532,41.78633473965868],[-87.66304497258092,41.78667506433445],[-87.66295512829,41.78667591223312],[-87.66294893511474,41.78639047000735],[-87.66296543442891,41.78639056628773],[-87.66296417291416,41.78633567313901],[-87.66303935068532,41.78633473965868]]]]},"properties":{"no_stories":"0","suf_dir1":"","x_coord":"1167064.09674138","shape_area":"2978.25","year_built":"0","cdb_city_i":"","stories":"2","y_coord":"1865513.47649124","unit_name":"","qc_date":"2005-01-20T08:00:00.000Z","edit_date":null,"non_standa":"","label_hous":"1525","st_name1":"59TH","t_add1":"1525","z_coord":"0","qc_userid":"DS01228","qc_source":"ASSESS2002","orig_bldg_":"508865","footprint_":"AERIALS98","st_type1":"ST","bldg_statu":"ACTIVE","condition_":"2001-12-01T08:00:00.000Z","bldg_name2":"","bldg_activ":"1998-04-01T08:00:00.000Z","edit_useri":"","bldg_sq_fo":"0.0","edit_sourc":"","f_add1":"1525","vacancy_st":"","bldg_creat":"1998-04-01T08:00:00.000Z","no_of_unit":"1","bldg_end_d":null,"bldg_id":"508865","create_use":"","demolished":null,"pre_dir1":"W","bldg_condi":"NEEDS MINOR REPAIR","bldg_name1":"","comments":"","shape_len":"297.572689978","harris_str":"02017301001000"}},{"type":"Feature","geometry":{"type":"MultiPolygon","coordinates":[[[[-87.66352691484609,41.78599317508299],[-87.66352680059511,41.78600415157516],[-87.66355429929027,41.78600431190163],[-87.66355371377699,41.786060566423956],[-87.66348771685125,41.78606018162862],[-87.66348046955395,41.78605190650229],[-87.66342912433579,41.78605297924911],[-87.66341619161564,41.786062508847195],[-87.66332634818119,41.78606335704258],[-87.66332478636174,41.786037277183134],[-87.66331384402227,41.78603172478551],[-87.66331219649277,41.78601387729452],[-87.6633324764889,41.78600301841389],[-87.66341680581664,41.78600351020349],[-87.66342790527872,41.78599396991494],[-87.66352691484609,41.78599317508299]]]]},"properties":{"no_stories":"0","suf_dir1":"","x_coord":"1166946.31720236","shape_area":"1399.75","year_built":"1908","cdb_city_i":"","stories":"2","y_coord":"1865332.64624433","unit_name":"","qc_date":"2003-06-16T07:00:00.000Z","edit_date":null,"non_standa":"","label_hous":"5922","st_name1":"JUSTINE","t_add1":"5922","z_coord":"0","qc_userid":"DS06284","qc_source":"PARCELS","orig_bldg_":"510654","footprint_":"AERIALS98","st_type1":"ST","bldg_statu":"ACTIVE","condition_":"2001-12-01T08:00:00.000Z","bldg_name2":"","bldg_activ":"1998-04-01T08:00:00.000Z","edit_useri":"","bldg_sq_fo":"2516.0","edit_sourc":"","f_add1":"5922","vacancy_st":"","bldg_creat":"1998-04-01T08:00:00.000Z","no_of_unit":"2","bldg_end_d":null,"bldg_id":"510654","create_use":"","demolished":null,"pre_dir1":"S","bldg_condi":"NEEDS MINOR REPAIR","bldg_name1":"","comments":"","shape_len":"178.122365171","harris_str":"02017300025000"}},{"type":"Feature","geometry":{"type":"MultiPolygon","coordinates":[[[[-87.66279119386648,41.78586950654788],[-87.66287002328313,41.78586996663635],[-87.662879132314,41.78587550837697],[-87.66297630845723,41.7858747033193],[-87.66298540320518,41.78588161711296],[-87.6629852316908,41.7858980818497],[-87.66297596542375,41.78590763279271],[-87.66297572244136,41.78593095783626],[-87.66290424021894,41.78592916855292],[-87.66290441175423,41.78591270381655],[-87.66287691310185,41.78591254333481],[-87.66287671296914,41.78593175219381],[-87.66279055050076,41.785931249308085],[-87.66279119386648,41.78586950654788]]]]},"properties":{"no_stories":"0","suf_dir1":"","x_coord":"1167096.58836637","shape_area":"1042.75","year_built":"1913","cdb_city_i":"","stories":"2","y_coord":"1865287.18019494","unit_name":"","qc_date":"2003-06-16T07:00:00.000Z","edit_date":null,"non_standa":"","label_hous":"5929","st_name1":"JUSTINE","t_add1":"5929","z_coord":"0","qc_userid":"DS06284","qc_source":"PARCELS","orig_bldg_":"511050","footprint_":"AERIALS98","st_type1":"ST","bldg_statu":"ACTIVE","condition_":"2001-12-01T08:00:00.000Z","bldg_name2":"","bldg_activ":"1998-04-01T08:00:00.000Z","edit_useri":"","bldg_sq_fo":"2028.0","edit_sourc":"","f_add1":"5929","vacancy_st":"","bldg_creat":"1998-04-01T08:00:00.000Z","no_of_unit":"2","bldg_end_d":null,"bldg_id":"511050","create_use":"","demolished":null,"pre_dir1":"S","bldg_condi":"NEEDS MINOR REPAIR","bldg_name1":"","comments":"","shape_len":"159.549384423","harris_str":"02017301016000"}},{"type":"Feature","geometry":{"type":"MultiPolygon","coordinates":[[[[-87.66231735991717,41.78735551676828],[-87.66231711668371,41.787378841802784],[-87.66234828252963,41.78737902383861],[-87.66234977244268,41.78741196400688],[-87.66212422102402,41.787416134978685],[-87.6621227312264,41.78738319480836],[-87.66213557853384,41.78738189772624],[-87.66213390267819,41.78736679434628],[-87.66214865482395,41.78735864766979],[-87.66231735991717,41.78735551676828]]]]},"properties":{"no_stories":"0","suf_dir1":"","x_coord":"1167269.26511902","shape_area":"1172.25","year_built":"1913","cdb_city_i":"","stories":"2","y_coord":"1865829.68019494","unit_name":"","qc_date":"2003-06-16T07:00:00.000Z","edit_date":null,"non_standa":"","label_hous":"5840","st_name1":"LAFLIN","t_add1":"5840","z_coord":"0","qc_userid":"DS06284","qc_source":"PARCELS","orig_bldg_":"506389","footprint_":"AERIALS98","st_type1":"ST","bldg_statu":"ACTIVE","condition_":"2001-12-01T08:00:00.000Z","bldg_name2":"","bldg_activ":"1998-04-01T08:00:00.000Z","edit_useri":"","bldg_sq_fo":"1005.0","edit_sourc":"","f_add1":"5840","vacancy_st":"","bldg_creat":"1998-04-01T08:00:00.000Z","no_of_unit":"1","bldg_end_d":null,"bldg_id":"506389","create_use":"","demolished":null,"pre_dir1":"S","bldg_condi":"NEEDS MINOR REPAIR","bldg_name1":"","comments":"","shape_len":"162.636000469","harris_str":"02017125027000"}},{"type":"Feature","geometry":{"type":"MultiPolygon","coordinates":[[[[-87.66372260678868,41.78621523119583],[-87.66372199286349,41.78627422984105],[-87.66365232920823,41.78627382376745],[-87.66365109566607,41.78621618649789],[-87.66372260678868,41.78621523119583]]]]},"properties":{"no_stories":"0","suf_dir1":"","x_coord":"1166876.75808271","shape_area":"409.125","year_built":"0","cdb_city_i":"","stories":"0","y_coord":"1865410.61846655","unit_name":"","qc_date":null,"edit_date":null,"non_standa":"","label_hous":"0","st_name1":"","t_add1":"0","z_coord":"0","qc_userid":"","qc_source":"","orig_bldg_":"510009","footprint_":"AERIALS98","st_type1":"","bldg_statu":"ACTIVE","condition_":null,"bldg_name2":"","bldg_activ":"1998-04-01T08:00:00.000Z","edit_useri":"","bldg_sq_fo":"0.0","edit_sourc":"","f_add1":"0","vacancy_st":"","bldg_creat":"1998-04-01T08:00:00.000Z","no_of_unit":"0","bldg_end_d":null,"bldg_id":"510009","create_use":"","demolished":null,"pre_dir1":"","bldg_condi":"","bldg_name1":"","comments":"","shape_len":"81.0123607407","harris_str":""}},{"type":"Feature","geometry":{"type":"MultiPolygon","coordinates":[[[[-87.66333551397098,41.78711996187269],[-87.6633388805222,41.787148796541615],[-87.66330770049483,41.78714998683651],[-87.66330616723563,41.787121162859194],[-87.66333551397098,41.78711996187269]]]]},"properties":{"no_stories":"0","suf_dir1":"","x_coord":"1166973.71645279","shape_area":"87.0","year_built":"0","cdb_city_i":"","stories":"0","y_coord":"1865735.2203184","unit_name":"","qc_date":null,"edit_date":null,"non_standa":"","label_hous":"0","st_name1":"","t_add1":"0","z_coord":"0","qc_userid":"","qc_source":"","orig_bldg_":"507243","footprint_":"AERIALS98","st_type1":"","bldg_statu":"ACTIVE","condition_":null,"bldg_name2":"","bldg_activ":"1998-04-01T08:00:00.000Z","edit_useri":"","bldg_sq_fo":"0.0","edit_sourc":"","f_add1":"0","vacancy_st":"","bldg_creat":"1998-04-01T08:00:00.000Z","no_of_unit":"0","bldg_end_d":null,"bldg_id":"507243","create_use":"","demolished":null,"pre_dir1":"","bldg_condi":"","bldg_name1":"","comments":"","shape_len":"37.5897125296","harris_str":""}},{"type":"Feature","geometry":{"type":"MultiPolygon","coordinates":[[[[-87.66353616298186,41.78633763733526],[-87.663537439266,41.786391158419825],[-87.66348059400556,41.786392199121806],[-87.66347748451285,41.78633866734747],[-87.66353616298186,41.78633763733526]]]]},"properties":{"no_stories":"0","suf_dir1":"","x_coord":"1166925.2266278","shape_area":"307.5","year_built":"0","cdb_city_i":"","stories":"0","y_coord":"1865454.77587395","unit_name":"","qc_date":null,"edit_date":null,"non_standa":"","label_hous":"0","st_name1":"","t_add1":"0","z_coord":"0","qc_userid":"","qc_source":"","orig_bldg_":"509641","footprint_":"AERIALS98","st_type1":"","bldg_statu":"ACTIVE","condition_":null,"bldg_name2":"","bldg_activ":"1998-04-01T08:00:00.000Z","edit_useri":"","bldg_sq_fo":"0.0","edit_sourc":"","f_add1":"0","vacancy_st":"","bldg_creat":"1998-04-01T08:00:00.000Z","no_of_unit":"0","bldg_end_d":null,"bldg_id":"509641","create_use":"","demolished":null,"pre_dir1":"","bldg_condi":"","bldg_name1":"","comments":"","shape_len":"70.5479064058","harris_str":""}},{"type":"Feature","geometry":{"type":"MultiPolygon","coordinates":[[[[-87.66365949645909,41.7864659658063],[-87.6637346601012,41.786466403933474],[-87.66373811825018,41.78666264077623],[-87.66366294010001,41.78666357471105],[-87.66365949645909,41.7864659658063]]]]},"properties":{"no_stories":"0","suf_dir1":"","x_coord":"1166872.55036733","shape_area":"1471.25","year_built":"1910","cdb_city_i":"","stories":"2","y_coord":"1865530.4857505","unit_name":"","qc_date":null,"edit_date":null,"non_standa":"","label_hous":"1543","st_name1":"59TH","t_add1":"1543","z_coord":"0","qc_userid":"","qc_source":"","orig_bldg_":"508906","footprint_":"AERIALS98","st_type1":"ST","bldg_statu":"ACTIVE","condition_":"2001-12-01T08:00:00.000Z","bldg_name2":"","bldg_activ":"1998-04-01T08:00:00.000Z","edit_useri":"","bldg_sq_fo":"1300.0","edit_sourc":"","f_add1":"1543","vacancy_st":"","bldg_creat":"1998-04-01T08:00:00.000Z","no_of_unit":"1","bldg_end_d":null,"bldg_id":"508906","create_use":"","demolished":null,"pre_dir1":"W","bldg_condi":"NEEDS MINOR REPAIR","bldg_name1":"","comments":"","shape_len":"184.537452494","harris_str":"02017300017000"}},{"type":"Feature","geometry":{"type":"MultiPolygon","coordinates":[[[[-87.66283464308867,41.787154087533196],[-87.66283780926355,41.78720213106958],[-87.66277728242135,41.787204522079236],[-87.66277411629157,41.78715647854154],[-87.66283464308867,41.787154087533196]]]]},"properties":{"no_stories":"0","suf_dir1":"","x_coord":"1167114.33065032","shape_area":"289.75","year_built":"0","cdb_city_i":"","stories":"0","y_coord":"1865752.93328136","unit_name":"","qc_date":null,"edit_date":null,"non_standa":"","label_hous":"0","st_name1":"","t_add1":"0","z_coord":"0","qc_userid":"","qc_source":"","orig_bldg_":"507050","footprint_":"AERIALS98","st_type1":"","bldg_statu":"ACTIVE","condition_":null,"bldg_name2":"","bldg_activ":"1998-04-01T08:00:00.000Z","edit_useri":"","bldg_sq_fo":"0.0","edit_sourc":"","f_add1":"0","vacancy_st":"","bldg_creat":"1998-04-01T08:00:00.000Z","no_of_unit":"0","bldg_end_d":null,"bldg_id":"507050","create_use":"","demolished":null,"pre_dir1":"","bldg_condi":"","bldg_name1":"","comments":"","shape_len":"68.1176467955","harris_str":""}},{"type":"Feature","geometry":{"type":"MultiPolygon","coordinates":[[[[-87.66268373910108,41.7861529132651],[-87.66268507187213,41.78620094611068],[-87.66260622775195,41.78620185795357],[-87.66260669968787,41.78615657993334],[-87.66268373910108,41.7861529132651]]]]},"properties":{"no_stories":"0","suf_dir1":"","x_coord":"1167161.00146161","shape_area":"361.5","year_built":"0","cdb_city_i":"","stories":"0","y_coord":"1865388.15241716","unit_name":"","qc_date":null,"edit_date":null,"non_standa":"","label_hous":"0","st_name1":"","t_add1":"0","z_coord":"0","qc_userid":"","qc_source":"","orig_bldg_":"510195","footprint_":"AERIALS98","st_type1":"","bldg_statu":"ACTIVE","condition_":null,"bldg_name2":"","bldg_activ":"1998-04-01T08:00:00.000Z","edit_useri":"","bldg_sq_fo":"0.0","edit_sourc":"","f_add1":"0","vacancy_st":"","bldg_creat":"1998-04-01T08:00:00.000Z","no_of_unit":"0","bldg_end_d":null,"bldg_id":"510195","create_use":"","demolished":null,"pre_dir1":"","bldg_condi":"","bldg_name1":"","comments":"","shape_len":"76.566457839","harris_str":""}},{"type":"Feature","geometry":{"type":"MultiPolygon","coordinates":[[[[-87.66421519513412,41.786976897315235],[-87.66422152235461,41.7872499909325],[-87.66381078153579,41.78725583073429],[-87.66380445605857,41.78698273710742],[-87.66421519513412,41.786976897315235]]]]},"properties":{"no_stories":"0","suf_dir1":"","x_coord":"1166785.23693217","shape_area":"11151.5","year_built":"1953","cdb_city_i":"","stories":"1","y_coord":"1865732.61846655","unit_name":"","qc_date":null,"edit_date":"2008-02-21T08:00:00.000Z","non_standa":"","label_hous":"5847","st_name1":"ASHLAND","t_add1":"5853","z_coord":"0","qc_userid":"","qc_source":"","orig_bldg_":"506903","footprint_":"AERIALS98","st_type1":"AVE","bldg_statu":"ACTIVE","condition_":"2001-12-01T08:00:00.000Z","bldg_name2":"","bldg_activ":"1998-04-01T08:00:00.000Z","edit_useri":"DT00255","bldg_sq_fo":"10500.0","edit_sourc":"","f_add1":"5847","vacancy_st":"","bldg_creat":"1998-04-01T08:00:00.000Z","no_of_unit":"0","bldg_end_d":null,"bldg_id":"506903","create_use":"","demolished":null,"pre_dir1":"S","bldg_condi":"NEEDS MAJOR REPAIR","bldg_name1":"","comments":"","shape_len":"423.143146894","harris_str":"02017124013000"}},{"type":"Feature","geometry":{"type":"MultiPolygon","coordinates":[[[[-87.66299985855026,41.78607791816417],[-87.66300114867857,41.786130067192445],[-87.66277743502955,41.78613425017802],[-87.66277614508253,41.786082101148594],[-87.66299985855026,41.78607791816417]]]]},"properties":{"no_stories":"0","suf_dir1":"","x_coord":"1167094.86179299","shape_area":"1160.0","year_built":"1899","cdb_city_i":"","stories":"1","y_coord":"1865361.83760236","unit_name":"","qc_date":"2003-06-16T07:00:00.000Z","edit_date":null,"non_standa":"","label_hous":"5921","st_name1":"JUSTINE","t_add1":"5921","z_coord":"0","qc_userid":"DS06284","qc_source":"PARCELS","orig_bldg_":"510399","footprint_":"AERIALS98","st_type1":"ST","bldg_statu":"ACTIVE","condition_":"2001-12-01T08:00:00.000Z","bldg_name2":"","bldg_activ":"1998-04-01T08:00:00.000Z","edit_useri":"","bldg_sq_fo":"1543.0","edit_sourc":"","f_add1":"5921","vacancy_st":"","bldg_creat":"1998-04-01T08:00:00.000Z","no_of_unit":"1","bldg_end_d":null,"bldg_id":"510399","create_use":"","demolished":null,"pre_dir1":"S","bldg_condi":"NEEDS MINOR REPAIR","bldg_name1":"","comments":"","shape_len":"160.078711775","harris_str":"02017301013000"}},{"type":"Feature","geometry":{"type":"MultiPolygon","coordinates":[[[[-87.66354211072523,41.78647077004782],[-87.66355489170533,41.786651967658926],[-87.66352187865724,41.7866531473255],[-87.66352024533818,41.78663392777752],[-87.66347989924165,41.786635064676325],[-87.66346873749202,41.78647445866849],[-87.66354211072523,41.78647077004782]]]]},"properties":{"no_stories":"0","suf_dir1":"","x_coord":"1166923.4413546","shape_area":"1245.625","year_built":"1911","cdb_city_i":"","stories":"1","y_coord":"1865529.39624432","unit_name":"","qc_date":"2003-06-16T07:00:00.000Z","edit_date":"2008-08-20T07:00:00.000Z","non_standa":"","label_hous":"1535","st_name1":"59TH","t_add1":"1537","z_coord":"0","qc_userid":"DS06284","qc_source":"PARCELS","orig_bldg_":"508930","footprint_":"AERIALS98","st_type1":"ST","bldg_statu":"ACTIVE","condition_":"2001-12-01T08:00:00.000Z","bldg_name2":"","bldg_activ":"1998-04-01T08:00:00.000Z","edit_useri":"DT00255","bldg_sq_fo":"1000.0","edit_sourc":"","f_add1":"1535","vacancy_st":"","bldg_creat":"1998-04-01T08:00:00.000Z","no_of_unit":"1","bldg_end_d":null,"bldg_id":"508930","create_use":"","demolished":null,"pre_dir1":"W","bldg_condi":"NEEDS MINOR REPAIR","bldg_name1":"","comments":"","shape_len":"171.824949852","harris_str":"02017300019000"}},{"type":"Feature","geometry":{"type":"MultiPolygon","coordinates":[[[[-87.66291109792353,41.7857988548174],[-87.66292567808107,41.785807172772316],[-87.6629733709206,41.785804706792845],[-87.66298611784691,41.78581301404271],[-87.66298412738483,41.78582809602098],[-87.66297488971395,41.78583490284127],[-87.66297460385255,41.785862344069315],[-87.6628847749913,41.78586181986],[-87.6628683901757,41.785850747078065],[-87.66282437807841,41.785851862352],[-87.66281880687121,41.78585869055917],[-87.66275281016244,41.78585830534317],[-87.66275333918063,41.785807539073474],[-87.66281566935638,41.78580790288892],[-87.66282858781675,41.78579974541969],[-87.66291109792353,41.7857988548174]]]]},"properties":{"no_stories":"0","suf_dir1":"","x_coord":"1167102.35578261","shape_area":"1226.5","year_built":"1914","cdb_city_i":"","stories":"2","y_coord":"1865261.46105914","unit_name":"","qc_date":"2003-06-16T07:00:00.000Z","edit_date":null,"non_standa":"","label_hous":"5931","st_name1":"JUSTINE","t_add1":"5931","z_coord":"0","qc_userid":"DS06284","qc_source":"PARCELS","orig_bldg_":"511258","footprint_":"AERIALS98","st_type1":"ST","bldg_statu":"ACTIVE","condition_":"2001-12-01T08:00:00.000Z","bldg_name2":"","bldg_activ":"1998-04-01T08:00:00.000Z","edit_useri":"","bldg_sq_fo":"2552.0","edit_sourc":"","f_add1":"5931","vacancy_st":"","bldg_creat":"1998-04-01T08:00:00.000Z","no_of_unit":"2","bldg_end_d":null,"bldg_id":"511258","create_use":"","demolished":null,"pre_dir1":"S","bldg_condi":"NEEDS MINOR REPAIR","bldg_name1":"","comments":"","shape_len":"167.768403938","harris_str":"02017301017000"}},{"type":"Feature","geometry":{"type":"MultiPolygon","coordinates":[[[[-87.66299760702897,41.785942062694396],[-87.66299891144682,41.785992839662526],[-87.66283754293053,41.785996014390946],[-87.66283623864003,41.78594523742195],[-87.66299760702897,41.785942062694396]]]]},"properties":{"no_stories":"0","suf_dir1":"","x_coord":"1167087.36253935","shape_area":"814.75","year_built":"1894","cdb_city_i":"","stories":"2","y_coord":"1865311.77587396","unit_name":"","qc_date":"2003-06-16T07:00:00.000Z","edit_date":null,"non_standa":"","label_hous":"5925","st_name1":"JUSTINE","t_add1":"5925","z_coord":"0","qc_userid":"DS06284","qc_source":"PARCELS","orig_bldg_":"510849","footprint_":"AERIALS98","st_type1":"ST","bldg_statu":"ACTIVE","condition_":"2001-12-01T08:00:00.000Z","bldg_name2":"","bldg_activ":"1998-04-01T08:00:00.000Z","edit_useri":"","bldg_sq_fo":"1408.0","edit_sourc":"","f_add1":"5925","vacancy_st":"","bldg_creat":"1998-04-01T08:00:00.000Z","no_of_unit":"1","bldg_end_d":null,"bldg_id":"510849","create_use":"","demolished":null,"pre_dir1":"S","bldg_condi":"SOUND","bldg_name1":"","comments":"","shape_len":"125.064632561","harris_str":"02017301015000"}},{"type":"Feature","geometry":{"type":"MultiPolygon","coordinates":[[[[-87.66291670483658,41.78614055158708],[-87.66293310402783,41.78615025230085],[-87.66298078282846,41.78614915838164],[-87.66298987761529,41.786156072174904],[-87.66298970610039,41.786172536910875],[-87.66297680187795,41.78617932233599],[-87.66297839214532,41.78620265807589],[-87.66289404826922,41.78620353802388],[-87.66288131557346,41.786193858702596],[-87.66283546999006,41.78619496328],[-87.66283536991654,41.78620456770894],[-87.66276202554805,41.7862055117578],[-87.66275891666037,41.78615197996674],[-87.66282126146629,41.7861509717203],[-87.66283051349535,41.786142792851905],[-87.66291670483658,41.78614055158708]]]]},"properties":{"no_stories":"0","suf_dir1":"","x_coord":"1167099.80264869","shape_area":"1218.25","year_built":"1914","cdb_city_i":"","stories":"2","y_coord":"1865386.52278754","unit_name":"","qc_date":"2003-06-16T07:00:00.000Z","edit_date":null,"non_standa":"","label_hous":"5919","st_name1":"JUSTINE","t_add1":"5919","z_coord":"0","qc_userid":"DS06284","qc_source":"PARCELS","orig_bldg_":"510187","footprint_":"AERIALS98","st_type1":"ST","bldg_statu":"ACTIVE","condition_":"2001-12-01T08:00:00.000Z","bldg_name2":"","bldg_activ":"1998-04-01T08:00:00.000Z","edit_useri":"","bldg_sq_fo":"2558.0","edit_sourc":"","f_add1":"5919","vacancy_st":"","bldg_creat":"1998-04-01T08:00:00.000Z","no_of_unit":"3","bldg_end_d":null,"bldg_id":"510187","create_use":"","demolished":null,"pre_dir1":"S","bldg_condi":"NEEDS MINOR REPAIR","bldg_name1":"","comments":"","shape_len":"168.992672667","harris_str":"02017301012000"}},{"type":"Feature","geometry":{"type":"MultiPolygon","coordinates":[[[[-87.66229203552119,41.78714680288877],[-87.66229544453029,41.78717152140203],[-87.66231195835039,41.787170245716815],[-87.66231532444486,41.78719908041214],[-87.66212452021935,41.78721168720644],[-87.66211775957925,41.78715676192746],[-87.66229203552119,41.78714680288877]]]]},"properties":{"no_stories":"0","suf_dir1":"","x_coord":"1167274.93461857","shape_area":"993.375","year_built":"1894","cdb_city_i":"","stories":"1","y_coord":"1865754.52278754","unit_name":"","qc_date":"2003-06-16T07:00:00.000Z","edit_date":null,"non_standa":"","label_hous":"5848","st_name1":"LAFLIN","t_add1":"5848","z_coord":"0","qc_userid":"DS06284","qc_source":"PARCELS","orig_bldg_":"507011","footprint_":"AERIALS98","st_type1":"ST","bldg_statu":"ACTIVE","condition_":"2001-12-01T08:00:00.000Z","bldg_name2":"","bldg_activ":"1998-04-01T08:00:00.000Z","edit_useri":"","bldg_sq_fo":"1380.0","edit_sourc":"","f_add1":"5848","vacancy_st":"","bldg_creat":"1998-04-01T08:00:00.000Z","no_of_unit":"1","bldg_end_d":null,"bldg_id":"507011","create_use":"","demolished":null,"pre_dir1":"S","bldg_condi":"NEEDS MINOR REPAIR","bldg_name1":"","comments":"","shape_len":"144.138295572","harris_str":"02017125030000"}},{"type":"Feature","geometry":{"type":"MultiPolygon","coordinates":[[[[-87.66267998410575,41.786865034412266],[-87.66268107378403,41.786936392290094],[-87.66270123978245,41.78693651001405],[-87.66270082509807,41.78697629978477],[-87.66271915783534,41.786976406803625],[-87.66272030475372,41.78704227643586],[-87.66268180596616,41.787042051692985],[-87.66268259534822,41.78714222284991],[-87.6626000835176,41.78714311327521],[-87.66259563936008,41.786865914134665],[-87.66267998410575,41.786865034412266]]]]},"properties":{"no_stories":"0","suf_dir1":"","x_coord":"1167154.91431158","shape_area":"2632.0","year_built":"1879","cdb_city_i":"","stories":"1","y_coord":"1865694.55673815","unit_name":"","qc_date":"2005-01-20T08:00:00.000Z","edit_date":null,"non_standa":"","label_hous":"1514","st_name1":"59TH","t_add1":"1514","z_coord":"0","qc_userid":"DS01228","qc_source":"ASSESS2002","orig_bldg_":"507255","footprint_":"AERIALS98","st_type1":"ST","bldg_statu":"ACTIVE","condition_":"2001-12-01T08:00:00.000Z","bldg_name2":"","bldg_activ":"1998-04-01T08:00:00.000Z","edit_useri":"","bldg_sq_fo":"1200.0","edit_sourc":"","f_add1":"1514","vacancy_st":"","bldg_creat":"1998-04-01T08:00:00.000Z","no_of_unit":"0","bldg_end_d":null,"bldg_id":"507255","create_use":"","demolished":null,"pre_dir1":"W","bldg_condi":"NEEDS MINOR REPAIR","bldg_name1":"","comments":"","shape_len":"268.544228563","harris_str":"02017125015000"}},{"type":"Feature","geometry":{"type":"MultiPolygon","coordinates":[[[[-87.66252993509224,41.787364991091586],[-87.66253135358158,41.78740479156278],[-87.6624928402745,41.787405938815894],[-87.66249142180898,41.78736613834442],[-87.66252993509224,41.787364991091586]]]]},"properties":{"no_stories":"0","suf_dir1":"","x_coord":"1167194.11397757","shape_area":"152.5","year_built":"0","cdb_city_i":"","stories":"0","y_coord":"1865828.46723198","unit_name":"","qc_date":null,"edit_date":null,"non_standa":"","label_hous":"0","st_name1":"","t_add1":"0","z_coord":"0","qc_userid":"","qc_source":"","orig_bldg_":"506430","footprint_":"AERIALS98","st_type1":"","bldg_statu":"ACTIVE","condition_":null,"bldg_name2":"","bldg_activ":"1998-04-01T08:00:00.000Z","edit_useri":"","bldg_sq_fo":"0.0","edit_sourc":"","f_add1":"0","vacancy_st":"","bldg_creat":"1998-04-01T08:00:00.000Z","no_of_unit":"0","bldg_end_d":null,"bldg_id":"506430","create_use":"","demolished":null,"pre_dir1":"","bldg_condi":"","bldg_name1":"","comments":"","shape_len":"50.0410322987","harris_str":""}},{"type":"Feature","geometry":{"type":"MultiPolygon","coordinates":[[[[-87.6625050842423,41.78623145456938],[-87.66250454071711,41.7862835928939],[-87.66242751544367,41.786285887379535],[-87.66242807333622,41.7862323769947],[-87.6625050842423,41.78623145456938]]]]},"properties":{"no_stories":"0","suf_dir1":"","x_coord":"1167209.64590605","shape_area":"404.25","year_built":"0","cdb_city_i":"","stories":"0","y_coord":"1865418.27587395","unit_name":"","qc_date":null,"edit_date":null,"non_standa":"","label_hous":"0","st_name1":"","t_add1":"0","z_coord":"0","qc_userid":"","qc_source":"","orig_bldg_":"509950","footprint_":"AERIALS98","st_type1":"","bldg_statu":"ACTIVE","condition_":null,"bldg_name2":"","bldg_activ":"1998-04-01T08:00:00.000Z","edit_useri":"","bldg_sq_fo":"0.0","edit_sourc":"","f_add1":"0","vacancy_st":"","bldg_creat":"1998-04-01T08:00:00.000Z","no_of_unit":"0","bldg_end_d":null,"bldg_id":"509950","create_use":"","demolished":null,"pre_dir1":"","bldg_condi":"","bldg_name1":"","comments":"","shape_len":"80.5297475792","harris_str":""}},{"type":"Feature","geometry":{"type":"MultiPolygon","coordinates":[[[[-87.66353743401767,41.78621552386559],[-87.66354044358711,41.78627866006998],[-87.66333871420758,41.78628434446618],[-87.66332417674616,41.786271910378986],[-87.66332252920851,41.78625406288883],[-87.66333362872815,41.78624452261023],[-87.6633338858691,41.78621982550484],[-87.66353743401767,41.78621552386559]]]]},"properties":{"no_stories":"0","suf_dir1":"","x_coord":"1166946.50911631","shape_area":"1330.375","year_built":"1914","cdb_city_i":"","stories":"2","y_coord":"1865413.36538013","unit_name":"","qc_date":"2003-06-16T07:00:00.000Z","edit_date":null,"non_standa":"","label_hous":"5914","st_name1":"JUSTINE","t_add1":"5914","z_coord":"0","qc_userid":"DS06284","qc_source":"PARCELS","orig_bldg_":"509971","footprint_":"AERIALS98","st_type1":"ST","bldg_statu":"ACTIVE","condition_":"2001-12-01T08:00:00.000Z","bldg_name2":"","bldg_activ":"1998-04-01T08:00:00.000Z","edit_useri":"","bldg_sq_fo":"2460.0","edit_sourc":"","f_add1":"5914","vacancy_st":"","bldg_creat":"1998-04-01T08:00:00.000Z","no_of_unit":"2","bldg_end_d":null,"bldg_id":"509971","create_use":"","demolished":null,"pre_dir1":"S","bldg_condi":"SOUND","bldg_name1":"","comments":"","shape_len":"159.764313998","harris_str":"02017300022000"}},{"type":"Feature","geometry":{"type":"MultiPolygon","coordinates":[[[[-87.66228109654418,41.786086071214065],[-87.66228268655728,41.786109406962105],[-87.66231386609549,41.78610821694165],[-87.66231538458456,41.78613841299497],[-87.66209897525464,41.7861453816128],[-87.66209586692102,41.78609184980729],[-87.66228109654418,41.786086071214065]]]]},"properties":{"no_stories":"0","suf_dir1":"","x_coord":"1167281.04409017","shape_area":"1079.625","year_built":"1919","cdb_city_i":"","stories":"2","y_coord":"1865366.89933075","unit_name":"","qc_date":"2003-06-16T07:00:00.000Z","edit_date":null,"non_standa":"","label_hous":"5920","st_name1":"LAFLIN","t_add1":"5920","z_coord":"0","qc_userid":"DS06284","qc_source":"PARCELS","orig_bldg_":"510341","footprint_":"AERIALS98","st_type1":"ST","bldg_statu":"ACTIVE","condition_":"2001-12-01T08:00:00.000Z","bldg_name2":"","bldg_activ":"1998-04-01T08:00:00.000Z","edit_useri":"","bldg_sq_fo":"1411.0","edit_sourc":"","f_add1":"5920","vacancy_st":"","bldg_creat":"1998-04-01T08:00:00.000Z","no_of_unit":"1","bldg_end_d":null,"bldg_id":"510341","create_use":"","demolished":null,"pre_dir1":"S","bldg_condi":"NEEDS MINOR REPAIR","bldg_name1":"","comments":"","shape_len":"157.2044336","harris_str":"02017301031000"}},{"type":"Feature","geometry":{"type":"MultiPolygon","coordinates":[[[[-87.66354811406644,41.786070138789704],[-87.66354934751527,41.78612777606114],[-87.66343017199247,41.786128453320266],[-87.66343038624487,41.78610787239829],[-87.66340653972061,41.786109105484535],[-87.6634063397446,41.78612831434496],[-87.6633311622168,41.78612924806728],[-87.66332957182291,41.786105912331045],[-87.66331865804315,41.78609761581098],[-87.66331878661586,41.78608526725802],[-87.66333542870801,41.78607164287023],[-87.66354811406644,41.786070138789704]]]]},"properties":{"no_stories":"0","suf_dir1":"","x_coord":"1166945.31977436","shape_area":"1224.0","year_built":"1908","cdb_city_i":"","stories":"2","y_coord":"1865358.39933075","unit_name":"","qc_date":"2003-06-16T07:00:00.000Z","edit_date":null,"non_standa":"","label_hous":"5920","st_name1":"JUSTINE","t_add1":"5920","z_coord":"0","qc_userid":"DS06284","qc_source":"PARCELS","orig_bldg_":"510432","footprint_":"AERIALS98","st_type1":"ST","bldg_statu":"ACTIVE","condition_":"2001-12-01T08:00:00.000Z","bldg_name2":"","bldg_activ":"1998-04-01T08:00:00.000Z","edit_useri":"","bldg_sq_fo":"2202.0","edit_sourc":"","f_add1":"5920","vacancy_st":"","bldg_creat":"1998-04-01T08:00:00.000Z","no_of_unit":"3","bldg_end_d":null,"bldg_id":"510432","create_use":"","demolished":null,"pre_dir1":"S","bldg_condi":"SOUND","bldg_name1":"","comments":"","shape_len":"177.027862466","harris_str":"02017300024000"}},{"type":"Feature","geometry":{"type":"MultiPolygon","coordinates":[[[[-87.66388785990286,41.78661411625919],[-87.66388162842513,41.78657867861404],[-87.66380131723798,41.78657958272736],[-87.66379615864236,41.786335310908164],[-87.66390912431679,41.786332401652935],[-87.66391208983364,41.78643505535757],[-87.66415446947916,41.78643427204198],[-87.66416108471456,41.786609121808276],[-87.66388785990286,41.78661411625919]]]]},"properties":{"no_stories":"0","suf_dir1":"","x_coord":"1166796.64311212","shape_area":"7159.55","year_built":"2006","cdb_city_i":"","stories":"0","y_coord":"1865510.43851212","unit_name":"","qc_date":"2007-07-18T07:00:00.000Z","edit_date":"2007-07-18T07:00:00.000Z","non_standa":"","label_hous":"5901","st_name1":"ASHLAND","t_add1":"5911","z_coord":"0","qc_userid":"DS06182","qc_source":"","orig_bldg_":"853888","footprint_":"AERIALS","st_type1":"AVE","bldg_statu":"ACTIVE","condition_":"2007-07-18T07:00:00.000Z","bldg_name2":"","bldg_activ":"2007-07-18T07:00:00.000Z","edit_useri":"DS06182","bldg_sq_fo":"0.0","edit_sourc":"PARCELS","f_add1":"5901","vacancy_st":"","bldg_creat":"2007-07-18T07:00:00.000Z","no_of_unit":"0","bldg_end_d":null,"bldg_id":"853888","create_use":"DS06182","demolished":null,"pre_dir1":"S","bldg_condi":"SOUND","bldg_name1":"","comments":"","shape_len":"396.584048595","harris_str":""}},{"type":"Feature","geometry":{"type":"MultiPolygon","coordinates":[[[[-87.66268771724837,41.78594711477633],[-87.66269082606914,41.78600064657073],[-87.66259181648938,41.78600144068191],[-87.66259051239275,41.78595066371159],[-87.66268771724837,41.78594711477633]]]]},"properties":{"no_stories":"0","suf_dir1":"","x_coord":"1167162.976292","shape_area":"509.0","year_built":"0","cdb_city_i":"","stories":"0","y_coord":"1865314.27587395","unit_name":"","qc_date":null,"edit_date":null,"non_standa":"","label_hous":"0","st_name1":"","t_add1":"0","z_coord":"0","qc_userid":"","qc_source":"","orig_bldg_":"510827","footprint_":"AERIALS98","st_type1":"","bldg_statu":"ACTIVE","condition_":null,"bldg_name2":"","bldg_activ":"1998-04-01T08:00:00.000Z","edit_useri":"","bldg_sq_fo":"0.0","edit_sourc":"","f_add1":"0","vacancy_st":"","bldg_creat":"1998-04-01T08:00:00.000Z","no_of_unit":"0","bldg_end_d":null,"bldg_id":"510827","create_use":"","demolished":null,"pre_dir1":"","bldg_condi":"","bldg_name1":"","comments":"","shape_len":"91.5794278258","harris_str":""}},{"type":"Feature","geometry":{"type":"MultiPolygon","coordinates":[[[[-87.66298222642568,41.78601058018547],[-87.6629834879531,41.78606547333715],[-87.66281661951042,41.786068615942675],[-87.66281534382881,41.78601509485155],[-87.66298222642568,41.78601058018547]]]]},"properties":{"no_stories":"0","suf_dir1":"","x_coord":"1167092.11574718","shape_area":"899.5","year_built":"1887","cdb_city_i":"","stories":"2","y_coord":"1865337.61846655","unit_name":"","qc_date":"2003-06-16T07:00:00.000Z","edit_date":null,"non_standa":"","label_hous":"5923","st_name1":"JUSTINE","t_add1":"5923","z_coord":"0","qc_userid":"DS06284","qc_source":"PARCELS","orig_bldg_":"510631","footprint_":"AERIALS98","st_type1":"ST","bldg_statu":"ACTIVE","condition_":"2001-12-01T08:00:00.000Z","bldg_name2":"","bldg_activ":"1998-04-01T08:00:00.000Z","edit_useri":"","bldg_sq_fo":"1700.0","edit_sourc":"","f_add1":"5923","vacancy_st":"","bldg_creat":"1998-04-01T08:00:00.000Z","no_of_unit":"2","bldg_end_d":null,"bldg_id":"510631","create_use":"","demolished":null,"pre_dir1":"S","bldg_condi":"NEEDS MINOR REPAIR","bldg_name1":"","comments":"","shape_len":"130.581311619","harris_str":"02017301014000"}},{"type":"Feature","geometry":{"type":"MultiPolygon","coordinates":[[[[-87.66352908179704,41.786137262918324],[-87.66352861051044,41.78618254094725],[-87.6634864314457,41.78618366716183],[-87.66348627434003,41.78619875983793],[-87.66339459746366,41.786199597395935],[-87.66338551691132,41.78619131157297],[-87.66333417158089,41.786192384276504],[-87.66332322921437,41.786186831879725],[-87.66331979128553,41.786164857513064],[-87.66333087650438,41.7861566892959],[-87.66332921468175,41.78614021386693],[-87.66352908179704,41.786137262918324]]]]},"properties":{"no_stories":"0","suf_dir1":"","x_coord":"1166948.49467148","shape_area":"1106.0","year_built":"1926","cdb_city_i":"","stories":"2","y_coord":"1865383.46105915","unit_name":"","qc_date":"2003-06-16T07:00:00.000Z","edit_date":null,"non_standa":"","label_hous":"5918","st_name1":"JUSTINE","t_add1":"5918","z_coord":"0","qc_userid":"DS06284","qc_source":"PARCELS","orig_bldg_":"510214","footprint_":"AERIALS98","st_type1":"ST","bldg_statu":"ACTIVE","condition_":"2001-12-01T08:00:00.000Z","bldg_name2":"","bldg_activ":"1998-04-01T08:00:00.000Z","edit_useri":"","bldg_sq_fo":"1790.0","edit_sourc":"","f_add1":"5918","vacancy_st":"","bldg_creat":"1998-04-01T08:00:00.000Z","no_of_unit":"2","bldg_end_d":null,"bldg_id":"510214","create_use":"","demolished":null,"pre_dir1":"S","bldg_condi":"SOUND","bldg_name1":"","comments":"","shape_len":"152.881799792","harris_str":"02017300023000"}},{"type":"Feature","geometry":{"type":"MultiPolygon","coordinates":[[[[-87.66230777593782,41.78581317024591],[-87.6623108558229,41.78586944617189],[-87.66209628063969,41.785876425499595],[-87.6620932009421,41.785820149569325],[-87.66230777593782,41.78581317024591]]]]},"properties":{"no_stories":"0","suf_dir1":"","x_coord":"1167282.82514424","shape_area":"1202.25","year_built":"1927","cdb_city_i":"","stories":"1","y_coord":"1865268.24192333","unit_name":"","qc_date":"2003-06-16T07:00:00.000Z","edit_date":null,"non_standa":"","label_hous":"5930","st_name1":"LAFLIN","t_add1":"5930","z_coord":"0","qc_userid":"DS06284","qc_source":"PARCELS","orig_bldg_":"511205","footprint_":"AERIALS98","st_type1":"ST","bldg_statu":"ACTIVE","condition_":"2001-12-01T08:00:00.000Z","bldg_name2":"","bldg_activ":"1998-04-01T08:00:00.000Z","edit_useri":"","bldg_sq_fo":"1050.0","edit_sourc":"","f_add1":"5930","vacancy_st":"","bldg_creat":"1998-04-01T08:00:00.000Z","no_of_unit":"1","bldg_end_d":null,"bldg_id":"511205","create_use":"","demolished":null,"pre_dir1":"S","bldg_condi":"NEEDS MINOR REPAIR","bldg_name1":"","comments":"","shape_len":"158.202496642","harris_str":"02017301035000"}},{"type":"Feature","geometry":{"type":"MultiPolygon","coordinates":[[[[-87.66419946589896,41.78725535104218],[-87.66420011496507,41.78736924281611],[-87.66421661453441,41.78736933891862],[-87.66421936799773,41.78745717220249],[-87.6641973685419,41.78745704406559],[-87.66420097079423,41.78763956025824],[-87.66374807602159,41.78764378214891],[-87.66374446077656,41.78746263801281],[-87.6638214588721,41.787463086777116],[-87.6638187345036,41.78737250936524],[-87.66330898118575,41.78737914243437],[-87.66330650041498,41.78726523997474],[-87.66419946589896,41.78725535104218]]]]},"properties":{"no_stories":"0","suf_dir1":"","x_coord":"1166795.78177682","shape_area":"21734.75","year_built":"1954","cdb_city_i":"","stories":"2","y_coord":"1865856.58760234","unit_name":"","qc_date":null,"edit_date":null,"non_standa":"","label_hous":"5837","st_name1":"ASHLAND","t_add1":"5837","z_coord":"0","qc_userid":"","qc_source":"","orig_bldg_":"505721","footprint_":"AERIALS98","st_type1":"AVE","bldg_statu":"ACTIVE","condition_":"2001-12-01T08:00:00.000Z","bldg_name2":"","bldg_activ":"1998-04-01T08:00:00.000Z","edit_useri":"","bldg_sq_fo":"23300.0","edit_sourc":"","f_add1":"5837","vacancy_st":"","bldg_creat":"1998-04-01T08:00:00.000Z","no_of_unit":"0","bldg_end_d":null,"bldg_id":"505721","create_use":"","demolished":null,"pre_dir1":"S","bldg_condi":"NEEDS MINOR REPAIR","bldg_name1":"","comments":"","shape_len":"818.211251892","harris_str":"02017124009000"}},{"type":"Feature","geometry":{"type":"MultiPolygon","coordinates":[[[[-87.66247841979217,41.78650298350732],[-87.6624859983667,41.78665533581531],[-87.66246581815297,41.78665659011528],[-87.66246414223639,41.78664148673782],[-87.66241828202367,41.786643963207304],[-87.66241240812184,41.78650397015207],[-87.66247841979217,41.78650298350732]]]]},"properties":{"no_stories":"0","suf_dir1":"","x_coord":"1167213.33042391","shape_area":"948.875","year_built":"1894","cdb_city_i":"","stories":"2","y_coord":"1865537.49809618","unit_name":"","qc_date":"2003-06-16T07:00:00.000Z","edit_date":null,"non_standa":"","label_hous":"1509","st_name1":"59TH","t_add1":"1509","z_coord":"0","qc_userid":"DS06284","qc_source":"PARCELS","orig_bldg_":"508908","footprint_":"AERIALS98","st_type1":"ST","bldg_statu":"ACTIVE","condition_":"2001-12-01T08:00:00.000Z","bldg_name2":"","bldg_activ":"1998-04-01T08:00:00.000Z","edit_useri":"","bldg_sq_fo":"740.0","edit_sourc":"","f_add1":"1509","vacancy_st":"","bldg_creat":"1998-04-01T08:00:00.000Z","no_of_unit":"1","bldg_end_d":null,"bldg_id":"508908","create_use":"","demolished":null,"pre_dir1":"W","bldg_condi":"NEEDS MINOR REPAIR","bldg_name1":"","comments":"","shape_len":"148.18771872","harris_str":"02017301007000"}},{"type":"Feature","geometry":{"type":"MultiPolygon","coordinates":[[[[-87.66366233168162,41.7868982078922],[-87.6636643704291,41.787054644256564],[-87.66357452560996,41.78705549263577],[-87.66357065380909,41.78689904558332],[-87.66366233168162,41.7868982078922]]]]},"properties":{"no_stories":"0","suf_dir1":"","x_coord":"1166893.4441652","shape_area":"1411.375","year_built":"1894","cdb_city_i":"","stories":"2","y_coord":"1865679.84068877","unit_name":"","qc_date":"2003-06-16T07:00:00.000Z","edit_date":null,"non_standa":"","label_hous":"1540","st_name1":"59TH","t_add1":"1540","z_coord":"0","qc_userid":"DS06284","qc_source":"PARCELS","orig_bldg_":"507589","footprint_":"AERIALS98","st_type1":"ST","bldg_statu":"ACTIVE","condition_":"2001-12-01T08:00:00.000Z","bldg_name2":"","bldg_activ":"1998-04-01T08:00:00.000Z","edit_useri":"","bldg_sq_fo":"2112.0","edit_sourc":"","f_add1":"1540","vacancy_st":"","bldg_creat":"1998-04-01T08:00:00.000Z","no_of_unit":"2","bldg_end_d":null,"bldg_id":"507589","create_use":"","demolished":null,"pre_dir1":"W","bldg_condi":"NEEDS MINOR REPAIR","bldg_name1":"","comments":"","shape_len":"163.538605691","harris_str":"02017124031000"}},{"type":"Feature","geometry":{"type":"MultiPolygon","coordinates":[[[[-87.66278578633496,41.78621251117329],[-87.66278558617292,41.78623172003092],[-87.66297812057492,41.78622872724087],[-87.66297787759056,41.78625205228311],[-87.66299245785876,41.786260370229726],[-87.662992272051,41.786278207026704],[-87.66298300572952,41.786287757969255],[-87.66277580511722,41.786290665161545],[-87.66277420062403,41.78626870148097],[-87.66262201197775,41.786270557343315],[-87.66261891750499,41.786215653488675],[-87.66278578633496,41.78621251117329]]]]},"properties":{"no_stories":"0","suf_dir1":"","x_coord":"1167117.44366841","shape_area":"2102.0","year_built":"1924","cdb_city_i":"","stories":"2","y_coord":"1865415.55056531","unit_name":"","qc_date":"2003-06-16T07:00:00.000Z","edit_date":null,"non_standa":"","label_hous":"5917","st_name1":"JUSTINE","t_add1":"5917","z_coord":"0","qc_userid":"DS06284","qc_source":"PARCELS","orig_bldg_":"509940","footprint_":"AERIALS98","st_type1":"ST","bldg_statu":"ACTIVE","condition_":"2001-12-01T08:00:00.000Z","bldg_name2":"","bldg_activ":"1998-04-01T08:00:00.000Z","edit_useri":"","bldg_sq_fo":"4418.0","edit_sourc":"","f_add1":"5917","vacancy_st":"O","bldg_creat":"1998-04-01T08:00:00.000Z","no_of_unit":"6","bldg_end_d":null,"bldg_id":"509940","create_use":"","demolished":null,"pre_dir1":"S","bldg_condi":"UNINHABITABLE","bldg_name1":"","comments":"","shape_len":"255.419854001","harris_str":"02017301011000"}},{"type":"Feature","geometry":{"type":"MultiPolygon","coordinates":[[[[-87.66377961136475,41.785846456499115],[-87.66418779662247,41.78583868090583],[-87.6641895870268,41.78591333601354],[-87.6641859205388,41.78591331465738],[-87.66418042080682,41.7859132826229],[-87.66378070226011,41.78591781438793],[-87.66377961136475,41.785846456499115]]]]},"properties":{"no_stories":"0","suf_dir1":"","x_coord":"1166796.64311212","shape_area":"2961.975","year_built":"0","cdb_city_i":"","stories":"0","y_coord":"1865275.53851212","unit_name":"","qc_date":"2007-11-07T08:00:00.000Z","edit_date":"2008-05-13T07:00:00.000Z","non_standa":"","label_hous":"5921","st_name1":"ASHLAND","t_add1":"5929","z_coord":"0","qc_userid":"DS06183","qc_source":"","orig_bldg_":"511118","footprint_":"AERIALS","st_type1":"AVE","bldg_statu":"ACTIVE","condition_":null,"bldg_name2":"","bldg_activ":"2007-11-07T08:00:00.000Z","edit_useri":"DT00255","bldg_sq_fo":"0.0","edit_sourc":"","f_add1":"5921","vacancy_st":"","bldg_creat":"2007-11-07T08:00:00.000Z","no_of_unit":"0","bldg_end_d":null,"bldg_id":"868118","create_use":"DS06183","demolished":null,"pre_dir1":"S","bldg_condi":"","bldg_name1":"","comments":"","shape_len":"276.103962532","harris_str":""}},{"type":"Feature","geometry":{"type":"MultiPolygon","coordinates":[[[[-87.66419886723907,41.78625505411983],[-87.66420002993635,41.78631955169489],[-87.6640735067643,41.786321558968325],[-87.66407357811367,41.786314698660334],[-87.66404607928295,41.786314538457205],[-87.66404599366017,41.78632277082674],[-87.66400566203701,41.786322535850175],[-87.66400579047892,41.78631018729596],[-87.6639782773786,41.7863113991382],[-87.66397701500036,41.78625650599353],[-87.66419886723907,41.78625505411983]]]]},"properties":{"no_stories":"0","suf_dir1":"","x_coord":"1166767.08347008","shape_area":"1393.0","year_built":"1911","cdb_city_i":"","stories":"2","y_coord":"1865426.08451593","unit_name":"","qc_date":"2003-06-16T07:00:00.000Z","edit_date":null,"non_standa":"","label_hous":"5913","st_name1":"ASHLAND","t_add1":"5913","z_coord":"0","qc_userid":"DS06284","qc_source":"PARCELS","orig_bldg_":"509854","footprint_":"AERIALS98","st_type1":"AVE","bldg_statu":"ACTIVE","condition_":"2001-12-01T08:00:00.000Z","bldg_name2":"","bldg_activ":"1998-04-01T08:00:00.000Z","edit_useri":"","bldg_sq_fo":"1300.0","edit_sourc":"","f_add1":"5913","vacancy_st":"","bldg_creat":"1998-04-01T08:00:00.000Z","no_of_unit":"1","bldg_end_d":null,"bldg_id":"509854","create_use":"","demolished":null,"pre_dir1":"S","bldg_condi":"NEEDS MINOR REPAIR","bldg_name1":"","comments":"","shape_len":"174.550969369","harris_str":"02017300003000"}},{"type":"Feature","geometry":{"type":"MultiPolygon","coordinates":[[[[-87.66264196567563,41.7873464351791],[-87.66267496479219,41.78734662782923],[-87.66272437767267,41.78735514915247],[-87.66272400589409,41.78739082273759],[-87.66264332703038,41.78739172389331],[-87.66264196567563,41.7873464351791]]]]},"properties":{"no_stories":"0","suf_dir1":"","x_coord":"1167147.25547395","shape_area":"341.375","year_built":"0","cdb_city_i":"","stories":"0","y_coord":"1865822.30982457","unit_name":"","qc_date":null,"edit_date":null,"non_standa":"","label_hous":"0","st_name1":"","t_add1":"0","z_coord":"0","qc_userid":"","qc_source":"","orig_bldg_":"506483","footprint_":"AERIALS98","st_type1":"","bldg_statu":"ACTIVE","condition_":null,"bldg_name2":"","bldg_activ":"1998-04-01T08:00:00.000Z","edit_useri":"","bldg_sq_fo":"0.0","edit_sourc":"","f_add1":"0","vacancy_st":"","bldg_creat":"1998-04-01T08:00:00.000Z","no_of_unit":"0","bldg_end_d":null,"bldg_id":"506483","create_use":"","demolished":null,"pre_dir1":"","bldg_condi":"","bldg_name1":"","comments":"","shape_len":"74.3425717898","harris_str":""}},{"type":"Feature","geometry":{"type":"MultiPolygon","coordinates":[[[[-87.66228872814906,41.78588166622429],[-87.66228996046827,41.785939303502836],[-87.66209557935963,41.78594365649547],[-87.66209252828399,41.78588463644352],[-87.66228872814906,41.78588166622429]]]]},"properties":{"no_stories":"0","suf_dir1":"","x_coord":"1167285.47652382","shape_area":"1132.875","year_built":"1925","cdb_city_i":"","stories":"1","y_coord":"1865292.96105914","unit_name":"","qc_date":"2003-06-16T07:00:00.000Z","edit_date":null,"non_standa":"","label_hous":"5928","st_name1":"LAFLIN","t_add1":"5928","z_coord":"0","qc_userid":"DS06284","qc_source":"PARCELS","orig_bldg_":"510996","footprint_":"AERIALS98","st_type1":"ST","bldg_statu":"ACTIVE","condition_":"2001-12-01T08:00:00.000Z","bldg_name2":"","bldg_activ":"1998-04-01T08:00:00.000Z","edit_useri":"","bldg_sq_fo":"945.0","edit_sourc":"","f_add1":"5928","vacancy_st":"","bldg_creat":"1998-04-01T08:00:00.000Z","no_of_unit":"1","bldg_end_d":null,"bldg_id":"510996","create_use":"","demolished":null,"pre_dir1":"S","bldg_condi":"NEEDS MAJOR REPAIR","bldg_name1":"","comments":"","shape_len":"149.087941119","harris_str":"02017301034000"}},{"type":"Feature","geometry":{"type":"MultiPolygon","coordinates":[[[[-87.66250144148496,41.785877419954645],[-87.66250294575491,41.785908988068556],[-87.66242958741655,41.78591130396889],[-87.66242441669783,41.78587971444192],[-87.66250144148496,41.785877419954645]]]]},"properties":{"no_stories":"0","suf_dir1":"","x_coord":"1167211.1005491","shape_area":"236.75","year_built":"0","cdb_city_i":"","stories":"0","y_coord":"1865285.06291099","unit_name":"","qc_date":null,"edit_date":null,"non_standa":"","label_hous":"0","st_name1":"","t_add1":"0","z_coord":"0","qc_userid":"","qc_source":"","orig_bldg_":"511109","footprint_":"AERIALS98","st_type1":"","bldg_statu":"ACTIVE","condition_":null,"bldg_name2":"","bldg_activ":"1998-04-01T08:00:00.000Z","edit_useri":"","bldg_sq_fo":"0.0","edit_sourc":"","f_add1":"0","vacancy_st":"","bldg_creat":"1998-04-01T08:00:00.000Z","no_of_unit":"0","bldg_end_d":null,"bldg_id":"511109","create_use":"","demolished":null,"pre_dir1":"","bldg_condi":"","bldg_name1":"","comments":"","shape_len":"64.1570583741","harris_str":""}},{"type":"Feature","geometry":{"type":"MultiPolygon","coordinates":[[[[-87.66370336906301,41.786125929653416],[-87.66371193565739,41.786183609666836],[-87.66362936794361,41.786189989086736],[-87.66362080142255,41.78613230906777],[-87.66370336906301,41.786125929653416]]]]},"properties":{"no_stories":"0","suf_dir1":"","x_coord":"1166882.47321352","shape_area":"478.75","year_built":"0","cdb_city_i":"","stories":"0","y_coord":"1865379.24192333","unit_name":"","qc_date":null,"edit_date":null,"non_standa":"","label_hous":"0","st_name1":"","t_add1":"0","z_coord":"0","qc_userid":"","qc_source":"","orig_bldg_":"510261","footprint_":"AERIALS98","st_type1":"","bldg_statu":"ACTIVE","condition_":null,"bldg_name2":"","bldg_activ":"1998-04-01T08:00:00.000Z","edit_useri":"","bldg_sq_fo":"0.0","edit_sourc":"","f_add1":"0","vacancy_st":"","bldg_creat":"1998-04-01T08:00:00.000Z","no_of_unit":"0","bldg_end_d":null,"bldg_id":"510261","create_use":"","demolished":null,"pre_dir1":"","bldg_condi":"","bldg_name1":"","comments":"","shape_len":"87.5734976558","harris_str":""}},{"type":"Feature","geometry":{"type":"MultiPolygon","coordinates":[[[[-87.66232069834057,41.78615628191377],[-87.6623238068637,41.78620981371399],[-87.66210559266597,41.78621402751233],[-87.66210410289766,41.78618108733518],[-87.66211876890445,41.786181173025355],[-87.66211709308031,41.78616606964227],[-87.66212266438856,41.786159241470244],[-87.66232069834057,41.78615628191377]]]]},"properties":{"no_stories":"0","suf_dir1":"","x_coord":"1167278.78254443","shape_area":"1138.5","year_built":"1904","cdb_city_i":"","stories":"3","y_coord":"1865392.11846653","unit_name":"","qc_date":"2003-06-16T07:00:00.000Z","edit_date":null,"non_standa":"","label_hous":"5918","st_name1":"LAFLIN","t_add1":"5918","z_coord":"0","qc_userid":"DS06284","qc_source":"PARCELS","orig_bldg_":"510149","footprint_":"AERIALS98","st_type1":"ST","bldg_statu":"ACTIVE","condition_":"2001-12-01T08:00:00.000Z","bldg_name2":"","bldg_activ":"1998-04-01T08:00:00.000Z","edit_useri":"","bldg_sq_fo":"1908.0","edit_sourc":"","f_add1":"5918","vacancy_st":"","bldg_creat":"1998-04-01T08:00:00.000Z","no_of_unit":"3","bldg_end_d":null,"bldg_id":"510149","create_use":"","demolished":null,"pre_dir1":"S","bldg_condi":"NEEDS MINOR REPAIR","bldg_name1":"","comments":"","shape_len":"157.528626067","harris_str":"02017301030000"}}], "crs" : { "type": "name", "properties": { "name": "urn:ogc:def:crs:OGC:1.3:CRS84" } } }